Item,Q4 2003,Q4 2004,Q4 2005,Q1 2006,Q2 2006,Q3 2006,Q4 2006,Q1 2007,Q2 2007,Q3 2007,Q4 2007,Q1 2008,Q2 2008,Q3 2008,Q4 2008,Q1 2009,Q2 2009,Q3 2009,Q4 2009,Q1 2010,Q2 2010,Q3 2010,Q4 2010,Q1 2011,Q2 2011,Q3 2011,Q4 2011,Q1 2012,Q2 2012,Q3 2012,Q4 2012,Q1 2013,Q2 2013,Q3 2013,Q4 2013,Q1 2014,Q2 2014,Q3 2014,Q4 2014,Q1 2015,Q2 2015,Q3 2015,Q4 2015,Q1 2016,Q2 2016,Q3 2016,Q4 2016,Q1 2017,Q2 2017,Q3 2017,Q4 2017,Q1 2018,Q2 2018,Q3 2018,Q4 2018,Q1 2019,Q2 2019,Q3 2019,Q4 2019,Q1 2020,Q2 2020,Q3 2020,Q4 2020,Q1 2021,Q2 2021,Q3 2021,Q4 2021,Q1 2022,Q2 2022,Q3 2022,Q4 2022,Q1 2023,Q2 2023,Q3 2023
TÀI SẢN,,,,,,,,,,,,,,,,,,,,,,,,,,,,,,,,,,,,,,,,,,,,,,,,,,,,,,,,,,,,,,,,,,,,,,,,,,
A. Tài sản lưu động và đầu tư ngắn hạn,2101405629848.0,1769506478546.0,2900222974202.0,2484672780620.0,3001994560592.0,2693286823504.0,1950825000000.0,1955977000000.0,2432490458171.0,2746772970385.0,3019313000000.0,3321608882145.0,3578980133281.0,3517637057348.0,3396042090671.0,3301808001281.0,4047900505389.0,4143509745838.0,5118618135307.0,5530123703575.0,6383972078253.0,5242473167935.0,5919802789330.0,7327494010108.0,9519928589713.0,8979083971263.0,9467682996094.0,10079372759107.0,10140518022705.0,8758053279580.0,11080537816712.0,11885819757336.0,12077326003950.0,11634196616736.0,13018930127438.0,13566719604936.0,13778291683771.0,12808828895655.0,15522309519016.0,16640748752812.0,16603153127894.0,15029826360314.0,16731875433624.0,18004264892914.0,19513524046623.0,17322793032464.0,18673827685789.0,20171593469610.0,20677934235834.0,18889319053176.0,20307434789529.0,19974838548267.0,20818678622022.0,18360115898846.0,20559756794837.0,22040432596172.0,22089274019449.0,22146344620561.0,24721565376552.0,26461638721175.0,30073376341979.0,31541319633765.0,29665725805058.0,32834546632146.0,35042535233833.0,34446542339559.0,36109910649785.0,35452395671778.0,36871285863860.0,34373292456500.0,31560382174201.0,32394853632375.0,33403479517290.0,37680161943052.0
I. Tiền và các khoản tương đương tiền,692592428783.0,515695160594.0,1012303572223.0,488523311113.0,124226111319.0,172883401838.0,156495000000.0,205989000000.0,164375573137.0,456487682796.0,113527000000.0,152146349244.0,286908723316.0,566925462241.0,340633634582.0,1000059805331.0,875810906593.0,217638372110.0,426134657958.0,220682266115.0,462160742775.0,289370283076.0,263472368080.0,223197137439.0,192747971783.0,1986287919135.0,3156515396990.0,2983283071409.0,2143732190431.0,555133933126.0,1252120160804.0,1633381902213.0,812485229333.0,1684436360678.0,2745645325950.0,1193310867797.0,1219936043702.0,670329547281.0,1527875428216.0,1227505962892.0,1854221704170.0,1409857423245.0,1358682600684.0,1228329938789.0,3059808166107.0,772572092518.0,655423095436.0,2216760721249.0,590906789944.0,668414723359.0,963335914164.0,563392699177.0,1343435279374.0,630784664818.0,1522610167671.0,1209154406312.0,1676491290318.0,1043473767363.0,2665194638452.0,1379711866875.0,2176667357252.0,2335881481579.0,2111242815581.0,1197956795582.0,1663036014269.0,2051857098275.0,2348551874348.0,1680858133124.0,4507497088287.0,2867857717514.0,2299943527624.0,2011202511723.0,1582506692207.0,6875567986039.0
1. Tiền,692592428783.0,950834594.0,130303572223.0,98523311113.0,124226111319.0,,,,163675573137.0,156487682796.0,,152146349244.0,146908713316.0,156925462241.0,132976253257.0,161178805331.0,195001906593.0,216218372110.0,376134657958.0,220682266115.0,260160742775.0,287870283076.0,249472368080.0,171197137439.0,192747971783.0,466287919135.0,790515396990.0,871183071409.0,745732190431.0,555133933126.0,852120160804.0,773381902213.0,727485229333.0,524436360678.0,1394534283673.0,517820867797.0,689911851239.0,639329547281.0,993333794600.0,946150962892.0,563457704170.0,1219107423245.0,1212517600684.0,1223829938789.0,1007308166107.0,763572092518.0,599923095436.0,518760721249.0,558406789944.0,628414723359.0,834435914164.0,513392699177.0,808435279374.0,545784664818.0,1072610167671.0,1029154406312.0,826491290318.0,987873767363.0,2378583764655.0,1028411866875.0,2044667357252.0,995896481579.0,863853260384.0,869981048166.0,1261476873446.0,1432929886920.0,1187350251579.0,906974752516.0,1200418415119.0,1904312680816.0,1327429518437.0,925091957178.0,791780310675.0,4244364731244.0
2. Các khoản tương đương tiền,0.0,514744326000.0,882000000000.0,390000000000.0,0.0,,,,700000000.0,300000000000.0,,0.0,140000000000.0,410000000000.0,207657381325.0,838881000000.0,680809000000.0,1420000000.0,50000000000.0,0.0,202000000000.0,1500000000.0,14000000000.0,52000000000.0,0.0,1520000000000.0,2366000000000.0,2112100000000.0,1398000000000.0,0.0,400000000000.0,860000000000.0,85000000000.0,1160000000000.0,1351111042277.0,675490000000.0,530024192463.0,31000000000.0,534541633616.0,281355000000.0,1290764000000.0,190750000000.0,146165000000.0,4500000000.0,2052500000000.0,9000000000.0,55500000000.0,1698000000000.0,32500000000.0,40000000000.0,128900000000.0,50000000000.0,535000000000.0,85000000000.0,450000000000.0,180000000000.0,850000000000.0,55600000000.0,286610873797.0,351300000000.0,132000000000.0,1339985000000.0,1247389555197.0,327975747416.0,401559140823.0,618927211355.0,1161201622769.0,773883380608.0,3307078673168.0,963545036698.0,972514009187.0,1086110554545.0,790726381532.0,2631203254795.0
II. Các khoản đầu tư tài chính ngắn hạn,0.0,292167977233.0,2800000000.0,22200000000.0,162184182600.0,160884182600.0,307130000000.0,313695000000.0,395529662630.0,444951662630.0,300970000000.0,786202870970.0,566833786492.0,626235000592.0,559117398192.0,220717934492.0,984964653192.0,1912401169592.0,2314253566692.0,2401904583092.0,2535265502792.0,1329650960192.0,2092259762292.0,2318112626925.0,3129069564992.0,1215965326492.0,736033188192.0,632275956892.0,931730788492.0,2029334564892.0,3909275954492.0,3926641975882.0,4690836761292.0,3869716691608.0,4167317622318.0,5776073081618.0,5917347091318.0,6010426758526.0,7467962935026.0,8469267785759.0,7856878780812.0,6918871993291.0,8668377936330.0,9305385263665.0,8630483623974.0,8935288386774.0,10453749313471.0,10320085979619.0,11451962635433.0,9791941947414.0,10561714377337.0,9661889566014.0,9210770926165.0,7772300444146.0,8673926951890.0,9666846652579.0,9306531479431.0,10238285848104.0,12435744328964.0,14370288608530.0,16363060738340.0,17872002664622.0,17313679774893.0,19542794237097.0,19971222710510.0,19753142693943.0,21025735779475.0,19832829713819.0,18976163363916.0,19533563143705.0,17414055328683.0,16801331801284.0,19083000543582.0,19012123617176.0
1. Chứng khoán kinh doanh,0.0,292167977233.0,2800000000.0,22200000000.0,162184182600.0,,,,395529662630.0,444951662630.0,,787446736970.0,646589474570.0,705856702070.0,660136452070.0,349200722070.0,1085853081992.0,1992795151992.0,2400760431792.0,2487007911792.0,2621095431792.0,1411282231792.0,2162917431792.0,2390210765125.0,3205277431792.0,1291557431792.0,815277431792.0,707277431792.0,1003902256312.0,2103902256312.0,4039304630112.0,4063170331922.0,4833330632402.0,4013292575718.0,4313292575718.0,5913292575718.0,6063292575718.0,6157271306426.0,7607171306426.0,8614466339242.0,676733617318.0,525969373197.0,525980876577.0,525394708812.0,525395173363.0,443111513363.0,443132521486.0,443133010047.0,443132521486.0,443132032925.0,443130811523.0,443134964291.0,443143269828.0,443161346585.0,443154262451.0,443154995292.0,443157926658.0,443154506731.0,1153041048.0,1148118350.0,1129064471.0,1128087349.0,1124178861.0,1123201739.0,1129553032.0,1116850446.0,1119781812.0,1122713178.0,1143965582.0,1173034961.0,1159355253.0,1154469643.0,1160332375.0,1195020206.0
2. Dự phòng giảm giá chứng khoán kinh doanh,0.0,0.0,0.0,0.0,0.0,,,,0.0,0.0,,-1243866000.0,-79755688078.0,-79621701478.0,-101019053878.0,-128482787578.0,-100888428800.0,-80393982400.0,-86506865100.0,-85103328700.0,-85829929000.0,-81631271600.0,-70657669500.0,-72098138200.0,-76207866800.0,-75592105300.0,-79244243600.0,-75001474900.0,-72171467820.0,-74567691420.0,-130028675620.0,-136528356040.0,-142493871110.0,-143575884110.0,-145974953400.0,-137219494100.0,-145945484400.0,-146844547900.0,-139208371400.0,-145198553483.0,-126482836506.0,-71689879906.0,-72195440247.0,-72235445147.0,-71990569389.0,-491146589.0,-500629886.0,-500850428.0,-500629886.0,-500409344.0,-675708019.0,-678242110.0,-683310293.0,-694341044.0,-605728258.0,-606120823.0,-607691084.0,-605859113.0,-840586787.0,-854402660.0,-840223212.0,-839496060.0,-936520806.0,-935706794.0,-940997872.0,-930415716.0,-666201430.0,-667945412.0,-680589288.0,-697883784.0,-689745197.0,-686838559.0,-690326525.0,-710963655.0
3. Đầu tư nắm giữ đến ngày đáo hạn,0.0,0.0,0.0,0.0,0.0,,,,0.0,0.0,,0.0,0.0,0.0,0.0,0.0,0.0,0.0,0.0,0.0,0.0,0.0,0.0,0.0,0.0,0.0,0.0,0.0,0.0,0.0,0.0,0.0,0.0,0.0,0.0,0.0,0.0,0.0,0.0,0.0,7306628000000.0,6464592500000.0,8214592500000.0,8852226000000.0,8177079020000.0,8492668020000.0,10011117421871.0,9877453820000.0,11009330743833.0,9349310323833.0,10119259273833.0,9219432843833.0,8768310966630.0,7329833438605.0,8231378417697.0,9224297778110.0,8863981243857.0,9795737200486.0,12435431874703.0,14369994892840.0,16362771897081.0,17871714073333.0,17313492116838.0,19542606742152.0,19971034155350.0,19752956259213.0,21025282199093.0,19832374946053.0,18975699987622.0,19533087992528.0,17413585718627.0,16800864170200.0,19082530537732.0,19011639560625.0
III. Các khoản phải thu ngắn hạn,807082067782.0,178800222015.0,758519689938.0,769091665365.0,835869433176.0,1023787335417.0,513262000000.0,474596000000.0,608060429937.0,673476825357.0,886737000000.0,715736399378.0,779257383733.0,596449058597.0,646384971761.0,690987759537.0,657549152693.0,734645566240.0,778010643038.0,896725923461.0,969696820155.0,1385642516051.0,1124862162625.0,1503465204011.0,1986035714065.0,2176511993553.0,2169205076812.0,2383895154804.0,2430088289807.0,2400760925119.0,2216290611750.0,2313882601252.0,2412771906031.0,2571043374013.0,2728421414532.0,2589045252214.0,2239065946679.0,2535847162555.0,2771736892079.0,2941878217850.0,3033862672924.0,2984334413825.0,2685469151432.0,3370787460751.0,3367616862575.0,3624417789794.0,2866683958798.0,3607663053640.0,4302765388752.0,4629352818459.0,4591702853157.0,5175991528051.0,5149241546227.0,5460673084444.0,4639447900101.0,5520731708608.0,5391295160818.0,5699702616339.0,4503154728959.0,4711713537853.0,5674690836392.0,5976863349617.0,5187253172150.0,5320350430335.0,6370305908925.0,6118496933219.0,5822028742791.0,6024628344054.0,6040009761668.0,5954158809895.0,6100402870854.0,6619266952011.0,6142392930802.0,5931433000484.0
1. Phải thu ngắn hạn của khách hàng,540787614940.0,85310098924.0,390803692829.0,369437267024.0,645252087015.0,,,,440724275712.0,466277205905.0,,580627132366.0,614168881062.0,431615129362.0,530148996144.0,539585791009.0,520573058101.0,551206553828.0,562103198942.0,578541881212.0,663233010328.0,746369585103.0,587457894727.0,788437860988.0,952103144868.0,978114528580.0,1143168467855.0,1376181804395.0,1574759755571.0,1222011984931.0,1269841759012.0,1178971026407.0,1485966392617.0,1736756164676.0,1894721027784.0,1804178437030.0,1682251662275.0,1804396242964.0,1988614362323.0,2189267481557.0,2362130859829.0,2482633690057.0,2202396055303.0,2838010264223.0,2752012552498.0,2872999713847.0,2191348458582.0,2611281502621.0,3082575426603.0,3669949297662.0,3613981838047.0,4012596156588.0,3743264814054.0,4235883096045.0,3380017354930.0,4251244955578.0,4115244550066.0,4296365444224.0,3474498518959.0,3742853911024.0,4399627020704.0,4609296981692.0,4173563213813.0,3946331935127.0,4603103630069.0,4459917129465.0,4367766482060.0,4593058625517.0,4599132964101.0,4551764192610.0,4633942510271.0,4960431442318.0,4504795196787.0,4432011912404.0
2. Trả trước cho người bán,168919532404.0,63289382689.0,82640654414.0,129380652888.0,134467180121.0,,,,79052537892.0,131130336499.0,,82258358302.0,111195207787.0,97658871489.0,75460561209.0,117115210139.0,112628677367.0,140079955017.0,139983228266.0,174168760742.0,158809715621.0,500663461730.0,354095973554.0,421542341630.0,773869177647.0,960365329376.0,795149182591.0,773152240857.0,640555843972.0,812307839050.0,576619318260.0,751565977402.0,679488450242.0,558597968643.0,423820755014.0,373384383132.0,297206010826.0,440963448155.0,420615080215.0,424014615246.0,279648900195.0,190022426600.0,126289719352.0,230193906487.0,307089250909.0,413219416871.0,288808403942.0,526066497300.0,581862822677.0,576988178408.0,622978664875.0,696320345390.0,985009857695.0,793597136008.0,876158254325.0,824642255092.0,764793333218.0,760510957858.0,576013061394.0,388901000559.0,540579362752.0,475798169117.0,546236562342.0,653239283565.0,976845401593.0,866059864322.0,655822646219.0,656413782366.0,572608294056.0,584122702158.0,589439884812.0,799563355449.0,762802524795.0,633286108202.0
3. Phải thu nội bộ ngắn hạn,0.0,0.0,0.0,0.0,0.0,,,,0.0,0.0,,0.0,0.0,0.0,0.0,0.0,0.0,0.0,0.0,0.0,0.0,0.0,0.0,0.0,0.0,0.0,0.0,0.0,0.0,0.0,0.0,0.0,0.0,0.0,0.0,0.0,0.0,0.0,0.0,0.0,0.0,0.0,0.0,0.0,0.0,0.0,0.0,0.0,0.0,0.0,0.0,0.0,0.0,0.0,0.0,0.0,0.0,0.0,0.0,0.0,0.0,0.0,0.0,0.0,0.0,0.0,0.0,0.0,0.0,0.0,0.0,0.0,0.0,0.0
4. Phải thu theo tiến độ hợp đồng xây dựng,0.0,0.0,0.0,0.0,0.0,,,,0.0,0.0,,0.0,0.0,0.0,0.0,0.0,0.0,0.0,0.0,0.0,0.0,0.0,0.0,0.0,0.0,0.0,0.0,0.0,0.0,0.0,0.0,0.0,0.0,0.0,0.0,0.0,0.0,0.0,0.0,0.0,0.0,0.0,0.0,0.0,0.0,0.0,0.0,0.0,0.0,0.0,0.0,0.0,0.0,0.0,0.0,0.0,0.0,0.0,0.0,0.0,0.0,0.0,0.0,0.0,0.0,0.0,0.0,0.0,0.0,0.0,0.0,0.0,0.0,0.0
5. Phải thu về cho vay ngắn hạn,0.0,0.0,0.0,0.0,0.0,,,,0.0,0.0,,0.0,0.0,0.0,0.0,0.0,0.0,0.0,0.0,0.0,0.0,0.0,0.0,0.0,0.0,0.0,0.0,0.0,0.0,0.0,0.0,0.0,0.0,0.0,0.0,0.0,0.0,0.0,0.0,0.0,0.0,0.0,0.0,0.0,0.0,0.0,0.0,0.0,0.0,0.0,0.0,0.0,0.0,0.0,0.0,0.0,0.0,0.0,31170336327.0,15814336327.0,2948765507.0,22870498078.0,150000000.0,0.0,0.0,0.0,0.0,0.0,0.0,0.0,0.0,0.0,0.0,0.0
6. Phải thu ngắn hạn khác,97374920438.0,34238173991.0,287439619553.0,272638022311.0,58514442898.0,,,,107294635333.0,95214228953.0,,53532906710.0,54875745602.0,67190020876.0,40922794538.0,34434138519.0,24654756073.0,43645256243.0,76587388719.0,144630528753.0,148177369827.0,139251026397.0,183904850455.0,295158975500.0,261323495147.0,239333930229.0,232805433796.0,237477232783.0,218707510260.0,370331200067.0,373682118364.0,389065205042.0,253018970771.0,277634861101.0,417266719643.0,418615624121.0,265780237413.0,296541613793.0,368425283975.0,336114094347.0,399857213747.0,317686724375.0,359995340900.0,305981583267.0,312311669437.0,342023230991.0,390695669694.0,475127900192.0,643421088892.0,390947335364.0,367936323771.0,480653668170.0,430716773111.0,441821582107.0,394535471938.0,455166167369.0,521239061465.0,653341478292.0,438267517904.0,581646262940.0,747652063638.0,885467143906.0,483737475103.0,736497645071.0,805655807367.0,807107394215.0,810697107773.0,787765239170.0,881392879970.0,831844423117.0,890466200571.0,873056716344.0,889077893089.0,880916713917.0
7. Dự phòng phải thu ngắn hạn khó đòi,0.0,-4037433589.0,-2364276858.0,-2364276858.0,-2364276858.0,,,,-19011019000.0,-19144946000.0,,-681998000.0,-982450718.0,-14963130.0,-147380130.0,-147380130.0,-307338848.0,-286198848.0,-663172889.0,-615247246.0,-523275621.0,-641557179.0,-596556111.0,-1673974107.0,-1260103597.0,-1301794632.0,-1918007430.0,-2916123231.0,-3934819996.0,-3890098929.0,-3852583886.0,-5719607599.0,-5701907599.0,-1945620407.0,-7387087909.0,-7133192069.0,-6171963835.0,-6054142357.0,-5917834434.0,-7517973300.0,-7774300847.0,-6008427207.0,-3211964123.0,-3398293226.0,-3796610269.0,-3824571915.0,-4168573420.0,-4812846473.0,-5093949420.0,-8531992975.0,-13193973536.0,-13578642097.0,-9749898633.0,-10628729716.0,-11263181092.0,-10321669431.0,-9981783931.0,-10515264035.0,-16794705625.0,-17501972997.0,-16116376209.0,-16569443176.0,-16434079108.0,-15718433428.0,-15298930104.0,-14587454783.0,-12257493261.0,-12609302999.0,-13124376459.0,-13572507990.0,-13445724800.0,-13784562100.0,-14282683869.0,-14781734039.0
IV. Tổng hàng tồn kho,600326534775.0,778299145282.0,1092949522780.0,1152870668670.0,1807433075603.0,1276774063621.0,918639000000.0,908147000000.0,1183710371858.0,1114789428762.0,1642933000000.0,1638018830629.0,1871942703614.0,1647414940967.0,1796683858145.0,1346421847837.0,1239919773538.0,960643306903.0,1311885735523.0,1738450603360.0,2323499221472.0,2148535046021.0,2351354229902.0,3185278170044.0,4078339438541.0,3469378502568.0,3272495674110.0,3895594802386.0,4316253766478.0,3539650095234.0,3472845352518.0,3763211894998.0,3881704034688.0,3258750181216.0,3217483048888.0,3798942838749.0,4259769334087.0,3535730778418.0,3620107245454.0,3924904956963.0,3784847613344.0,3658427900984.0,3810095215771.0,4029870340727.0,4385254758820.0,3919152564002.0,4521766382352.0,3921381723837.0,4181877412455.0,3674548797478.0,4021058976634.0,4373067721747.0,4885749046820.0,4320172955926.0,5525845959354.0,5353836025138.0,5540929744702.0,4990634977666.0,4983044403917.0,5733793403343.0,5696221872518.0,5246489877728.0,4905068613616.0,6465943104329.0,6842795582767.0,6380809878105.0,6773071634017.0,7665947194796.0,7096208618612.0,5777310525795.0,5537563396117.0,6704642178199.0,6319892419521.0,5697772718120.0
1. Hàng tồn kho,600326534775.0,778299145282.0,1092949522780.0,1152870668670.0,1807433075603.0,,,,1198962957767.0,1128403499093.0,,1644596650194.0,1879545099319.0,1653517599349.0,1810987957968.0,1358873677522.0,1251064333315.0,975042592541.0,1321292673484.0,1746920242425.0,2328856596908.0,2152149756370.0,2355487444817.0,3191467814184.0,4083605246412.0,3474086272683.0,3277429580780.0,3899695120418.0,4320893402295.0,3543932114387.0,3476300517903.0,3767593427362.0,3885037011153.0,3262254673271.0,3227859954432.0,3810158581368.0,4273413117553.0,3549938308880.0,3633231617297.0,3935975905243.0,3795398560285.0,3669875691062.0,3827369319952.0,4044031533401.0,4396134069001.0,3929044077496.0,4538439873598.0,3924949167814.0,4184457799087.0,3676257389070.0,4041302638611.0,4396117740988.0,4901208541928.0,4331976652237.0,5538304348980.0,5370480311055.0,5558042713939.0,5005803992060.0,4996114799978.0,5743959650794.0,5709730898950.0,5260129092778.0,4952848688011.0,6514512235046.0,6876983730958.0,6410434510128.0,6820486391670.0,7709372077826.0,7111593809810.0,5792936495639.0,5560169453504.0,6731269100954.0,6346256682126.0,5723674480049.0
2. Dự phòng giảm giá hàng tồn kho,0.0,0.0,0.0,0.0,0.0,,,,-15252585909.0,-13614070331.0,,-6577819565.0,-7602395705.0,-6102658382.0,-14304099823.0,-12451829685.0,-11144559777.0,-14399285638.0,-9406937961.0,-8469639065.0,-5357375436.0,-3614710349.0,-4133214915.0,-6189644140.0,-5265807871.0,-4707770115.0,-4933906670.0,-4100318032.0,-4639635817.0,-4282019153.0,-3455165385.0,-4381532364.0,-3332976465.0,-3504492055.0,-10376905544.0,-11215742619.0,-13643783466.0,-14207530462.0,-13124371843.0,-11070948280.0,-10550946941.0,-11447790078.0,-17274104181.0,-14161192674.0,-10879310181.0,-9891513494.0,-16673491246.0,-3567443977.0,-2580386632.0,-1708591592.0,-20243661977.0,-23050019241.0,-15459495108.0,-11803696311.0,-12458389626.0,-16644285917.0,-17112969237.0,-15169014394.0,-13070396061.0,-10166247451.0,-13509026432.0,-13639215050.0,-47780074395.0,-48569130717.0,-34188148191.0,-29624632023.0,-47414757653.0,-43424883030.0,-15385191198.0,-15625969844.0,-22606057387.0,-26626922755.0,-26364262605.0,-25901761929.0
V. Tài sản ngắn hạn khác,1404598508.0,4543973422.0,33650189261.0,51987135472.0,72281757894.0,58957840028.0,55299000000.0,53547000000.0,80814420609.0,57067370840.0,75146000000.0,29504431924.0,74037546126.0,80612594951.0,53222227991.0,43620654084.0,289656019373.0,318181330993.0,288333532096.0,272360327547.0,93349791059.0,89274362595.0,87854266431.0,97440871689.0,133735900332.0,130940229515.0,133433659990.0,184323773616.0,318712987497.0,233173761209.0,230005737148.0,248701382991.0,279528072606.0,250250009221.0,160062715750.0,209347564558.0,142173267985.0,56494648875.0,134627018241.0,77191829348.0,73342356644.0,58334628969.0,209250529407.0,69891888982.0,70360635147.0,71362199376.0,176204935732.0,105701991265.0,150422009250.0,125060766466.0,169622668237.0,200497033278.0,229481823436.0,176184749512.0,197925815821.0,289863803535.0,174026344180.0,174247411089.0,134427276260.0,266131304574.0,162735537477.0,110082260219.0,148481428818.0,307502064803.0,195175017362.0,142235736017.0,140522619154.0,248132285985.0,251407031377.0,240402259591.0,208417050923.0,258410189158.0,275686931178.0,163264621233.0
1. Chi phí trả trước ngắn hạn,1404598508.0,653543643.0,7150159945.0,28179072501.0,37001253649.0,,,,23578738654.0,19527480893.0,,18433373415.0,48955303862.0,68441886112.0,31459932494.0,33611041167.0,50857659510.0,59176609093.0,21986072192.0,36233225289.0,55575662206.0,51658403800.0,38595473073.0,45504168492.0,86539518877.0,75708693070.0,56909099519.0,51223606413.0,83390393636.0,77169886755.0,72343567654.0,94138118086.0,108170508111.0,108367562365.0,129708362747.0,115370692193.0,61300020920.0,39230346049.0,115703239463.0,52163110450.0,58365888691.0,48337495676.0,156056494506.0,60821692015.0,60103330402.0,56603353889.0,59288353847.0,64217566864.0,78823671935.0,55525383257.0,51933181113.0,57771874223.0,87674648775.0,92431366027.0,54821120257.0,195901073135.0,73682616065.0,105004011500.0,68634341838.0,191908873075.0,82921568374.0,59119841358.0,57414707597.0,202707221650.0,106404763709.0,74707575214.0,57272673101.0,90468078225.0,89010262006.0,151723233852.0,97570693043.0,117728696511.0,101959527803.0,76718813343.0
2. Thuế giá trị gia tăng được khấu trừ,0.0,0.0,0.0,0.0,8057243988.0,,,,29657686380.0,5633453560.0,,3691210216.0,19531711566.0,4236214956.0,19195984660.0,6506890139.0,9441837610.0,27340776075.0,37362240286.0,38977050933.0,29923559921.0,33412365524.0,16933368421.0,48440007575.0,43914954358.0,53109878331.0,74772661634.0,130786397109.0,233278321426.0,154130657509.0,154118437302.0,152511877995.0,169557811981.0,139872303187.0,25468115542.0,36355571376.0,31537060993.0,10585212040.0,13465035833.0,24957834292.0,14973662295.0,9994969797.0,53192367873.0,9069280277.0,10088409785.0,14335869351.0,116835557323.0,41484089983.0,71598042492.0,69495374994.0,117132711139.0,142262843991.0,141344859597.0,83291068421.0,142642380500.0,93500415336.0,100343728115.0,69243399589.0,60875991566.0,70282162639.0,77702216302.0,47699615605.0,37158670216.0,76794258117.0,82825397969.0,65290639803.0,79012114725.0,153523533888.0,158329593148.0,85520173902.0,89204099539.0,137165895547.0,170046962517.0,79806650784.0
3. Thuế và các khoản phải thu Nhà nước,0.0,0.0,26500029316.0,23808062971.0,23808062971.0,,,,24402820775.0,23808062971.0,,585996047.0,253473520.0,372082718.0,0.0,3625068.0,226000000000.0,226000000000.0,226000000000.0,193569624181.0,3942194521.0,0.0,0.0,0.0,0.0,0.0,0.0,0.0,0.0,0.0,0.0,0.0,0.0,0.0,5362800.0,0.0,0.0,0.0,16204115.0,70884606.0,2805658.0,2163496.0,1667028.0,916690.0,168894960.0,422976136.0,81024562.0,334418.0,294823.0,40008215.0,556775985.0,462315064.0,462315064.0,462315064.0,462315064.0,462315064.0,0.0,0.0,0.0,3940268860.0,2111752801.0,3262803256.0,53908051005.0,28000585036.0,5944855684.0,2237521000.0,4237831328.0,4140673872.0,4067176223.0,3158851837.0,21642258341.0,3515597100.0,3680440858.0,6739157106.0
4. Giao dịch mua bán lại trái phiếu chính phủ,0.0,0.0,0.0,0.0,0.0,,,,0.0,0.0,,0.0,0.0,0.0,0.0,0.0,0.0,0.0,0.0,0.0,0.0,0.0,0.0,0.0,0.0,0.0,0.0,0.0,0.0,0.0,0.0,0.0,0.0,0.0,0.0,0.0,0.0,0.0,0.0,0.0,0.0,0.0,0.0,0.0,0.0,0.0,0.0,0.0,0.0,0.0,0.0,0.0,0.0,0.0,0.0,0.0,0.0,0.0,4916942856.0,0.0,0.0,0.0,0.0,0.0,0.0,0.0,0.0,0.0,0.0,0.0,0.0,0.0,0.0,0.0
5. Tài sản ngắn hạn khác,0.0,3890429779.0,0.0,0.0,3415197286.0,,,,3175174800.0,8098373416.0,,6793852246.0,5297057178.0,7562411165.0,2566310837.0,3499097710.0,3356522253.0,5663945825.0,2985219618.0,3580427144.0,3908374411.0,4203593271.0,32325424937.0,3496695622.0,3281427097.0,2121658114.0,1751898837.0,2313770094.0,2044272435.0,1873216945.0,3543732192.0,2051386910.0,1799752514.0,2010143669.0,4880874661.0,57621300989.0,49336186072.0,6679090786.0,5442538830.0,0.0,0.0,0.0,0.0,0.0,0.0,0.0,0.0,0.0,0.0,0.0,0.0,0.0,0.0,0.0,0.0,0.0,0.0,0.0,0.0,0.0,0.0,0.0,0.0,0.0,0.0,0.0,0.0,0.0,0.0,0.0,0.0,0.0,0.0,0.0
B. Tài sản cố định và đầu tư dài hạn,530164965484.0,785201894504.0,949557655063.0,1521112930169.0,1082240090057.0,1293466923155.0,1612832000000.0,2844613000000.0,2703685500813.0,2498575823920.0,2325412000000.0,2682975057987.0,2564780559031.0,2415503122766.0,2537372954228.0,2803671999464.0,2792088325413.0,3347780530488.0,3412443847758.0,3490958659135.0,4292866040849.0,4649813578654.0,4853229506530.0,4952997747577.0,5179489444400.0,5356819067851.0,6114988554657.0,7278234838556.0,7981748979178.0,8327691411772.0,8587258231415.0,8703020109674.0,9037212764812.0,9025317926360.0,9856483929198.0,9697630589886.0,9955953497083.0,11098774021552.0,10247828541941.0,10362315602001.0,10620508562705.0,10929142925003.0,10746300510728.0,11064570661598.0,10284477152156.0,10333927709677.0,10704828639675.0,10896951173774.0,11277097882461.0,12706395888018.0,14359884047968.0,15353880667803.0,15364851440316.0,15666315495522.0,16806351859342.0,16264829196683.0,18097201646002.0,17955508227195.0,19978308009482.0,19612088297814.0,19523433604246.0,18855137883156.0,18766754868571.0,18216664248505.0,18004133795359.0,17621216868681.0,17222492788434.0,17543132559393.0,16970890135803.0,16826610965664.0,16922282062019.0,16869931859724.0,17565302240360.0,17287274060546.0
I. Các khoản phải thu dài hạn,0.0,0.0,4017602752.0,4145341147.0,4174636247.0,780000000.0,860000000.0,920000000.0,0.0,632000000.0,763000000.0,67025000.0,187400000.0,297800000.0,474494723.0,64273723.0,58852723.0,2963348920.0,8822112758.0,40304693.0,34883693.0,29462693.0,23624693.0,18203693.0,10098161.0,0.0,0.0,0.0,0.0,0.0,0.0,0.0,0.0,0.0,736666667.0,4143542668.0,3698683669.0,6442492670.0,7395303671.0,23926755438.0,22808870369.0,21993460767.0,20898388770.0,18573681773.0,17690830099.0,22147897481.0,21855008176.0,21070538505.0,19780696526.0,18620553950.0,53774889824.0,96477283441.0,114094900047.0,116065795456.0,88443241642.0,87554893706.0,67351671984.0,20264171506.0,21169968995.0,19717282895.0,19451127295.0,18819937295.0,19974111715.0,19949209715.0,25326572715.0,25407409661.0,16695104495.0,16713810495.0,16283088695.0,16641153195.0,38422722715.0,38388850315.0,16225171701.0,16146741451.0
1. Phải thu dài hạn của khách hàng,0.0,0.0,0.0,0.0,0.0,,,,0.0,0.0,,0.0,0.0,0.0,0.0,0.0,0.0,0.0,0.0,0.0,0.0,0.0,0.0,0.0,0.0,0.0,0.0,0.0,0.0,0.0,0.0,0.0,0.0,0.0,0.0,0.0,0.0,0.0,0.0,0.0,0.0,0.0,0.0,0.0,0.0,0.0,0.0,0.0,0.0,0.0,29973948684.0,72629594765.0,91646857680.0,93126322660.0,67658410631.0,67547427662.0,46423211940.0,0.0,0.0,0.0,123328000.0,0.0,0.0,0.0,0.0,0.0,0.0,0.0,0.0,0.0,0.0,0.0,0.0,0.0
2. Vốn kinh doanh tại các đơn vị trực thuộc,0.0,0.0,0.0,0.0,0.0,,,,0.0,0.0,,0.0,0.0,0.0,0.0,0.0,0.0,0.0,0.0,0.0,0.0,0.0,0.0,0.0,0.0,0.0,0.0,0.0,0.0,0.0,0.0,0.0,0.0,0.0,0.0,0.0,0.0,0.0,0.0,0.0,0.0,0.0,0.0,0.0,0.0,0.0,0.0,0.0,0.0,0.0,0.0,0.0,0.0,0.0,0.0,0.0,0.0,0.0,0.0,0.0,0.0,0.0,0.0,0.0,0.0,0.0,0.0,0.0,0.0,0.0,0.0,0.0,0.0,0.0
3. Phải thu dài hạn nội bộ,0.0,0.0,0.0,0.0,0.0,,,,0.0,0.0,,0.0,0.0,0.0,0.0,0.0,0.0,0.0,0.0,0.0,0.0,0.0,0.0,0.0,0.0,0.0,0.0,0.0,0.0,0.0,0.0,0.0,0.0,0.0,0.0,0.0,0.0,0.0,0.0,0.0,0.0,0.0,0.0,0.0,0.0,0.0,0.0,0.0,0.0,0.0,0.0,0.0,0.0,0.0,0.0,0.0,0.0,0.0,0.0,0.0,0.0,0.0,0.0,0.0,0.0,0.0,0.0,0.0,0.0,0.0,0.0,0.0,0.0,0.0
4. Phải thu về cho vay dài hạn,0.0,0.0,0.0,0.0,0.0,,,,0.0,0.0,,0.0,0.0,0.0,0.0,0.0,0.0,0.0,0.0,0.0,0.0,0.0,0.0,0.0,0.0,0.0,0.0,0.0,0.0,0.0,0.0,0.0,0.0,0.0,0.0,0.0,0.0,0.0,0.0,0.0,8101164343.0,6830412346.0,5573700349.0,4302948352.0,3041322678.0,7658734060.0,7245908762.0,6456333502.0,5102571597.0,3944320000.0,5373558222.0,5395040000.0,3702337981.0,4043428184.0,3143509548.0,2434285049.0,1787293049.0,1148421511.0,545312000.0,308320000.0,0.0,0.0,0.0,0.0,0.0,0.0,0.0,0.0,0.0,0.0,0.0,0.0,0.0,0.0
5. Phải thu dài hạn khác,0.0,0.0,4017602752.0,4145341147.0,4174636247.0,,,,0.0,632000000.0,,67025000.0,187400000.0,297800000.0,474494723.0,64273723.0,58852723.0,2963348920.0,8822112758.0,40304693.0,34883693.0,29462693.0,23624693.0,18203693.0,10098161.0,0.0,0.0,0.0,0.0,0.0,0.0,0.0,0.0,0.0,736666667.0,4143542668.0,3698683669.0,6442492670.0,7395303671.0,23926755438.0,14707706026.0,15163048421.0,15324688421.0,14270733421.0,14649507421.0,14489163421.0,14609099414.0,14614205003.0,14678124929.0,14676233950.0,18427382918.0,18452648676.0,18745704386.0,18896044612.0,17641321463.0,17573180995.0,19141166995.0,19115749995.0,20624656995.0,19408962895.0,19327799295.0,18819937295.0,19974111715.0,19949209715.0,25326572715.0,25407409661.0,16695104495.0,16713810495.0,16283088695.0,16641153195.0,38422722715.0,38388850315.0,16225171701.0,16146741451.0
6. Dự phòng phải thu dài hạn khó đòi,0.0,0.0,0.0,0.0,0.0,,,,0.0,0.0,,0.0,0.0,0.0,0.0,0.0,0.0,0.0,0.0,0.0,0.0,0.0,0.0,0.0,0.0,0.0,0.0,0.0,0.0,0.0,0.0,0.0,0.0,0.0,0.0,0.0,0.0,0.0,0.0,0.0,0.0,0.0,0.0,0.0,0.0,0.0,0.0,0.0,0.0,0.0,0.0,0.0,0.0,0.0,0.0,0.0,0.0,0.0,0.0,0.0,0.0,0.0,0.0,0.0,0.0,0.0,0.0,0.0,0.0,0.0,0.0,0.0,0.0,0.0
II. Tài sản cố định,226260941844.0,419249968561.0,568053589699.0,681594292387.0,682160157678.0,686619071218.0,755802000000.0,768791000000.0,847690893863.0,863056975622.0,920592000000.0,1029518210590.0,1173499688885.0,1485584589618.0,1580054754966.0,1569343988560.0,1646168625870.0,1827824575723.0,1874824132896.0,1981392559503.0,2192935639780.0,2447042276292.0,2763289341860.0,3222885881261.0,3260651155300.0,3383492310986.0,3749674631985.0,3814193989532.0,4145703093295.0,4428133970343.0,4477059115159.0,4763322215942.0,6344821408872.0,7941856365116.0,8380544184751.0,8379852476399.0,8322357929830.0,8127802595664.0,8086395812459.0,8045671470354.0,8011367202666.0,7840654962033.0,8214134749497.0,8196789228697.0,8228199584200.0,8135810558610.0,8321053086713.0,8261100271418.0,8135159827888.0,8273741711305.0,10609309098847.0,10565776062783.0,11094916871141.0,11621555848270.0,13365353599098.0,13090571280454.0,13210637069720.0,13406776090507.0,14893540216703.0,14589591346307.0,14315882350284.0,13954302484978.0,13853807867036.0,13581563074872.0,13223395767565.0,13058194375719.0,12706598557849.0,12453688352626.0,12266369373175.0,11989258352342.0,11903207642940.0,11893893630404.0,11821447407199.0,12056272942904.0
1. Tài sản cố định hữu hình,217917143391.0,410906249154.0,558790114303.0,672454648615.0,673061245045.0,677296029122.0,746661000000.0,749457000000.0,825717681339.0,841925978051.0,899877000000.0,1010290088106.0,1119326419304.0,1434681306225.0,1529186585828.0,1522022691789.0,1600266166665.0,1784963154669.0,1835582772013.0,1864653321079.0,2076308632855.0,2309662914511.0,2589894051885.0,3047025311755.0,3002508984923.0,3127501884848.0,3493628542454.0,3558585737099.0,3892323861151.0,4173027730107.0,4223443459603.0,4555504342815.0,6071619014892.0,7643928137424.0,7849058771126.0,7852349754248.0,7781941594915.0,7591004807888.0,7548188780138.0,7501601926003.0,7611109388209.0,7436920145689.0,7795345501520.0,7784608836970.0,7820617310152.0,7732789990245.0,7916322992944.0,7859578010941.0,7734784519400.0,7967325768346.0,10290516618864.0,10250026118711.0,10779725856986.0,11306557219755.0,13047771431436.0,12772087510017.0,12895930014991.0,12832612333143.0,13743909618601.0,13450030775841.0,13193230198456.0,12845510806937.0,12717306878414.0,12450177265747.0,12101578863690.0,11959423940585.0,11620094589519.0,11378773254293.0,11200238179519.0,10927659925913.0,10860366507422.0,10864998414142.0,10802567246768.0,11042989736407.0
Nguyên giá,772153263106.0,1040446669527.0,1285280478952.0,1422120537303.0,1448027528539.0,,,,1701411189353.0,1744840213652.0,,1984050586219.0,2123077145556.0,2477341589315.0,2618637470902.0,2660766010422.0,2789924843351.0,3029780671442.0,3135506309723.0,3222688906539.0,3491979179660.0,3751801849122.0,4113300629871.0,4647650978956.0,4660013288085.0,4856159256246.0,5301826836260.0,5480104780547.0,5928571833231.0,6332575836431.0,6512875316427.0,6984387781642.0,8616265249765.0,10392194645686.0,11147267493199.0,11391139705436.0,11566765240349.0,11616152919463.0,11782649084362.0,11998660210132.0,12383742381612.0,12479964675966.0,13059721039709.0,13318044935151.0,13628808085032.0,13790635505577.0,14257738667127.0,14484383728488.0,14650938464344.0,15015187195965.0,18917435800484.0,19080994281400.0,19909514843023.0,20784013563357.0,22952360450312.0,23103938437323.0,23714622321304.0,24088813907105.0,26227436154249.0,26435499204338.0,26613820855138.0,26739531744350.0,27037635338368.0,27147859170256.0,27260064227531.0,27532573541093.0,27645343065556.0,27842021294503.0,28022262768788.0,28183527477806.0,28502157270867.0,28960706407353.0,29336864077944.0,30026687876144.0
Giá trị hao mòn lũy kế,-554236119715.0,-629540420373.0,-726490364649.0,-749665888688.0,-774966283494.0,,,,-875693508014.0,-902914235601.0,,-956199346991.0,-1003750726252.0,-1042660283090.0,-1089450885074.0,-1138743318633.0,-1189658676686.0,-1244817516773.0,-1299923537710.0,-1358035585460.0,-1415670546805.0,-1442138934611.0,-1523406577986.0,-1600625667201.0,-1657504303162.0,-1728657371398.0,-1808198293806.0,-1921519043448.0,-2036247972080.0,-2159548106324.0,-2289431856824.0,-2428883438827.0,-2544646234873.0,-2748266508262.0,-3298208722073.0,-3538789951188.0,-3784823645434.0,-4025148111575.0,-4234460304224.0,-4497058284129.0,-4772632993403.0,-5043044530277.0,-5264375538189.0,-5533436098181.0,-5808190774880.0,-6057845515332.0,-6341415674183.0,-6624805717547.0,-6916153944944.0,-7047861427619.0,-8626919181620.0,-8830968162689.0,-9129788986037.0,-9477456343602.0,-9904589018876.0,-10331850927306.0,-10818692306313.0,-11256201573962.0,-12483526535648.0,-12985468428497.0,-13420590656682.0,-13894020937413.0,-14320328459954.0,-14697681904509.0,-15158485363841.0,-15573149600508.0,-16025248476037.0,-16463248040210.0,-16822024589269.0,-17255867551893.0,-17641790763445.0,-18095707993211.0,-18534296831176.0,-18983698139737.0
2. Tài sản cố định thuê tài chính,0.0,0.0,0.0,0.0,0.0,0.0,0.0,0.0,0.0,0.0,0.0,0.0,0.0,0.0,0.0,0.0,0.0,0.0,0.0,0.0,0.0,0.0,0.0,0.0,0.0,0.0,0.0,0.0,0.0,0.0,0.0,0.0,0.0,0.0,0.0,0.0,0.0,0.0,0.0,0.0,0.0,0.0,0.0,0.0,0.0,0.0,0.0,0.0,0.0,0.0,0.0,0.0,0.0,0.0,0.0,4393411643.0,4112238529.0,3862308710.0,0.0,0.0,0.0,0.0,0.0,0.0,0.0,0.0,0.0,0.0,0.0,0.0,0.0,0.0,0.0,0.0
Nguyên giá,0.0,0.0,0.0,0.0,0.0,0.0,0.0,0.0,0.0,0.0,0.0,0.0,0.0,0.0,0.0,0.0,0.0,0.0,0.0,0.0,0.0,0.0,0.0,0.0,0.0,0.0,0.0,0.0,0.0,0.0,0.0,0.0,0.0,0.0,0.0,0.0,0.0,0.0,0.0,0.0,0.0,0.0,0.0,0.0,0.0,0.0,0.0,0.0,0.0,0.0,0.0,0.0,0.0,0.0,0.0,4752709688.0,4765022408.0,4750657569.0,0.0,0.0,0.0,0.0,0.0,0.0,0.0,0.0,0.0,0.0,0.0,0.0,0.0,0.0,0.0,0.0
Giá trị hao mòn lũy kế,0.0,0.0,0.0,0.0,0.0,0.0,0.0,0.0,0.0,0.0,0.0,0.0,0.0,0.0,0.0,0.0,0.0,0.0,0.0,0.0,0.0,0.0,0.0,0.0,0.0,0.0,0.0,0.0,0.0,0.0,0.0,0.0,0.0,0.0,0.0,0.0,0.0,0.0,0.0,0.0,0.0,0.0,0.0,0.0,0.0,0.0,0.0,0.0,0.0,0.0,0.0,0.0,0.0,0.0,0.0,-359298045.0,-652783879.0,-888348859.0,0.0,0.0,0.0,0.0,0.0,0.0,0.0,0.0,0.0,0.0,0.0,0.0,0.0,0.0,0.0,0.0
3. Tài sản cố định vô hình,8343798453.0,8343719407.0,9263475396.0,9139643772.0,9098912633.0,9323042096.0,9141000000.0,19333000000.0,21973212524.0,21130997571.0,20715000000.0,19228122484.0,54173269581.0,50903283393.0,50868169138.0,47321296771.0,45902459205.0,42861421054.0,39241360883.0,116739238424.0,116627006925.0,137379361781.0,173395289975.0,175860569506.0,258142170377.0,255990426138.0,256046089531.0,255608252433.0,253379232144.0,255106240236.0,253615655556.0,207817873127.0,273202393980.0,297928227692.0,531485413625.0,527502722151.0,540416334915.0,536797787776.0,538207032321.0,544069544351.0,400257814457.0,403734816344.0,418789247977.0,412180391727.0,407582274048.0,403020568365.0,404730093769.0,401522260477.0,400375308488.0,306415942959.0,318792479983.0,315749944072.0,315191014155.0,314998628515.0,317582167662.0,314090358794.0,310594816200.0,570301448654.0,1149630598102.0,1139560570466.0,1122652151828.0,1108791678041.0,1136500988622.0,1131385809125.0,1121816903875.0,1098770435134.0,1086503968330.0,1074915098333.0,1066131193656.0,1061598426429.0,1042841135518.0,1028895216262.0,1018880160431.0,1013283206497.0
Nguyên giá,19991866700.0,19991746700.0,21002808861.0,21014045151.0,21110984671.0,,,,37115335858.0,37759851589.0,,38770913342.0,76025301817.0,76025301817.0,79416077317.0,79416077317.0,81666108997.0,82339659797.0,82339659797.0,168152457797.0,170583100987.0,194002475502.0,263171406266.0,268292622266.0,380509327367.0,380917224867.0,383409370867.0,383903973867.0,383903973867.0,386594477184.0,387180023184.0,310854741760.0,378238074429.0,405897809495.0,690742242273.0,677883442273.0,685428886400.0,685758247882.0,691495740057.0,701879165062.0,523429765927.0,531555906158.0,553684246456.0,551505764780.0,551620421710.0,551768579710.0,557891027713.0,558862684643.0,561832054046.0,453307712601.0,469549338561.0,470662072469.0,464934944961.0,469248251382.0,475569436392.0,476210291788.0,476898233370.0,745122190598.0,1297664982735.0,1302021946086.0,1297490898872.0,1297334120546.0,1338628984267.0,1346625575561.0,1350482900245.0,1340363600323.0,1341664803067.0,1343788237168.0,1349383748267.0,1359301281353.0,1353423614905.0,1352526518798.0,1356137303161.0,1365216709641.0
Giá trị hao mòn lũy kế,-11648068247.0,-11648027293.0,-11739333465.0,-11874401379.0,-12012072038.0,,,,-15142123334.0,-16628854018.0,,-19542790858.0,-21852032236.0,-25122018424.0,-28547908179.0,-32094780546.0,-35763649792.0,-39478238743.0,-43098298914.0,-51413219373.0,-53956094062.0,-56623113721.0,-89776116291.0,-92432052760.0,-122367156990.0,-124926798729.0,-127363281336.0,-128295721434.0,-130524741723.0,-131488236948.0,-133564367628.0,-103036868633.0,-105035680449.0,-107969581803.0,-159256828648.0,-150380720122.0,-145012551485.0,-148960460106.0,-153288707736.0,-157809620711.0,-123171951470.0,-127821089814.0,-134894998479.0,-139325373053.0,-144038147662.0,-148748011345.0,-153160933944.0,-157340424166.0,-161456745558.0,-146891769642.0,-150756858578.0,-154912128397.0,-149743930806.0,-154249622867.0,-157987268730.0,-162119932994.0,-166303417170.0,-174820741944.0,-148034384633.0,-162461375620.0,-174838747044.0,-188542442505.0,-202127995645.0,-215239766436.0,-228665996370.0,-241593165189.0,-255160834737.0,-268873138835.0,-283252554611.0,-297702854924.0,-310582479387.0,-323631302536.0,-337257142730.0,-351933503144.0
III. Bất động sản đầu tư,0.0,0.0,0.0,0.0,0.0,0.0,0.0,,0.0,0.0,0.0,0.0,0.0,0.0,0.0,27489150000.0,27489150000.0,27489150000.0,27489150000.0,90940694722.0,100797423074.0,101718412777.0,100817545211.0,102249903411.0,101290514796.0,100331126181.0,100671287539.0,99682062925.0,98692838311.0,97703613697.0,96714389090.0,111680774334.0,110678109172.0,150662518929.0,149445717001.0,104812739721.0,103600345899.0,104838186590.0,147725868615.0,146446481929.0,145083675523.0,143720869109.0,142368204632.0,141015540134.0,139663405935.0,138317282339.0,136973382326.0,135629558370.0,106784826368.0,105448300706.0,95273270528.0,93715303958.0,93441991719.0,91845096228.0,90248200759.0,88651305268.0,63129101716.0,62573609227.0,62018116736.0,61465607996.0,60913099256.0,60407813571.0,59996974041.0,63050924806.0,62007056833.0,60963188860.0,60049893676.0,59409944887.0,58776096523.0,58142248159.0,57593807783.0,57088071395.0,56582334996.0,56088244686.0
Nguyên giá,0.0,0.0,0.0,0.0,0.0,0.0,0.0,,0.0,0.0,0.0,0.0,0.0,0.0,0.0,27489150000.0,27489150000.0,27489150000.0,27489150000.0,91572806182.0,102237900950.0,104059758223.0,104059758223.0,111800669559.0,111800669559.0,111800669559.0,117666487460.0,117666487460.0,117666487460.0,117666487460.0,117666487460.0,133660209990.0,133660209990.0,176332062888.0,176332062888.0,132849190358.0,132849190358.0,135349190358.0,179594679077.0,179678050557.0,179678050557.0,179678050557.0,179678050557.0,179678050557.0,179678050557.0,179678050557.0,179678050557.0,179678050557.0,152105529077.0,152105529077.0,143340838168.0,143340838168.0,147320450623.0,147320450623.0,147320450623.0,147320450623.0,81481271444.0,81481271444.0,81481271444.0,81481271444.0,81481271444.0,81481271444.0,81481271444.0,98822678885.0,98822678885.0,98822678885.0,98822678885.0,98822678885.0,98822678885.0,98822678885.0,98822678885.0,98822678885.0,98822678885.0,98822678885.0
Giá trị hao mòn lũy kế,0.0,0.0,0.0,0.0,0.0,0.0,0.0,,0.0,0.0,0.0,0.0,0.0,0.0,0.0,0.0,0.0,0.0,0.0,-632111460.0,-1440477876.0,-2341345446.0,-3242213012.0,-9550766148.0,-10510154763.0,-11469543378.0,-16995199921.0,-17984424535.0,-18973649149.0,-19962873763.0,-20952098370.0,-21979435656.0,-22982100818.0,-25669543959.0,-26886345887.0,-28036450637.0,-29248844459.0,-30511003768.0,-31868810462.0,-33231568628.0,-34594375034.0,-35957181448.0,-37309845925.0,-38662510423.0,-40014644622.0,-41360768218.0,-42704668231.0,-44048492187.0,-45320702709.0,-46657228371.0,-48067567640.0,-49625534210.0,-53878458904.0,-55475354395.0,-57072249864.0,-58669145355.0,-18352169728.0,-18907662217.0,-19463154708.0,-20015663448.0,-20568172188.0,-21073457873.0,-21484297403.0,-35771754079.0,-36815622052.0,-37859490025.0,-38772785209.0,-39412733998.0,-40046582362.0,-40680430726.0,-41228871102.0,-41734607490.0,-42240343889.0,-42734434199.0
IV. Tài sản dở dang dài hạn,102263377120.0,139006799024.0,178642807569.0,105522822196.0,122641016717.0,363516057867.0,315997000000.0,313690000000.0,373300613906.0,594827143217.0,598307000000.0,700001945929.0,624850827824.0,353037903993.0,362865344633.0,390585216711.0,432038810929.0,329411331972.0,649705960301.0,657239689114.0,872564949181.0,684390271759.0,665282453729.0,321731361860.0,595159788950.0,886397988973.0,1295087396884.0,2347411233414.0,2970201836370.0,3052033086932.0,3565241433334.0,3405016583653.0,2072921870625.0,417882757435.0,537872350628.0,415336007472.0,499077365539.0,720906524265.0,803688210258.0,932277481348.0,919667884742.0,1164640054820.0,843679104973.0,888170505312.0,705415148451.0,815299719388.0,993111642018.0,1251044210226.0,1761456496776.0,2106277752784.0,1928569256697.0,2333957798072.0,2425259837554.0,2087296764444.0,868245878253.0,1097167668592.0,1396947475014.0,1310466712771.0,943845551903.0,1037746525983.0,1142839397808.0,1259274745737.0,1062633519957.0,1054308307292.0,1268424820998.0,1115082745335.0,1130023695910.0,1191994113675.0,1477040783289.0,1690361095198.0,1805129940386.0,1808138594423.0,1892251651054.0,1536422017821.0
"1. Chi phí sản xuất, kinh doanh dở dang dài hạn",,,,,,,,,,,,,,,,,,,,,,,,,,,,,,,,,,,,,,,,,75877366990.0,69841006074.0,82393992187.0,122091124286.0,73464401056.0,92559104263.0,127671589409.0,79981224080.0,97184725001.0,165960237343.0,181678288317.0,120138963950.0,141955633396.0,201274162054.0,214398200249.0,202518172439.0,253470890161.0,245049020873.0,249633893396.0,220291487919.0,240938106051.0,273199208064.0,268812038616.0,225544282236.0,277613687183.0,297555493205.0,295204758395.0,272479101252.0,292516992291.0,407607938896.0,334547387349.0,268943640043.0,290327036137.0,343358185248.0
2. chi phí xây dựng cơ bản dở dang,,,,,,,,,,,,,,,,,,,,,,,,,,,,,,,,,,,,,,,,,843790517752.0,1094799048746.0,761285112786.0,766079381026.0,631950747395.0,722740615125.0,865440052609.0,1171062986146.0,1664271771775.0,1940317515441.0,1746890968380.0,2213818834122.0,2283304204158.0,1886022602390.0,653847678004.0,894649496153.0,1143476584853.0,1065417691898.0,694211658507.0,817455038064.0,901901291757.0,986075537673.0,793821481341.0,828764025056.0,990811133815.0,817527252130.0,834818937515.0,919515012423.0,1184523790998.0,1282753156302.0,1470582553037.0,1539194954380.0,1601924614917.0,1193063832573.0
V. Các khoản đầu tư tài chính dài hạn,153578950334.0,180971529167.0,117959700000.0,609255000000.0,142116459800.0,103143032800.0,422772000000.0,1644584000000.0,1365729486432.0,922451474885.0,601672000000.0,752483168101.0,553685508638.0,357236527138.0,378647105351.0,556204709351.0,420780078186.0,896884704749.0,602478419946.0,596332553613.0,939228609066.0,1247496746426.0,1141798415275.0,1122378110807.0,1100549500808.0,859193002553.0,846713756424.0,895144342327.0,593698177503.0,592755414215.0,284428762040.0,282888887661.0,285040218673.0,247787187429.0,318308294039.0,328573625510.0,494551977550.0,1598896746815.0,700375068841.0,686532937484.0,704211667763.0,972996475211.0,940365020223.0,1257694829495.0,628470651059.0,621863953896.0,613806560199.0,630414023573.0,649390868930.0,1467781453604.0,555497854952.0,1165579009965.0,572253172131.0,674700748738.0,1068660695119.0,631612251272.0,1953808430503.0,2026569686717.0,986676290429.0,922935784641.0,1074177901960.0,767256144971.0,973440912476.0,766806577828.0,749939570721.0,764478911041.0,743862023831.0,1339527885230.0,750169162022.0,753081870477.0,742670306431.0,755781470427.0,1529822285849.0,1424817180754.0
1. Đầu tư vào công ty con,0.0,0.0,0.0,0.0,300000000.0,,,,54894129576.0,99894129576.0,,13500000000.0,0.0,0.0,0.0,0.0,0.0,0.0,0.0,0.0,0.0,0.0,0.0,0.0,0.0,0.0,0.0,0.0,0.0,0.0,0.0,0.0,0.0,0.0,0.0,0.0,0.0,0.0,0.0,0.0,0.0,0.0,0.0,0.0,0.0,0.0,0.0,0.0,0.0,0.0,0.0,0.0,0.0,0.0,0.0,0.0,0.0,0.0,0.0,0.0,0.0,0.0,0.0,0.0,0.0,0.0,0.0,0.0,0.0,0.0,0.0,0.0,0.0,0.0
"2. Đầu tư vào công ty liên kết, liên doanh",14728534000.0,28661529167.0,15604700000.0,15604700000.0,15604700000.0,,,,117597294326.0,117597294326.0,,106836006801.0,41173507363.0,42843029338.0,23701955551.0,23701955551.0,23701955551.0,23701955551.0,26151955551.0,26151955551.0,35443667097.0,35287729688.0,214232426023.0,213733268225.0,210336004540.0,203085818866.0,205418475253.0,218573877994.0,218777900772.0,216069036461.0,217944646507.0,216679224929.0,221202350349.0,236050431867.0,284629299345.0,294776746554.0,313319111451.0,326568979353.0,325220122483.0,312399549235.0,336761486409.0,415632589278.0,397130670931.0,409109083569.0,426483348951.0,419879455606.0,419909385728.0,436519292920.0,455499302096.0,463893050588.0,481282722569.0,494129576780.0,500797618946.0,503231875554.0,497498739617.0,484891039701.0,1882643775001.0,1955776022297.0,688112587059.0,678593095686.0,684048772653.0,678290520804.0,686485729063.0,677640296870.0,661334533663.0,675883233983.0,661023754422.0,656687455821.0,667313072613.0,670204361068.0,664302778018.0,662417542014.0,651216537436.0,646178772341.0
3. Đầu tư khác vào công cụ vốn,138850416334.0,152310000000.0,102355000000.0,604355000000.0,136916459800.0,,,,1219531661300.0,742566661300.0,,632147161300.0,525941153275.0,351836933800.0,381836933800.0,543755313800.0,514085973800.0,947913553440.0,672731593440.0,656434393800.0,996146073800.0,1315461073800.0,1036146073800.0,1036146073800.0,1036146073800.0,783646073800.0,783646073800.0,783646073800.0,469400773800.0,466052373800.0,80840000000.0,78503484679.0,78503484679.0,26322737046.0,43927626956.0,43912654261.0,191271452425.0,1277336020900.0,380012236959.0,378995773139.0,25722035352.0,25638543749.0,11378476240.0,19471636240.0,19471996240.0,19471996240.0,11387476240.0,11387836240.0,11387476240.0,11387116240.0,82336523394.0,72069307154.0,72075427154.0,72088747153.0,72083527154.0,147642783223.0,72086227154.0,72083707154.0,104537010212.0,104558824212.0,101927899080.0,101927179081.0,101924299081.0,101923579081.0,101928259081.0,101918899081.0,101921059081.0,101923219081.0,101938879081.0,101960299081.0,101950219081.0,101946619081.0,101950939081.0,101976499081.0
4. Dự phòng giảm giá đầu tư tài chính dài hạn,0.0,0.0,0.0,-10704700000.0,10704700000.0,,,,-26293598770.0,-37606610317.0,,0.0,-13429152000.0,-37443436000.0,-26891784000.0,-11252560000.0,-117007851165.0,-74730804242.0,-96405129045.0,-86253795738.0,-92361131831.0,-103252057062.0,-108580084548.0,-127501231218.0,-145932577532.0,-127538890113.0,-142350792629.0,-107075609467.0,-94480497069.0,-89365996046.0,-14355884467.0,-12293821947.0,-14665616355.0,-14585981484.0,-10248632262.0,-10115775305.0,-10038586326.0,-5008253438.0,-4857290601.0,-4862384890.0,-4867853998.0,-4870657816.0,-4740126948.0,-7481890314.0,-7484694132.0,-7487497950.0,-7490301769.0,-7493105587.0,-7495909406.0,-7498713224.0,-8121391011.0,-619873969.0,-619873969.0,-619873969.0,-921571652.0,-921571652.0,-921571652.0,-1290042734.0,-5973306842.0,-10216135257.0,-11798769773.0,-12961554914.0,-14969115668.0,-12757298123.0,0.0,-13323222023.0,0.0,-19082789672.0,-19082789672.0,-19082789672.0,-23582690668.0,-23582690668.0,-23582690668.0,-23582690668.0
5. Đầu tư nắm giữ đến ngày đáo hạn,0.0,0.0,0.0,0.0,,,,,0.0,0.0,,0.0,0.0,0.0,0.0,0.0,0.0,0.0,0.0,0.0,0.0,0.0,0.0,0.0,0.0,0.0,0.0,0.0,0.0,0.0,0.0,0.0,0.0,0.0,0.0,0.0,0.0,0.0,0.0,0.0,346596000000.0,536596000000.0,536596000000.0,836596000000.0,190000000000.0,190000000000.0,190000000000.0,190000000000.0,190000000000.0,1000000000000.0,0.0,600000000000.0,0.0,100000000000.0,500000000000.0,0.0,0.0,0.0,200000000000.0,150000000000.0,300000000000.0,0.0,200000000000.0,0.0,-13323222023.0,0.0,-19082789672.0,600000000000.0,0.0,0.0,0.0,15000000000.0,800237500000.0,700244600000.0
VI. Tổng tài sản dài hạn khác,48061696186.0,45973597752.0,80883955043.0,120595474439.0,131147819615.0,139408761270.0,117401000000.0,116626000000.0,116964506612.0,117608230196.0,204078000000.0,200904708367.0,211133133684.0,219346302017.0,215331254555.0,259984661119.0,265552807705.0,263207419124.0,249124071857.0,165012857490.0,175473543565.0,157608774998.0,162461317098.0,164694491374.0,105404476401.0,111441016405.0,107338146303.0,106760162067.0,158870272639.0,142942852756.0,150152345194.0,131617602196.0,215560470364.0,259241769127.0,295112796930.0,294923636457.0,362797037390.0,374596885496.0,341541338443.0,371344016943.0,665843284286.0,638201606856.0,442510027575.0,424572342278.0,431873479652.0,471914726352.0,494045869781.0,478299962369.0,489723037809.0,624314468654.0,642529578885.0,637424802643.0,617913952077.0,641860218033.0,787060142152.0,747919674667.0,900963753936.0,641481792933.0,704997760721.0,681936346038.0,679019773090.0,687204842253.0,738353477734.0,733823177186.0,739262058527.0,722697318872.0,752255622286.0,730175590899.0,712013799324.0,690273442325.0,807789866602.0,810558496404.0,804275672011.0,814214244187.0
1. Chi phí trả trước dài hạn,48061696186.0,45973597752.0,80883955043.0,117711148189.0,131147819615.0,,,,116859506612.0,117491230196.0,,192137615231.0,191433342432.0,191790642499.0,195512328998.0,194888723948.0,193934851618.0,193105869957.0,194714091558.0,117285445801.0,119460986440.0,94467474757.0,97740813322.0,99180632850.0,33272444035.0,33740404326.0,25598314795.0,20841682409.0,42615023438.0,40271022637.0,41073978122.0,34953110614.0,81691053305.0,109639619818.0,171151838315.0,173300542672.0,196204979134.0,201152715870.0,183505250834.0,210138161691.0,423014863803.0,433048083758.0,417329840261.0,400225367875.0,402464626702.0,439360054201.0,459395057029.0,455688125817.0,463098001910.0,595535113215.0,612134810005.0,605218037493.0,595192603070.0,636060459744.0,750599476304.0,732120606558.0,883586446472.0,624567844983.0,678630479869.0,678291118285.0,672458112694.0,681055051641.0,713499307014.0,719856192649.0,730264994725.0,722697318872.0,725108101375.0,730175590899.0,705958127692.0,690273442325.0,772804663141.0,807403361320.0,804275672011.0,814214244187.0
2. Tài sản Thuế thu nhập hoãn lại,0.0,0.0,0.0,2884326250.0,0.0,,,,0.0,0.0,,8016847896.0,18899546012.0,26533414278.0,18796680317.0,64073691931.0,70595710847.0,69071303927.0,53520933059.0,46838364449.0,55123509885.0,62242253001.0,62865036536.0,64097438524.0,70763612366.0,76654192079.0,80643411508.0,84822059658.0,115158829201.0,101595410119.0,108001947072.0,95588071582.0,132792997059.0,148525729309.0,115300622640.0,113489757810.0,159403167095.0,166249611926.0,150793168409.0,161205855252.0,242828420483.0,205153523098.0,25180187314.0,24346974403.0,29408852950.0,32554672151.0,34650812752.0,22611836552.0,26625035899.0,28779355439.0,30394768880.0,26934241843.0,22721349007.0,5799758289.0,36460665848.0,15799068109.0,17377307464.0,16913947950.0,26367280852.0,3645227753.0,6561660396.0,6149790612.0,24854170720.0,13966984537.0,8997063802.0,0.0,27147520911.0,0.0,6055671632.0,0.0,34985203461.0,3155135084.0,0.0,0.0
3. Tài sản dài hạn khác,0.0,0.0,0.0,0.0,0.0,,,,105000000.0,117000000.0,,750245240.0,800245240.0,1022245240.0,1022245240.0,1022245240.0,1022245240.0,1030245240.0,889047240.0,889047240.0,889047240.0,899047240.0,1855467240.0,1416420000.0,1368420000.0,1046420000.0,1096420000.0,1096420000.0,1096420000.0,1076420000.0,1076420000.0,1076420000.0,1076420000.0,1076420000.0,8660335975.0,8133335975.0,7188891161.0,7194557700.0,7242919200.0,0.0,0.0,0.0,0.0,0.0,0.0,0.0,0.0,0.0,0.0,0.0,0.0,5272523307.0,0.0,0.0,0.0,0.0,0.0,0.0,0.0,0.0,0.0,0.0,0.0,0.0,0.0,0.0,0.0,0.0,0.0,0.0,0.0,0.0,0.0,0.0
VII. Lợi thế thương mại,0.0,0.0,0.0,0.0,0.0,0.0,0.0,,0.0,0.0,0.0,0.0,1424000000.0,0.0,0.0,0.0,0.0,0.0,0.0,0.0,11830992490.0,11527633709.0,19556808664.0,19039795171.0,16423909984.0,15963622753.0,15503335522.0,15043048291.0,14582761060.0,14122473829.0,13662186598.0,8494045888.0,8190687106.0,7887328324.0,174463919182.0,169988561659.0,169870157206.0,165290590052.0,160706939654.0,156116458505.0,151525977356.0,146935496207.0,142345015058.0,137754533909.0,133164052760.0,128573571611.0,123983090462.0,119392609313.0,114802128164.0,110211647015.0,474930098235.0,460950406941.0,446970715647.0,432991024353.0,538340102319.0,521352122724.0,504364143129.0,487376163534.0,2366060103995.0,2298695403954.0,2231149954553.0,2107871914351.0,2058548005612.0,1997162976806.0,1935777948000.0,1874392919193.0,1813007890387.0,1751622861581.0,1690237832775.0,1628852803968.0,1567467775162.0,1506082746356.0,1444697717550.0,1383312688743.0
TỔNG CỘNG TÀI SẢN,2631570595332.0,2554708373050.0,3849780629265.0,4005785710789.0,4084234650649.0,3986753746659.0,3563657000000.0,4800590000000.0,5136175958984.0,5245348794305.0,5344725000000.0,6004583940132.0,6143760692312.0,5933140180114.0,5933415044899.0,6105480000745.0,6839988830802.0,7491290276326.0,8531061983065.0,9021082362710.0,10676838119102.0,9892286746589.0,10773032295860.0,12280491757685.0,14699418034113.0,14335903039114.0,15582671550751.0,17357607597663.0,18122267001883.0,17085744691352.0,19667796048127.0,20588839867010.0,21114538768762.0,20659514543096.0,22875414056636.0,23264350194822.0,23734245180854.0,23907602917207.0,25770138060957.0,27003064354813.0,27223661690599.0,25958969285317.0,27478175944352.0,29068835554512.0,29798001198779.0,27656720742141.0,29378656325464.0,31068544643384.0,31955032118295.0,31595714941194.0,34667318837497.0,35328719216070.0,36183530062338.0,34026431394368.0,37366108654179.0,38305261792855.0,40186475665451.0,40101852847756.0,44699873386034.0,46073727018989.0,49596809946225.0,50396457516921.0,48432480673629.0,51051210880651.0,53046669029192.0,52067759208240.0,53332403438219.0,52995528231171.0,53842175999663.0,51199903422164.0,48482664236220.0,49264785492099.0,50968781757650.0,54967436003598.0
NGUỒN VỐN,,,,,,,,,,,,,,,,,,,,,,,,,,,,,,,,,,,,,,,,,,,,,,,,,,,,,,,0.0,,,,,,,,,,,,,,,,,,,
A. Nợ phải trả,1070782027981.0,739447821414.0,1695863851691.0,1675597903681.0,1695455315555.0,1462972639255.0,892269000000.0,906094000000.0,1268088077500.0,1212247691077.0,1130916000000.0,1365803737735.0,1423670261759.0,1096827698032.0,1462091263204.0,948447871492.0,1178856857907.0,1524361556833.0,2039923186840.0,2130086185091.0,3335695360109.0,2586980524583.0,2808595705578.0,3375341412812.0,3376246017653.0,2796096508289.0,3105466354267.0,3736741201267.0,4257462008609.0,3076514929719.0,4174699452270.0,3717442885609.0,4083065582101.0,3771554208170.0,5307060807329.0,4403591598101.0,5119511114009.0,5662834497211.0,5969901577449.0,5741614197631.0,5951379727175.0,6742179621479.0,6554260196767.0,6195900000302.0,6850659845222.0,6901906900271.0,6972707036879.0,6049114164383.0,7201913619763.0,7567098172016.0,10794261023636.0,9037780154701.0,9647480149806.0,8076222108091.0,11094739362252.0,9382030969362.0,11252755465246.0,12261224601874.0,14968618181670.0,13826962983067.0,17241110573049.0,18704936040491.0,14785358443807.0,17087270259224.0,18671295879023.0,18192841472371.0,17482289188835.0,18018316689141.0,17021656898873.0,17355518040395.0,15666145881135.0,14754559329281.0,14308732050657.0,20964371994291.0
I. Nợ ngắn hạn,957023388658.0,715694743242.0,1651838300441.0,1582359158181.0,1530003648386.0,1375526213502.0,803129000000.0,757969000000.0,1169192780425.0,1101445541792.0,990407000000.0,1235577653719.0,1300417252368.0,1007445529481.0,1315479512684.0,751681436537.0,955956949692.0,1281054902750.0,1783628608345.0,1882322285692.0,2917388573143.0,2433325476052.0,2645012251272.0,3180616801051.0,3232230530103.0,2649498709401.0,2946537015499.0,3577982226404.0,4098349242682.0,2883604075620.0,4114917931040.0,3657763640534.0,4013167930550.0,3701868681483.0,4956397594108.0,4047843509295.0,4624642854725.0,5146485757250.0,5453262931031.0,5227911279864.0,5431901592093.0,6183917147643.0,6004316835213.0,5760854047953.0,6316879862995.0,6370099514142.0,6457497982894.0,5534019542094.0,6712397749306.0,7089478813206.0,10195562827092.0,8441889289285.0,8862722162878.0,7381050047407.0,10639592009462.0,8816669411270.0,10816139387760.0,11924062277981.0,14442851833360.0,13314973420207.0,16681721259498.0,18164145581085.0,14212646285475.0,16532816332955.0,18127021271173.0,17766091926204.0,17068416995519.0,17607914154548.0,16644210900330.0,16983265249980.0,15308423081524.0,14407882880499.0,13742782382772.0,20399327964197.0
1. Vay và nợ thuê tài chính ngắn hạn,7657146000.0,3281634000.0,12463052000.0,9146640000.0,515030607000.0,,,,14963436000.0,312463436000.0,,534743436000.0,477879790417.0,198973436000.0,188221936000.0,9963436000.0,9963436000.0,79669980840.0,13283082682.0,13828919054.0,325211436000.0,331807436000.0,567960000000.0,1035150000000.0,927810000000.0,309420000000.0,0.0,416560000000.0,208280000000.0,0.0,0.0,0.0,0.0,0.0,178943692147.0,178426692076.0,66825762412.0,1273922478239.0,1279525014840.0,922783147378.0,872896438045.0,1358733604316.0,1475358507208.0,1499433453402.0,1365531072109.0,1336465403604.0,1332666200200.0,174251757485.0,108173213914.0,219632623984.0,268102046087.0,1560293768812.0,1797452552318.0,956294678845.0,1060047652329.0,2126083288960.0,3272945064774.0,4188147842196.0,5351461260191.0,6149806942796.0,6189353009901.0,6423212089774.0,7316497078307.0,9247097278828.0,9481532928054.0,9038248667322.0,9382354118118.0,10942647333716.0,9701229190460.0,9405653167691.0,4867129839103.0,6889265980740.0,6128144184250.0,6873932117860.0
2. Vay và nợ dài hạn đến hạn phải trả,0.0,10000000000.0,0.0,0.0,0.0,,,,0.0,0.0,,0.0,0.0,0.0,0.0,0.0,0.0,0.0,0.0,0.0,0.0,0.0,0.0,0.0,0.0,0.0,0.0,0.0,0.0,0.0,0.0,0.0,0.0,0.0,0.0,0.0,0.0,0.0,0.0,0.0,0.0,0.0,0.0,0.0,0.0,0.0,0.0,0.0,0.0,0.0,0.0,0.0,0.0,0.0,0.0,0.0,0.0,0.0,0.0,0.0,0.0,0.0,0.0,0.0,0.0,0.0,0.0,0.0,0.0,0.0,0.0,0.0,0.0,0.0
3. Phải trả người bán ngắn hạn,246750532025.0,206350569353.0,242290894249.0,220779468801.0,337497443113.0,,,,443976647838.0,390826673939.0,,318247653078.0,405473106307.0,387009477875.0,492283207552.0,264619688873.0,369291115126.0,396668929167.0,789866508433.0,773327832434.0,1015155054415.0,990747571250.0,1089416813120.0,1160731082378.0,1189158911786.0,1142047197658.0,1830959100474.0,2120548903906.0,2412079296816.0,1442323438803.0,2217586777551.0,1963663787947.0,2036039250350.0,1703381547568.0,1968257136188.0,2056234730987.0,2354369079371.0,1610917087104.0,1898529392924.0,2069300365671.0,1654335599073.0,2151503377100.0,2193602809261.0,1432404584830.0,1614759792924.0,1642187213616.0,2561910262979.0,2403605166199.0,3209832429063.0,3337496477286.0,3965691123157.0,3650373938077.0,3819958740234.0,2973930743991.0,3991064706111.0,3177761240544.0,3506021209689.0,3690036928929.0,3648445576699.0,3981497996603.0,3117601233572.0,3417205684642.0,3199186016787.0,4384135429137.0,4402754822880.0,3709048316608.0,4213887652294.0,4140294162819.0,3762720656938.0,3374576488096.0,4284158390163.0,4636741550147.0,3483236724486.0,3550757750659.0
4. Người mua trả tiền trước,65205049.0,1183582991.0,575375976.0,2106368253.0,4899599039.0,,,,4542534144.0,4554932601.0,,2366238239.0,3173779042.0,36603185939.0,5916899180.0,9217572763.0,15038321145.0,21428683393.0,77584157132.0,36329209251.0,748317375358.0,46193118967.0,30515029293.0,36561918069.0,60529422859.0,116991896985.0,116844952210.0,111047546056.0,104921000124.0,21292200789.0,21589364414.0,19577811278.0,32845817190.0,21296233954.0,20929404542.0,26747069793.0,17653657080.0,14229030312.0,17826386435.0,15238253354.0,22762414626.0,17962164288.0,19882391510.0,15542958257.0,16165064550.0,28090946823.0,35951866026.0,30555300153.0,23034093860.0,27555730892.0,360182469422.0,411072068406.0,365688934983.0,246420929400.0,535552943437.0,382030552891.0,257406204511.0,289188450552.0,245247666160.0,223415731424.0,234824364052.0,166642125092.0,111159982412.0,222037194417.0,360506124003.0,242584395198.0,66036392886.0,116501196540.0,199280096694.0,239770870256.0,161708567120.0,376266587860.0,315814573879.0,200125679398.0
5. Thuế và các khoản phải nộp nhà nước,45571706084.0,27081714047.0,19117631087.0,22232709122.0,24556001544.0,,,,64192117671.0,30774696016.0,,36215038297.0,100290554762.0,36430588297.0,272869460500.0,151793229414.0,163946930935.0,303719222093.0,399962484363.0,462276162933.0,338239112216.0,416614579335.0,281788660883.0,273403888135.0,278995281614.0,290492377366.0,287462890828.0,371714889154.0,456273718964.0,393878816237.0,333952869847.0,411515510169.0,545088728812.0,468456525441.0,456725904986.0,399210723796.0,512564636095.0,479668495308.0,502643076304.0,465016572558.0,645891205348.0,512357199729.0,215807811014.0,538006598095.0,682430450322.0,669055575405.0,255510130860.0,746321904930.0,858292909577.0,974697066191.0,383314082997.0,680194876886.0,732991785388.0,839960420850.0,341669047623.0,663908183628.0,979900107744.0,1038009393860.0,619393665850.0,793593104065.0,1916042698331.0,2123791451734.0,659550222596.0,671570799698.0,1609417965484.0,2411967346528.0,648146741635.0,596303199343.0,893645385689.0,1769611876829.0,598135128295.0,602552747077.0,1616503881899.0,2127261309096.0
6. Phải trả người lao động,208891106369.0,140305633775.0,130550548.0,99820964991.0,69782578045.0,,,,16673000.0,55300000.0,,7393058458.0,711705557.0,15865111435.0,3103387460.0,36755478052.0,43412093720.0,50008122595.0,28687738983.0,38575294641.0,49003380193.0,61204455848.0,33549296245.0,47056247416.0,59627008498.0,72326127870.0,44740312110.0,54795328663.0,76683338736.0,90448153069.0,106150509860.0,79140727031.0,96446026330.0,107820123099.0,137540107294.0,89822785874.0,116513026857.0,154177478850.0,163476907176.0,116852520372.0,122357599442.0,152436965241.0,452476117228.0,127798211943.0,147776102862.0,173795146326.0,192349429102.0,125707095455.0,149965614784.0,168273795209.0,205722836953.0,126134686284.0,156062380956.0,183493089292.0,215270553609.0,140918722803.0,168641411868.0,190073046910.0,239520745753.0,183126208062.0,216375873207.0,232503697170.0,279673306451.0,243632844343.0,230751499532.0,279157677513.0,304671997074.0,216379441316.0,224015927915.0,270909683834.0,287914221269.0,220689107592.0,225893621921.0,274518436681.0
7. Chi phí phải trả ngắn hạn,0.0,99633696189.0,122353913945.0,147492994370.0,92479176964.0,,,,116053005634.0,154041814845.0,,162822918959.0,172585390519.0,169685823502.0,154477189389.0,147705797923.0,181631466349.0,190251074966.0,208130515257.0,205522748107.0,225497399213.0,257602955282.0,264150983635.0,263934305583.0,284220843489.0,291290050879.0,260678009293.0,254133424597.0,391860797557.0,338716578878.0,365103636850.0,318370952862.0,469609879334.0,521298043555.0,490760970004.0,502440931384.0,694956152027.0,718490212863.0,637114219782.0,767785773922.0,1167002326130.0,970760458695.0,593485587927.0,1320006293261.0,1373736978269.0,1466054222080.0,1025974683705.0,1119390469461.0,1258517608314.0,1237142978721.0,1528287945458.0,1186386496780.0,1077969037974.0,1180328235739.0,1437232532734.0,1403533243246.0,1683364143467.0,1576818860703.0,1738321908844.0,1522689934927.0,1693380025578.0,1586093448163.0,1910213748076.0,1403844671605.0,1460331652825.0,1524441462218.0,1817263017920.0,1272817905742.0,1431428335194.0,1519189784477.0,1620874538443.0,1371334324629.0,1512085307370.0,1720002534780.0
8. Phải trả nội bộ ngắn hạn,0.0,0.0,0.0,-130629948.0,0.0,,,,0.0,0.0,,0.0,0.0,0.0,0.0,0.0,0.0,0.0,0.0,0.0,0.0,0.0,0.0,0.0,0.0,0.0,0.0,0.0,0.0,0.0,0.0,0.0,0.0,0.0,0.0,0.0,0.0,0.0,0.0,0.0,0.0,0.0,0.0,0.0,0.0,0.0,0.0,0.0,0.0,0.0,0.0,0.0,0.0,0.0,0.0,0.0,0.0,0.0,0.0,0.0,0.0,0.0,0.0,0.0,0.0,0.0,0.0,0.0,0.0,0.0,0.0,0.0,0.0,0.0
9. Phải trả theo tiến độ kế hoạch hợp đồng xây dựng,0.0,0.0,0.0,0.0,0.0,,,,0.0,0.0,,0.0,0.0,0.0,0.0,0.0,0.0,0.0,0.0,0.0,0.0,0.0,0.0,0.0,0.0,0.0,0.0,0.0,0.0,0.0,0.0,0.0,0.0,0.0,0.0,0.0,0.0,0.0,0.0,0.0,0.0,0.0,0.0,0.0,0.0,0.0,0.0,0.0,0.0,0.0,0.0,0.0,0.0,0.0,0.0,0.0,0.0,0.0,0.0,0.0,0.0,0.0,0.0,0.0,0.0,0.0,0.0,0.0,0.0,0.0,0.0,0.0,0.0,0.0
10. Doanh thu chưa thực hiện ngắn hạn,0.0,0.0,0.0,0.0,,,,,0.0,0.0,,0.0,0.0,0.0,0.0,0.0,0.0,0.0,0.0,0.0,0.0,0.0,0.0,0.0,0.0,0.0,0.0,0.0,0.0,0.0,0.0,0.0,0.0,0.0,0.0,0.0,0.0,0.0,0.0,0.0,1695863621.0,2115494673.0,1350893817.0,1017868583.0,446264301.0,726853615.0,3360079979.0,802734364.0,650653333.0,366475152.0,7344630678.0,6105728642.0,6070831960.0,4750270950.0,6910881322.0,6451361951.0,6348839360.0,465948676.0,2111168658.0,7479265238.0,328805116.0,338102717.0,15927234779.0,3965406139.0,98220000.0,267000815.0,3983400698.0,240547998.0,287136362.0,274155514.0,4161405120.0,3069930805.0,1206182798.0,113128183.0
11. Phải trả ngắn hạn khác,446840075493.0,190873297328.0,1251516944991.0,998714470093.0,380618754106.0,,,,441910695683.0,107655540916.0,,145732281561.0,74398213268.0,57762781000.0,104464320012.0,72860114520.0,64161372726.0,60573213772.0,83848669881.0,244981921411.0,53757884329.0,111499316476.0,118236497397.0,168838373049.0,170528208901.0,138600973759.0,59478925315.0,63603483869.0,128094774299.0,262245339556.0,664137048409.0,673973340171.0,594657347821.0,632938206501.0,1341762807045.0,671204525185.0,599446227344.0,637905375141.0,598428618781.0,668750725436.0,622026720944.0,635352780396.0,644468337067.0,647683902314.0,682063350488.0,685193652535.0,592099957922.0,612150506527.0,604545665704.0,609166138282.0,2783824177984.0,585248491765.0,566597855485.0,607771453859.0,2540327951932.0,686170232496.0,572651324477.0,578729724411.0,1956364398828.0,183733169783.0,2792310928500.0,3652399890063.0,145835054429.0,143379171868.0,135300833401.0,107338086664.0,114417067658.0,124160218261.0,141017495259.0,135535754596.0,3055541590234.0,125818309329.0,116353929697.0,5258187477813.0
12. Dự phòng phải trả ngắn hạn,0.0,0.0,0.0,0.0,0.0,,,,0.0,0.0,,0.0,0.0,0.0,0.0,0.0,0.0,0.0,0.0,0.0,0.0,0.0,0.0,0.0,0.0,0.0,0.0,0.0,0.0,0.0,0.0,0.0,0.0,0.0,0.0,0.0,0.0,0.0,0.0,6027114922.0,7939522975.0,7701157905.0,2420017605.0,2673879345.0,5983140683.0,5071570008.0,889995571.0,2355567358.0,3565814784.0,5572766430.0,603744795.0,6942485220.0,9993166732.0,11647496695.0,4502303315.0,6613126588.0,10412364911.0,7562376120.0,8048885766.0,8438020491.0,8439054613.0,6638096961.0,15278019908.0,17576674634.0,17013702018.0,15163750318.0,10290982323.0,8812145444.0,9906368196.0,8546448164.0,26635759312.0,16670449097.0,11824644148.0,10372921350.0
13. Quỹ khen thưởng phúc lợi,1247617638.0,36984615559.0,3389937645.0,82196172499.0,101487289953.0,83410182097.0,64990000000.0,64007000000.0,83537670455.0,101073147475.0,102129000000.0,28057029127.0,65904712496.0,105115125433.0,94143112591.0,58766118992.0,108512213691.0,178735675924.0,182265451614.0,107480197861.0,162206931419.0,217656042894.0,259394970699.0,194940986421.0,261360852956.0,288330084884.0,346372825269.0,185578650159.0,320156316186.0,334699548288.0,406397724109.0,191521511076.0,238480880713.0,246678001365.0,361477571902.0,123756050200.0,262314313539.0,257175599433.0,355719314789.0,196156806251.0,314993901889.0,374993945300.0,405464362576.0,176286297923.0,427987646487.0,363458930130.0,456785376550.0,318879040162.0,495819745973.0,509574761059.0,692489769561.0,229136748413.0,329936876848.0,376452727786.0,507013437050.0,223199458163.0,358448716959.0,365029705624.0,633936556611.0,261193046818.0,513065266628.0,555320994769.0,559325621730.0,195576862286.0,429313522976.0,437875223020.0,507365624913.0,189758003369.0,280680307623.0,259197020523.0,402163642465.0,165473893223.0,331719332324.0,384056608377.0
14. Quỹ bình ổn giá,0.0,0.0,0.0,0.0,,,,,0.0,0.0,,0.0,0.0,0.0,0.0,0.0,0.0,0.0,0.0,0.0,0.0,0.0,0.0,0.0,0.0,0.0,0.0,0.0,0.0,0.0,0.0,0.0,0.0,0.0,0.0,0.0,0.0,0.0,0.0,0.0,0.0,0.0,0.0,0.0,0.0,0.0,0.0,0.0,0.0,0.0,0.0,0.0,0.0,0.0,0.0,0.0,0.0,0.0,0.0,0.0,0.0,0.0,0.0,0.0,0.0,0.0,0.0,0.0,0.0,0.0,0.0,0.0,0.0,0.0
15. Giao dịch mua bán lại trái phiếu chính phủ,0.0,0.0,0.0,0.0,,,,,0.0,0.0,,0.0,0.0,0.0,0.0,0.0,0.0,0.0,0.0,0.0,0.0,0.0,0.0,0.0,0.0,0.0,0.0,0.0,0.0,0.0,0.0,0.0,0.0,0.0,0.0,0.0,0.0,0.0,0.0,0.0,0.0,0.0,0.0,0.0,0.0,0.0,0.0,0.0,0.0,0.0,0.0,0.0,0.0,0.0,0.0,0.0,0.0,0.0,0.0,0.0,0.0,0.0,0.0,0.0,0.0,0.0,0.0,0.0,0.0,0.0,0.0,0.0,0.0,0.0
II. Nợ dài hạn,113758639323.0,23753078172.0,44025551250.0,93238745500.0,165451667169.0,87446425753.0,89140000000.0,148124000000.0,98895297075.0,110802149285.0,140509000000.0,130226084016.0,123253009391.0,89382168551.0,146611750520.0,196766434955.0,222899908215.0,243306654083.0,256294578495.0,247763899399.0,418306786966.0,153655048531.0,163583454306.0,194724611761.0,144015487550.0,146597798888.0,158929338768.0,158758974863.0,159112765927.0,192910854099.0,59781521230.0,59679245075.0,69897651551.0,69685526687.0,350663213221.0,355748088806.0,494868259284.0,516348739961.0,516638646418.0,513702917767.0,519478135082.0,558262473836.0,549943361554.0,435045952349.0,533779982227.0,531807386129.0,515209053985.0,515094622289.0,489515870457.0,477619358810.0,598698196544.0,595890865416.0,784757986928.0,695172060684.0,455147352790.0,565361558092.0,436616077486.0,337162323893.0,525766348310.0,511989562860.0,559389313551.0,540790459406.0,572712158332.0,554453926269.0,544274607850.0,426749546167.0,413872193316.0,410402534593.0,377445998543.0,372252790415.0,357722799611.0,346676448782.0,565949667885.0,565044030094.0
1. Phải trả người bán dài hạn,0.0,0.0,33815115250.0,0.0,57499302740.0,,,,52976906015.0,57953912274.0,,72653740516.0,67243169058.0,34880316551.0,93612316987.0,89853989972.0,109349922392.0,100650593926.0,116939763988.0,111131782393.0,277199976193.0,0.0,0.0,0.0,0.0,0.0,0.0,0.0,0.0,0.0,0.0,0.0,0.0,0.0,0.0,0.0,0.0,0.0,0.0,0.0,0.0,0.0,0.0,0.0,0.0,0.0,0.0,0.0,0.0,0.0,0.0,0.0,0.0,0.0,0.0,0.0,0.0,0.0,427916520.0,0.0,0.0,0.0,0.0,0.0,0.0,0.0,0.0,0.0,0.0,0.0,0.0,0.0,0.0,0.0
2. Chi phí phải trả dài hạn,0.0,0.0,0.0,0.0,0.0,,,,0.0,0.0,,0.0,,0.0,0.0,0.0,0.0,0.0,0.0,0.0,0.0,0.0,0.0,0.0,0.0,0.0,0.0,0.0,0.0,0.0,0.0,0.0,0.0,0.0,0.0,0.0,0.0,0.0,0.0,0.0,0.0,0.0,0.0,0.0,0.0,0.0,0.0,0.0,0.0,0.0,0.0,0.0,219326848368.0,228596165802.0,2054753617.0,109326868918.0,13708650325.0,13708650325.0,0.0,0.0,0.0,0.0,0.0,0.0,0.0,0.0,0.0,0.0,0.0,0.0,0.0,0.0,0.0,0.0
3. Phải trả nội bộ về vốn kinh doanh,0.0,0.0,0.0,0.0,0.0,,,,0.0,0.0,,0.0,,0.0,0.0,0.0,0.0,0.0,0.0,0.0,0.0,0.0,0.0,0.0,0.0,0.0,0.0,0.0,0.0,0.0,0.0,0.0,0.0,0.0,0.0,0.0,0.0,0.0,0.0,0.0,0.0,0.0,0.0,0.0,0.0,0.0,0.0,0.0,0.0,0.0,0.0,0.0,0.0,0.0,0.0,0.0,0.0,0.0,0.0,0.0,0.0,0.0,0.0,0.0,0.0,0.0,0.0,0.0,0.0,0.0,0.0,0.0,0.0,0.0
4. Phải trả nội bộ dài hạn,0.0,0.0,0.0,66842830500.0,0.0,,,,0.0,0.0,,0.0,0.0,0.0,0.0,0.0,0.0,0.0,0.0,0.0,0.0,0.0,0.0,0.0,0.0,0.0,0.0,0.0,0.0,0.0,0.0,0.0,0.0,0.0,0.0,0.0,0.0,0.0,0.0,0.0,0.0,0.0,0.0,0.0,0.0,0.0,0.0,0.0,0.0,0.0,0.0,0.0,0.0,0.0,0.0,0.0,0.0,0.0,0.0,0.0,0.0,0.0,0.0,0.0,0.0,0.0,0.0,0.0,0.0,0.0,0.0,0.0,0.0,0.0
5. Phải trả dài hạn khác,113758639323.0,3753078172.0,0.0,0.0,4470070055.0,,,,2200000000.0,2200000000.0,,0.0,27399499000.0,0.0,0.0,51000000000.0,60000000000.0,92000000000.0,92000000000.0,92000000000.0,101763600000.0,92000000000.0,92000000000.0,92000000000.0,92000000000.0,92000000000.0,92000000000.0,92000000000.0,92000000000.0,125822000000.0,0.0,0.0,0.0,0.0,5036159560.0,4592362320.0,5580630094.0,5092359237.0,8192561774.0,7587679400.0,6980301574.0,3348551302.0,2814519233.0,2251866120.0,1704313524.0,1146093481.0,589208918.0,197635138.0,0.0,17207908808.0,16567661700.0,32843845125.0,31842717040.0,31069756665.0,29607431175.0,28356907140.0,27157368960.0,25806335175.0,27418573520.0,21656151705.0,14742382456.0,8831189942.0,59731299502.0,60215353294.0,61459115656.0,28055806373.0,21900931811.0,31606165145.0,4351166469.0,3944629817.0,3711780002.0,1793685874.0,1621165874.0,1305641287.0
6. Vay và nợ thuê tài chính dài hạn,0.0,20000000000.0,10210436000.0,26395915000.0,40619051562.0,,,,37362885000.0,34872026000.0,,29890308000.0,0.0,24908590000.0,22417731000.0,19926872000.0,17436013000.0,14945154000.0,12454295000.0,9963436000.0,7472577000.0,4981718000.0,0.0,0.0,0.0,0.0,0.0,0.0,0.0,0.0,0.0,0.0,0.0,0.0,184142784403.0,190497999316.0,326808491393.0,349878694016.0,346383586552.0,343756460322.0,338754261458.0,376211717315.0,368170178853.0,255684975403.0,344996641118.0,343653915063.0,326970398182.0,327110398182.0,326609969983.0,298014000449.0,274949439387.0,270260689387.0,243603105068.0,246268247487.0,215798919361.0,218007911923.0,188821030390.0,93806389962.0,122992982893.0,119643482893.0,182356135696.0,176301073571.0,167421748884.0,162103516784.0,157817900434.0,80626092834.0,75636000000.0,70663500000.0,74459700000.0,71579812500.0,66028725000.0,61054012500.0,279412788750.0,282904335540.0
7. Trái phiếu chuyển đổi,0.0,0.0,0.0,0.0,0.0,,,,0.0,0.0,,0.0,,0.0,0.0,0.0,0.0,0.0,0.0,0.0,0.0,0.0,0.0,0.0,0.0,0.0,0.0,0.0,0.0,0.0,0.0,0.0,0.0,0.0,0.0,0.0,0.0,0.0,0.0,0.0,0.0,0.0,0.0,0.0,0.0,0.0,0.0,0.0,0.0,0.0,0.0,0.0,0.0,0.0,0.0,0.0,0.0,0.0,0.0,0.0,0.0,0.0,0.0,0.0,0.0,0.0,0.0,0.0,0.0,0.0,0.0,0.0,0.0,0.0
8. Thuế thu nhập hoãn lại phải trả,0.0,0.0,0.0,0.0,0.0,,,,0.0,0.0,,0.0,0.0,0.0,0.0,0.0,0.0,0.0,0.0,0.0,0.0,0.0,0.0,0.0,0.0,0.0,0.0,0.0,0.0,0.0,0.0,0.0,0.0,0.0,91065600000.0,91065600000.0,84453521075.0,84056932575.0,84711303600.0,85385504050.0,86376975300.0,89034118250.0,89034118250.0,88280600100.0,88320258950.0,88320258950.0,90025589500.0,90815906053.0,63875468256.0,63859200919.0,203618107064.0,189099848467.0,186934101020.0,185288571373.0,204757714031.0,206672783007.0,203853552835.0,200671058583.0,374926875377.0,370689928262.0,362290795399.0,355658195893.0,345559109946.0,332135056191.0,324997591760.0,318067646960.0,316335261505.0,308132869448.0,298635132074.0,296728348098.0,287982294609.0,283828750408.0,284915713261.0,280834053267.0
9. Dự phòng trợ cấp mất việc làm,0.0,0.0,0.0,0.0,62863242812.0,,,,6355506060.0,15776211011.0,,27682035500.0,28610391333.0,29593262000.0,30581702533.0,35985572983.0,36113972823.0,35710906157.0,34900519507.0,34668681006.0,31870633773.0,31746531086.0,51373933083.0,51017719983.0,50669078433.0,54566032888.0,66923897268.0,66663065768.0,66986372301.0,67018423367.0,59635777000.0,59516770500.0,69771289416.0,69615064416.0,69583293250.0,69488793083.0,77950919000.0,77209101866.0,77333769500.0,0.0,0.0,0.0,0.0,0.0,0.0,0.0,0.0,0.0,0.0,0.0,0.0,0.0,0.0,0.0,0.0,0.0,0.0,0.0,0.0,0.0,0.0,0.0,0.0,0.0,0.0,0.0,0.0,0.0,0.0,0.0,0.0,0.0,0.0,0.0
10. Dự phòng phải trả dài hạn,0.0,0.0,0.0,0.0,0.0,,,,0.0,0.0,,0.0,0.0,0.0,0.0,0.0,0.0,0.0,0.0,0.0,0.0,0.0,0.0,0.0,0.0,0.0,0.0,0.0,0.0,0.0,0.0,0.0,0.0,0.0,0.0,0.0,0.0,0.0,0.0,76973273995.0,87366596750.0,87069246751.0,87325705000.0,86541526508.0,96471784417.0,96400134417.0,95960585167.0,95307410698.0,97367160000.0,96874976416.0,102523428175.0,102646922219.0,102011655214.0,2909759139.0,2512686388.0,2581238886.0,2659626758.0,2754041630.0,0.0,0.0,0.0,0.0,0.0,0.0,0.0,0.0,0.0,0.0,0.0,0.0,0.0,0.0,0.0,0.0
11. Doanh thu chưa thực hiện dài hạn,0.0,0.0,0.0,0.0,0.0,,,,0.0,0.0,,0.0,,0.0,0.0,0.0,0.0,0.0,0.0,0.0,0.0,24926799445.0,20209521223.0,51706891778.0,1346409117.0,31766000.0,5441500.0,95909095.0,126393626.0,70430732.0,145744230.0,162474575.0,126362135.0,70462271.0,835376008.0,103334087.0,74697722.0,111652267.0,17424992.0,0.0,0.0,2598840218.0,2598840218.0,2286984218.0,2286984218.0,2286984218.0,1663272218.0,1663272218.0,1663272218.0,1663272218.0,1039560218.0,1039560218.0,1039560218.0,1039560218.0,415848218.0,415848218.0,415848218.0,415848218.0,0.0,0.0,0.0,0.0,0.0,0.0,0.0,0.0,0.0,0.0,0.0,0.0,0.0,0.0,0.0,0.0
12. Quỹ phát triển khoa học và công nghệ,0.0,0.0,0.0,0.0,0.0,,,,0.0,0.0,,0.0,,0.0,0.0,0.0,0.0,0.0,0.0,0.0,0.0,0.0,0.0,0.0,0.0,0.0,0.0,0.0,0.0,0.0,0.0,0.0,0.0,0.0,0.0,0.0,0.0,0.0,0.0,0.0,0.0,0.0,0.0,0.0,0.0,0.0,0.0,0.0,0.0,0.0,0.0,0.0,0.0,0.0,0.0,0.0,0.0,0.0,0.0,0.0,0.0,0.0,0.0,0.0,0.0,0.0,0.0,0.0,0.0,0.0,0.0,0.0,0.0,0.0
B. Nguồn vốn chủ sở hữu,1560788567351.0,1815260551636.0,2153916777574.0,2330187807108.0,2388779335094.0,2523781107404.0,2671388000000.0,3894496000000.0,3868087881484.0,4033101103228.0,4213809000000.0,4638780202397.0,47720090430553.0,4836312482082.0,4471323781695.0,5157032129253.0,5661131972895.0,5966928719493.0,6491138796225.0,6890996177619.0,7341142758993.0,7305306222006.0,7964436590282.0,8905150344873.0,11323172016460.0,11539806530825.0,12477205196484.0,13620866396396.0,13864804993274.0,14009229761633.0,15493096595857.0,16871396981401.0,17031473186661.0,16887960334926.0,17568353249307.0,18860758596721.0,18614734066845.0,18244768419996.0,19800236483508.0,21261450157182.0,21272281963424.0,19216789663838.0,20923915747585.0,22872935554210.0,22947341353557.0,20754813841870.0,22405949288585.0,25019430479001.0,24753118498532.0,24028616769178.0,23873057813861.0,26290939061369.0,26536049912532.0,25950209286277.0,26271369291927.0,28923230823493.0,28933720200205.0,27840628245882.0,29731255204364.0,32246764035922.0,32355699373176.0,31691521476430.0,33647122229822.0,33963940621427.0,34375373150169.0,33874917735869.0,35850114249384.0,34977211542030.0,36820519100790.0,33844385381769.0,32816518355085.0,34510226162818.0,36660049706993.0,34003064009307.0
I. Vốn chủ sở hữu,1560499319067.0,1814959510660.0,2153791004406.0,2330064733940.0,2388656261926.0,2523658034236.0,2671388000000.0,3894495000000.0,3868087881484.0,4033101103228.0,4213809000000.0,4638780202397.0,4720090430553.0,4836312482082.0,4471323781695.0,5157032129253.0,5661131972895.0,5966928719493.0,6491138796225.0,6890996177619.0,7341142758993.0,7305306222006.0,7964436590282.0,8905150344873.0,11323172016460.0,11539806530825.0,12477205196484.0,13620866396396.0,13864804993274.0,14009229761633.0,15493096595857.0,16871396981401.0,17031473186661.0,16887960334926.0,17568353249307.0,18860758596721.0,18614734066845.0,18244768419996.0,19800236483508.0,21261450157182.0,21272281963424.0,19216789663838.0,20923915747585.0,22872935554210.0,22947341353557.0,20754813841870.0,22405949288585.0,25019430479001.0,24753118498532.0,24028616769178.0,23873057813861.0,26290939061369.0,26536049912532.0,25950209286277.0,26271369291927.0,28923230823493.0,28933720200205.0,27840628245882.0,29731255204364.0,32246764035922.0,32355699373176.0,31691521476430.0,33647122229822.0,33963940621427.0,34375373150169.0,33874917735869.0,35850114249384.0,34977211542030.0,36820519100790.0,33844385381769.0,32816518355085.0,34510226162818.0,36660049706993.0,34003064009307.0
1. Vốn đầu tư của chủ sở hữu,1509989624975.0,1579226724975.0,1590000000000.0,1590000000000.0,1590000000000.0,1590000000000.0,1590000000000.0,1669500000000.0,1752756700000.0,1752756700000.0,1752757000000.0,1752756700000.0,1752756700000.0,1752756700000.0,1752756700000.0,1752756700000.0,1756403100000.0,3512653000000.0,3512653000000.0,3530721200000.0,3530721200000.0,3530721200000.0,3530721200000.0,3565706400000.0,3708255500000.0,3708255500000.0,5561147540000.0,5561147540000.0,5561147540000.0,5561147540000.0,8339557960000.0,8339557960000.0,8339557960000.0,8339557960000.0,8339557960000.0,8339557960000.0,8339557960000.0,10006413990000.0,10006413990000.0,10006413990000.0,10006413990000.0,12006621930000.0,12006621930000.0,12006621930000.0,12006621930000.0,14514534290000.0,14514534290000.0,14514534290000.0,14514534290000.0,14514534290000.0,14514534290000.0,14514534290000.0,14514534290000.0,17416877930000.0,17416877930000.0,17416877930000.0,17416877930000.0,17416877930000.0,17416877930000.0,17416877930000.0,17416877930000.0,20899554450000.0,20899554450000.0,20899554450000.0,20899554450000.0,20899554450000.0,20899554450000.0,20899554450000.0,20899554450000.0,20899554450000.0,20899554450000.0,20899554450000.0,20899554450000.0,20899554450000.0
2. Thặng dư vốn cổ phần,0.0,0.0,54217301152.0,54217301152.0,54217301152.0,54217301152.0,54217000000.0,1074937000000.0,1074937676152.0,1074937676152.0,1064947000000.0,1064948051177.0,1064948051177.0,1064948051177.0,1064948051177.0,1064948051177.0,1064948051177.0,0.0,0.0,0.0,0.0,0.0,0.0,0.0,1276994100000.0,1276994100000.0,1276994100000.0,1276994100000.0,1276994100000.0,1276994100000.0,1276994100000.0,1276994100000.0,1276994100000.0,1276994100000.0,1276994100000.0,1276994100000.0,1276994100000.0,0.0,0.0,0.0,0.0,0.0,0.0,0.0,0.0,260699620761.0,260699620761.0,260699620761.0,260699620761.0,260699620761.0,260699620761.0,260699620761.0,260699620761.0,0.0,0.0,0.0,0.0,0.0,0.0,0.0,0.0,0.0,0.0,34110709700.0,34110709700.0,34110709700.0,34110709700.0,34110709700.0,34110709700.0,34110709700.0,34110709700.0,34110709700.0,0.0,34110709700.0
3. Quyền chọn chuyển đổi trái phiếu,0.0,0.0,0.0,0.0,0.0,0.0,0.0,,0.0,0.0,0.0,0.0,0.0,0.0,0.0,0.0,0.0,0.0,0.0,0.0,0.0,0.0,0.0,0.0,0.0,0.0,0.0,0.0,0.0,0.0,0.0,0.0,0.0,0.0,0.0,0.0,0.0,0.0,0.0,0.0,0.0,0.0,0.0,0.0,0.0,0.0,0.0,0.0,0.0,0.0,0.0,0.0,0.0,0.0,0.0,0.0,0.0,0.0,0.0,0.0,0.0,0.0,0.0,0.0,0.0,0.0,0.0,0.0,0.0,0.0,0.0,0.0,34110709700.0,0.0
4. Vốn khác của chủ sở hữu,0.0,0.0,0.0,0.0,0.0,0.0,0.0,0.0,0.0,0.0,0.0,0.0,0.0,0.0,0.0,0.0,0.0,0.0,0.0,0.0,0.0,0.0,0.0,0.0,0.0,0.0,0.0,0.0,0.0,0.0,0.0,0.0,0.0,0.0,0.0,0.0,0.0,0.0,0.0,0.0,0.0,0.0,0.0,0.0,0.0,0.0,0.0,0.0,0.0,0.0,0.0,0.0,0.0,0.0,0.0,0.0,0.0,0.0,0.0,0.0,0.0,0.0,202658418215.0,202658418215.0,202658418215.0,202658418215.0,202658418215.0,202658418215.0,202658418215.0,202658418215.0,202658418215.0,202658418215.0,202658418215.0,202658418215.0
5. Cổ phiếu quỹ,0.0,0.0,0.0,0.0,0.0,0.0,0.0,0.0,0.0,0.0,0.0,0.0,0.0,0.0,0.0,0.0,0.0,-154222000.0,-154222000.0,-157684000.0,-389744000.0,-597433000.0,-669051000.0,-749201000.0,-1054256000.0,-1326114000.0,-2521794000.0,-3193927000.0,-4147039000.0,-4422553000.0,-4504115000.0,-4609454000.0,-4784852959.0,-4953649959.0,-5068507959.0,-5312321959.0,-5388109959.0,-5388109959.0,-5388109959.0,-5388109959.0,-5388109959.0,-5388109959.0,-5388109959.0,-5388109959.0,-5388109959.0,-111500320.0,-1176335920.0,-3698257400.0,-4915821280.0,-5707262320.0,-7159821800.0,-7795969600.0,-9481110600.0,-9851596440.0,-10485707360.0,-10807345800.0,-11623908360.0,-11644956120.0,-11644956120.0,-11644956120.0,-11644956120.0,-11644956120.0,-11644956120.0,0.0,0.0,0.0,0.0,0.0,0.0,0.0,0.0,0.0,0.0,0.0
6. Chênh lệch đánh giá lại tài sản,0.0,0.0,0.0,0.0,0.0,0.0,0.0,0.0,0.0,0.0,0.0,0.0,0.0,0.0,0.0,0.0,0.0,0.0,0.0,0.0,0.0,0.0,0.0,0.0,0.0,0.0,0.0,0.0,0.0,0.0,0.0,0.0,0.0,0.0,0.0,0.0,0.0,0.0,0.0,0.0,0.0,0.0,0.0,0.0,0.0,0.0,0.0,0.0,0.0,0.0,0.0,0.0,0.0,0.0,0.0,0.0,0.0,0.0,0.0,0.0,0.0,0.0,0.0,0.0,0.0,0.0,0.0,0.0,0.0,0.0,0.0,0.0,0.0,0.0
7. Chênh lệch tỷ giá hối đoái,0.0,0.0,0.0,15211828.0,-963083602.0,-1088130637.0,0.0,0.0,0.0,0.0,0.0,0.0,0.0,0.0,0.0,0.0,0.0,0.0,0.0,0.0,0.0,0.0,0.0,0.0,0.0,0.0,0.0,0.0,0.0,0.0,0.0,0.0,0.0,0.0,0.0,-102051000.0,496768421.0,-243732147.0,-161099075.0,58011950.0,2819005174.0,10384917993.0,8329599322.0,9909722464.0,3886614423.0,6208134299.0,5654693453.0,11016240815.0,15900005309.0,16558133402.0,18367457133.0,21420997478.0,22035145985.0,34006738492.0,27635831784.0,26919125269.0,30703437710.0,22809392893.0,23174494894.0,44454590088.0,19588834129.0,16386206049.0,10647239612.0,1084775702.0,13283454116.0,-16564157140.0,253569601.0,7038336883.0,56944833821.0,125192186364.0,92498048227.0,80631965406.0,94662621098.0,175723530911.0
8. Quỹ đầu tư phát triển,5612188232.0,52715369542.0,112948150501.0,412998605674.0,487557596229.0,0.0,0.0,0.0,617983805220.0,657455611743.0,0.0,774051807452.0,814454511367.0,849810646579.0,867642089074.0,919340582226.0,1537063262458.0,1659243270291.0,1756282910335.0,1887231095399.0,1920237269008.0,2069103622809.0,2172290789865.0,2316276728360.0,2468173865245.0,2612906109006.0,908024236384.0,1085493695027.0,1287543063275.0,1484445131462.0,93889017729.0,297685912159.0,539193296167.0,764826880531.0,950237983612.0,1086361105334.0,1239815387659.0,1378181089327.0,1550028784604.0,2676353447778.0,2887837119930.0,3100598784761.0,3291207229973.0,3503789498072.0,3775819735733.0,1617351151535.0,1797019925588.0,2121479999738.0,2405457144996.0,2677315588821.0,2851905410228.0,3110455558804.0,3365242121688.0,971862470616.0,1191672373593.0,1449929685712.0,1726647591960.0,1991895881469.0,2200188373195.0,2469800368828.0,2773515033707.0,3081189447472.0,3286241911090.0,3552461470108.0,3844015723908.0,4132854408049.0,4352441335060.0,4575217135935.0,4822828235270.0,5065071602264.0,5266761584973.0,5444399294521.0,5679501872971.0,5932206859820.0
9. Quỹ dự phòng tài chính,2806094116.0,26357257725.0,56473648204.0,66379448574.0,77638308752.0,0.0,0.0,0.0,121788618428.0,130968108316.0,0.0,151067190146.0,171268542103.0,175275670000.0,175275670000.0,175275670000.0,175640310000.0,187493124438.0,294347876431.0,335172032269.0,353072120000.0,353072120000.0,353072120000.0,356570640000.0,370825550000.0,370825550000.0,556114754000.0,556114754000.0,556114754000.0,556114754000.0,588402022008.0,664618278340.0,755738896227.0,833955796000.0,833955796000.0,833955796000.0,833955796000.0,885765734701.0,971689582340.0,0.0,0.0,0.0,0.0,0.0,0.0,0.0,0.0,0.0,0.0,0.0,0.0,0.0,0.0,0.0,0.0,0.0,0.0,0.0,0.0,0.0,0.0,0.0,0.0,0.0,0.0,0.0,0.0,0.0,0.0,0.0,0.0,0.0,0.0,0.0
10. Quỹ khác thuộc vốn chủ sở hữu,0.0,0.0,0.0,0.0,0.0,622416485184.0,683702000000.0,782664000000.0,0.0,0.0,844589000000.0,0.0,0.0,0.0,0.0,0.0,0.0,0.0,0.0,0.0,0.0,0.0,0.0,0.0,0.0,0.0,0.0,0.0,0.0,0.0,0.0,0.0,0.0,0.0,0.0,0.0,0.0,0.0,0.0,178726632182.0,0.0,0.0,0.0,0.0,0.0,0.0,0.0,0.0,0.0,0.0,0.0,0.0,0.0,0.0,0.0,0.0,0.0,0.0,0.0,0.0,0.0,0.0,0.0,0.0,0.0,0.0,0.0,0.0,0.0,0.0,0.0,0.0,0.0,0.0
11. Lợi nhuận sau thuế chưa phân phối,42091411744.0,156660158418.0,340151904549.0,206454166712.0,180206139395.0,258112378537.0,343469000000.0,367393000000.0,300621081684.0,416983007017.0,551516000000.0,860379071513.0,873081805838.0,946490128968.0,560032301011.0,1193856017659.0,1075566998039.0,556520341526.0,892643883924.0,1103493294622.0,1537501913985.0,1353006712197.0,1909021531417.0,2667345777513.0,3499977257215.0,3572151385819.0,4177446360100.0,5144310234369.0,5187152574999.0,5134950789171.0,5198757611120.0,6297150184902.0,6124773787226.0,5677579248354.0,6149811983770.0,7264947377603.0,6866599920458.0,5857586831472.0,7157699467945.0,8405286185231.0,8167252378968.0,3876354212648.0,5391795573082.0,7123820088192.0,6933105801485.0,4122205218497.0,5591831510779.0,7877979627383.0,7329419316798.0,6547207726316.0,5736920629462.0,7912102872895.0,7892017119552.0,7045967464638.0,7155434314256.0,9451547063899.0,9176996233930.0,7840153595139.0,7875462401924.0,10090990636691.0,9937240997894.0,5361509637035.0,6909725668453.0,6642146444531.0,6631020480297.0,5843776925027.0,7594260378375.0,6479377674989.0,8119867846747.0,4814830749665.0,3353468092666.0,4840235487374.0,6557754122099.0,3411311506574.0
LNST chưa phân phối lũy kế đến cuối kỳ trước,,,,,,,,,,,,,,,,,,,,,,,,,,,,,,,,,,,,,,,,,,3157254319945.0,3154335500192.0,5391795573082.0,2929124363144.0,2928776175324.0,2928776175324.0,5591831510779.0,2689145086779.0,2658671793099.0,2646643972283.0,5736920629462.0,3560050505958.0,3560050505957.0,3560050505957.0,7155434314256.0,4543346786757.0,4543346786756.0,4543346786755.0,7875462401924.0,5263395860924.0,1780719340924.0,1578060922710.0,4820049322453.0,2521098332953.0,2521098332953.0,2521098332953.0,4668322755375.0,4668322755375.0,2682865082625.0,2682865082625.0,3350333817760.0,3350333817760.0,1364876145015.0
LNST chưa phân phối kỳ này,,,,,,,,,,,,,,,,,,,,,,,,,,,,,,,,,,,,,,,,,,719099892703.0,2237460072890.0,1732024515110.0,4003981438341.0,1193429043173.0,2663055335455.0,2286148116604.0,4640274230019.0,3888535933217.0,3090276657179.0,2175182243433.0,4331966613594.0,3485916958681.0,3595383808299.0,2296112749643.0,4633649447173.0,3296806808383.0,3332115615169.0,2215528234767.0,4673845136970.0,3580790296111.0,5331664745743.0,1822097122078.0,4109922147344.0,3322678592074.0,5073162045422.0,1811054919614.0,3451545091372.0,2131965667040.0,670603010041.0,1489901669614.0,3207420304339.0,2046435361559.0
12. Nguồn vốn đầu tư xây dựng cơ bản,0.0,0.0,0.0,0.0,0.0,0.0,0.0,0.0,0.0,0.0,0.0,0.0,0.0,0.0,0.0,0.0,0.0,0.0,0.0,0.0,0.0,0.0,0.0,0.0,0.0,0.0,0.0,0.0,0.0,0.0,0.0,0.0,0.0,0.0,0.0,0.0,0.0,0.0,0.0,0.0,0.0,0.0,0.0,0.0,0.0,0.0,0.0,0.0,0.0,0.0,0.0,0.0,0.0,0.0,0.0,0.0,0.0,0.0,0.0,0.0,0.0,0.0,0.0,0.0,0.0,0.0,0.0,0.0,0.0,0.0,0.0,0.0,0.0,0.0
13. Quỹ hỗ trợ sắp xếp doanh nghiệp,0.0,0.0,0.0,0.0,0.0,0.0,0.0,,0.0,0.0,0.0,0.0,0.0,0.0,0.0,0.0,0.0,0.0,0.0,0.0,0.0,0.0,0.0,0.0,0.0,0.0,0.0,0.0,0.0,0.0,0.0,0.0,0.0,0.0,0.0,0.0,0.0,0.0,0.0,0.0,0.0,0.0,0.0,0.0,0.0,0.0,0.0,0.0,0.0,0.0,0.0,0.0,0.0,0.0,0.0,0.0,0.0,0.0,0.0,0.0,0.0,0.0,0.0,0.0,0.0,0.0,0.0,0.0,0.0,0.0,0.0,0.0,0.0,0.0
14. Lợi ích của cổ đông không kiểm soát,0.0,0.0,0.0,0.0,0.0,0.0,0.0,0.0,0.0,0.0,0.0,35577382109.0,43580820068.0,47031285358.0,50668970433.0,50855108191.0,51510251221.0,51173205238.0,35365347535.0,34536239329.0,0.0,0.0,0.0,0.0,0.0,0.0,0.0,0.0,0.0,0.0,0.0,0.0,0.0,0.0,22863933884.0,64356630743.0,62702244266.0,122452616602.0,119953867653.0,0.0,213347579311.0,228217928395.0,231349525167.0,234182425441.0,233295381875.0,233926927098.0,237385583924.0,237418957704.0,232023941948.0,18008672198.0,497790228077.0,479521691031.0,491002725146.0,491346278971.0,490234549654.0,588764364413.0,594118914965.0,580536402501.0,2227196960471.0,2236285466435.0,2220121533566.0,2344526691994.0,2349939498572.0,2631924353171.0,2750729913933.0,2778526982018.0,2766835388433.0,2779254816308.0,2684554607037.0,2702967265561.0,2967467051304.0,3008635837602.0,3191807512910.0,3347498534087.0
II. Nguồn kinh phí và quỹ khác,289248284.0,301040976.0,125773168.0,123073168.0,123073168.0,123073168.0,0.0,0.0,0.0,0.0,0.0,0.0,0.0,0.0,0.0,0.0,0.0,0.0,0.0,0.0,0.0,0.0,0.0,0.0,0.0,0.0,0.0,0.0,0.0,0.0,0.0,0.0,0.0,0.0,0.0,0.0,0.0,0.0,0.0,0.0,0.0,0.0,0.0,0.0,0.0,0.0,0.0,0.0,0.0,0.0,0.0,0.0,0.0,0.0,0.0,0.0,0.0,0.0,0.0,0.0,0.0,0.0,0.0,0.0,0.0,0.0,0.0,0.0,0.0,0.0,0.0,0.0,0.0,0.0
1. Nguồn kinh phí ,289248284.0,301040976.0,0.0,123073168.0,123073168.0,123073168.0,0.0,0.0,0.0,0.0,0.0,0.0,0.0,0.0,0.0,0.0,0.0,0.0,0.0,0.0,0.0,0.0,0.0,0.0,0.0,0.0,0.0,0.0,0.0,0.0,0.0,0.0,0.0,0.0,0.0,0.0,0.0,0.0,0.0,0.0,0.0,0.0,0.0,0.0,0.0,0.0,0.0,0.0,0.0,0.0,0.0,0.0,0.0,0.0,0.0,0.0,0.0,0.0,0.0,0.0,0.0,0.0,0.0,0.0,0.0,0.0,0.0,0.0,0.0,0.0,0.0,0.0,0.0,0.0
2. Nguồn kinh phí đã hình thành tài sản cố định,0.0,0.0,125773168.0,0.0,0.0,0.0,0.0,0.0,0.0,0.0,0.0,0.0,0.0,0.0,0.0,0.0,0.0,0.0,0.0,0.0,0.0,0.0,0.0,0.0,0.0,0.0,0.0,0.0,0.0,0.0,0.0,0.0,0.0,0.0,0.0,0.0,0.0,0.0,0.0,0.0,0.0,0.0,0.0,0.0,0.0,0.0,0.0,0.0,0.0,0.0,0.0,0.0,0.0,0.0,0.0,0.0,0.0,0.0,0.0,0.0,0.0,0.0,0.0,0.0,0.0,0.0,0.0,0.0,0.0,0.0,0.0,0.0,0.0,0.0
3. Quỹ dự phòng trợ cấp mất việc làm,0.0,0.0,0.0,0.0,0.0,0.0,0.0,0.0,0.0,0.0,0.0,0.0,0.0,0.0,0.0,0.0,0.0,0.0,0.0,0.0,0.0,0.0,0.0,0.0,0.0,0.0,0.0,0.0,0.0,0.0,0.0,0.0,0.0,0.0,0.0,0.0,0.0,0.0,0.0,0.0,0.0,0.0,0.0,0.0,0.0,0.0,0.0,0.0,0.0,0.0,0.0,0.0,0.0,0.0,0.0,0.0,0.0,0.0,0.0,0.0,0.0,0.0,0.0,0.0,0.0,0.0,0.0,0.0,0.0,0.0,0.0,0.0,0.0,0.0
TỔNG CỘNG NGUỒN VỐN,2631570595332.0,2554708373050.0,3849780629265.0,4005785710789.0,4084234650649.0,3986753746659.0,3563657000000.0,4800590000000.0,5136175958984.0,5245348794305.0,5344725000000.0,6004583940132.0,6143760692312.0,5933140180114.0,5933415044899.0,6105480000745.0,6839988830802.0,7491290276326.0,8531061983065.0,9021082362710.0,10676838119102.0,9892286746589.0,10773032295860.0,12280491757685.0,14699418034113.0,14335903039114.0,15582671550751.0,17357607597663.0,18122267001883.0,17085744691352.0,19667796048127.0,20588839867010.0,21114538768762.0,20659514543096.0,22875414056636.0,23264350194822.0,23734245180854.0,23907602917207.0,25770138060957.0,27003064354813.0,27223661690599.0,25958969285317.0,27478175944352.0,29068835554512.0,29798001198779.0,27656720742141.0,29378656325464.0,31068544643384.0,31955032118295.0,31595714941194.0,34667318837497.0,35328719216070.0,36183530062338.0,34026431394368.0,37366108654179.0,38305261792855.0,40186475665451.0,40101852847756.0,44699873386034.0,46073727018989.0,49596809946225.0,50396457516921.0,48432480673629.0,51051210880651.0,53046669029192.0,52067759208240.0,53332403438219.0,52995528231171.0,53842175999663.0,51199903422164.0,48482664236220.0,49264785492099.0,50968781757650.0,54967436003598.0
