Item,Q4 2010,Q4 2011,Q4 2012,Q1 2013,Q2 2013,Q3 2013,Q4 2013,Q1 2014,Q2 2014,Q3 2014,Q4 2014,Q1 2015,Q2 2015,Q3 2015,Q4 2015,Q2 2016,Q4 2016,Q1 2017,Q2 2017,Q3 2017,Q4 2017,Q1 2018,Q2 2018,Q3 2018,Q4 2018,Q1 2019,Q2 2019,Q3 2019,Q4 2019,Q1 2020,Q2 2020,Q3 2020,Q4 2020,Q1 2021,Q2 2021,Q3 2021,Q4 2021,Q1 2022,Q2 2022,Q3 2022,Q4 2022,Q1 2023,Q2 2023,Q3 2023,Q4 2023
TÀI SẢN,,,,,,,,,,,,,,,,,,,,,,,,,,,,,,,,,,,,,,,,,,,,,
A. Tài sản lưu động và đầu tư ngắn hạn,402080566949.0,181524360360.0,55151950905.0,41917983435.0,36932806197.0,21716810253.0,77518541072.0,44362340432.0,39219665080.0,55135345584.0,366340279395.0,359068660390.0,350799355144.0,375827566509.0,474184822007.0,457668156455.0,334846091183.0,263520086095.0,227442485773.0,216896260428.0,318825117435.0,111770733028.0,177074260869.0,256343242701.0,489910831132.0,448304632795.0,518377505048.0,622399995178.0,587858369837.0,554867707298.0,533424463129.0,441073985939.0,236578952895.0,447144882252.0,288701617959.0,400506272046.0,352142763857.0,250384824028.0,370443706521.0,372627435989.0,1734819181422.0,1680453995733.0,1670337927037.0,1696995890115.0,2064408677091.0
I. Tiền và các khoản tương đương tiền,266350602232.0,42611091116.0,39100193528.0,3651266937.0,17025910914.0,2620454195.0,44634449264.0,22080789419.0,11236049217.0,28460522361.0,32009613959.0,20459048279.0,311723891958.0,6591498927.0,338446293899.0,306873566373.0,18738677630.0,53097502031.0,33920639016.0,88651083557.0,83064296489.0,24366561039.0,69960655626.0,95079427342.0,276124911168.0,327324111071.0,386046142683.0,436298987414.0,291804736479.0,258749794581.0,236373133941.0,215102242152.0,89152360679.0,209545225876.0,95374434126.0,223046564850.0,199379109394.0,105292817647.0,254009264353.0,252049130049.0,265632283790.0,200912946143.0,161605849264.0,184245317481.0,222415018720.0
1. Tiền,5207402232.0,9411091116.0,9600193528.0,3651266937.0,8025910914.0,2620454195.0,26634449264.0,4080789419.0,6236049217.0,8460522361.0,7009613959.0,20459048279.0,311723891958.0,6591498927.0,7446293899.0,8073566373.0,3738677630.0,5097502031.0,8920639016.0,33651083557.0,28064296489.0,14366561039.0,28853229076.0,11972000792.0,19011005610.0,13214367256.0,12437216613.0,92040061344.0,12211443019.0,13156501121.0,20779863911.0,39508972122.0,13559535819.0,41602401016.0,17432031006.0,12939161730.0,69272830914.0,15186539167.0,33900877173.0,88083742869.0,101665607960.0,28963270313.0,17334587791.0,40135524501.0,179551594090.0
2. Các khoản tương đương tiền,261143200000.0,33200000000.0,29500000000.0,0.0,9000000000.0,0.0,18000000000.0,18000000000.0,5000000000.0,20000000000.0,25000000000.0,0.0,0.0,0.0,331000000000.0,298800000000.0,15000000000.0,48000000000.0,25000000000.0,55000000000.0,55000000000.0,10000000000.0,41107426550.0,83107426550.0,257113905558.0,314109743815.0,373608926070.0,344258926070.0,279593293460.0,245593293460.0,215593270030.0,175593270030.0,75592824860.0,167942824860.0,77942403120.0,210107403120.0,130106278480.0,90106278480.0,220108387180.0,163965387180.0,163966675830.0,171949675830.0,144271261473.0,144109792980.0,42863424630.0
II. Các khoản đầu tư tài chính ngắn hạn,0.0,11000000000.0,0.0,0.0,0.0,0.0,0.0,0.0,0.0,0.0,300000000000.0,300000000000.0,0.0,310000000000.0,0.0,70000000000.0,250000000000.0,150000000000.0,150000000000.0,100000000000.0,100000000000.0,128930050.0,0.0,40000000000.0,50000000000.0,50000000000.0,50000000000.0,50000000000.0,120000000000.0,120000000000.0,120000000000.0,120000000000.0,80000000000.0,130000000000.0,120000000000.0,60000000000.0,60000000000.0,50000000000.0,40000000000.0,40000000000.0,40000000000.0,30000000000.0,30000000000.0,30000000000.0,30000000000.0
1. Chứng khoán kinh doanh,0.0,11000000000.0,0.0,0.0,0.0,0.0,0.0,0.0,0.0,0.0,300000000000.0,0.0,0.0,0.0,0.0,0.0,0.0,0.0,0.0,0.0,0.0,0.0,0.0,0.0,0.0,0.0,0.0,0.0,0.0,0.0,0.0,0.0,0.0,0.0,0.0,0.0,0.0,0.0,0.0,0.0,0.0,0.0,0.0,0.0,0.0
2. Dự phòng giảm giá chứng khoán kinh doanh,0.0,0.0,0.0,0.0,0.0,0.0,0.0,0.0,0.0,0.0,0.0,0.0,0.0,0.0,0.0,0.0,0.0,0.0,0.0,0.0,0.0,0.0,0.0,0.0,0.0,0.0,0.0,0.0,0.0,0.0,0.0,0.0,0.0,0.0,0.0,0.0,0.0,0.0,0.0,0.0,0.0,0.0,0.0,0.0,0.0
3. Đầu tư nắm giữ đến ngày đáo hạn,0.0,0.0,0.0,0.0,0.0,0.0,0.0,0.0,0.0,0.0,0.0,300000000000.0,0.0,310000000000.0,0.0,70000000000.0,250000000000.0,150000000000.0,150000000000.0,100000000000.0,100000000000.0,128930050.0,0.0,40000000000.0,50000000000.0,50000000000.0,50000000000.0,50000000000.0,120000000000.0,120000000000.0,120000000000.0,120000000000.0,80000000000.0,130000000000.0,120000000000.0,60000000000.0,60000000000.0,50000000000.0,40000000000.0,40000000000.0,40000000000.0,30000000000.0,30000000000.0,30000000000.0,30000000000.0
III. Các khoản phải thu ngắn hạn,133627874289.0,127308708385.0,15894702899.0,37353187103.0,19372107819.0,18339222955.0,32232404457.0,18091951022.0,24718092259.0,17827920715.0,23198080764.0,20739359143.0,23513488222.0,27258206031.0,111149723472.0,78717137522.0,60277664699.0,52180694706.0,35270219520.0,19083396255.0,122495285379.0,83229460095.0,105506524529.0,119781201448.0,161375030214.0,69543364873.0,80409146222.0,133938803479.0,171688527499.0,165792096732.0,165901851027.0,91579193381.0,45970470572.0,81378247475.0,35791546034.0,82941388997.0,52167886610.0,50845713690.0,32439960855.0,36163667768.0,39570882610.0,57991623248.0,59397759087.0,62257348101.0,67309491649.0
1. Phải thu ngắn hạn của khách hàng,153932575.0,8665103559.0,730643704.0,20653382034.0,2654982550.0,725595422.0,14898976923.0,104162984.0,7320680881.0,426921530.0,4772945664.0,3078300730.0,4610489718.0,3678524348.0,80694062478.0,41904847179.0,32641067156.0,31943122775.0,17059175623.0,11048429997.0,108202825408.0,71200828464.0,90813402152.0,102485887886.0,145614001344.0,38626772327.0,47340417042.0,78438624717.0,50873023412.0,23105412975.0,13352831776.0,14402000187.0,3940107707.0,14116247332.0,3794106776.0,16114435696.0,9680656856.0,18919478572.0,4833191120.0,8084258413.0,25779077592.0,39185431868.0,41616354675.0,44140419748.0,63696134628.0
2. Trả trước cho người bán,22536396126.0,4427497790.0,1446575894.0,2982321768.0,2999641968.0,3835121353.0,3613759844.0,4309455102.0,3707091052.0,3701725312.0,4510033358.0,3921784358.0,5158114253.0,9838759771.0,9237693995.0,22978842333.0,12633236099.0,6372816557.0,4206319803.0,7706875830.0,0.0,10630620313.0,13491246817.0,15824275598.0,13373402975.0,30431570905.0,32303101250.0,56418367217.0,119535034682.0,142222366211.0,150863266430.0,78188300873.0,40952830104.0,66134613987.0,31473948829.0,66215462872.0,39080738122.0,31168937460.0,26802816598.0,27099527905.0,11431514871.0,17729158808.0,16965509333.0,17555896274.0,4585825290.0
3. Phải thu nội bộ ngắn hạn,0.0,0.0,0.0,0.0,0.0,0.0,0.0,0.0,0.0,0.0,0.0,0.0,0.0,0.0,0.0,0.0,0.0,0.0,0.0,0.0,12705877846.0,0.0,0.0,0.0,0.0,0.0,0.0,0.0,0.0,0.0,0.0,0.0,0.0,0.0,0.0,0.0,0.0,0.0,0.0,0.0,0.0,0.0,0.0,0.0,0.0
4. Phải thu theo tiến độ hợp đồng xây dựng,0.0,0.0,0.0,0.0,0.0,0.0,0.0,0.0,0.0,0.0,0.0,0.0,0.0,0.0,0.0,0.0,0.0,0.0,0.0,0.0,0.0,0.0,0.0,0.0,0.0,0.0,0.0,0.0,0.0,0.0,0.0,0.0,0.0,0.0,0.0,0.0,0.0,0.0,0.0,0.0,0.0,0.0,0.0,0.0,0.0
5. Phải thu về cho vay ngắn hạn,0.0,0.0,0.0,0.0,0.0,0.0,0.0,0.0,0.0,0.0,0.0,0.0,0.0,0.0,0.0,0.0,0.0,0.0,0.0,0.0,0.0,0.0,0.0,0.0,0.0,0.0,0.0,0.0,0.0,0.0,0.0,0.0,0.0,0.0,0.0,0.0,0.0,0.0,0.0,0.0,0.0,0.0,0.0,0.0,0.0
6. Phải thu ngắn hạn khác,110937545588.0,114255257401.0,13756633666.0,13756633666.0,13756633666.0,13817656545.0,13758818055.0,13756633666.0,13768621056.0,13777574603.0,13993402472.0,13817574785.0,13823184981.0,13819222642.0,21217966999.0,13833448010.0,15003361444.0,13864755374.0,14004724094.0,328090428.0,1586582125.0,1398011318.0,1201875560.0,1471037964.0,2387625895.0,1271655297.0,2601106460.0,917290075.0,3465562893.0,2649411034.0,3912050929.0,1215190429.0,1077532761.0,1127386156.0,523490429.0,611490429.0,3431078924.0,781884950.0,828540429.0,1004468742.0,2401268967.0,1118011392.0,873265427.0,618402427.0,2379918538.0
7. Dự phòng phải thu ngắn hạn khó đòi,0.0,-39150365.0,-39150365.0,-39150365.0,-39150365.0,-39150365.0,-39150365.0,-78300730.0,-78300730.0,-78300730.0,-78300730.0,-78300730.0,-78300730.0,-78300730.0,0.0,0.0,0.0,0.0,0.0,0.0,0.0,0.0,0.0,0.0,0.0,-786633656.0,-1835478530.0,-1835478530.0,-2185093488.0,-2185093488.0,-2226298108.0,-2226298108.0,0.0,0.0,0.0,0.0,-24587292.0,-24587292.0,-24587292.0,-24587292.0,-40978820.0,-40978820.0,-57370348.0,-57370348.0,-3352386807.0
IV. Tổng hàng tồn kho,0.0,86905499.0,157054478.0,325243359.0,507946719.0,684470840.0,39796540.0,111796540.0,111796540.0,39796540.0,380716010.0,4380000.0,0.0,12394458934.0,6475003410.0,1014915453.0,1145678800.0,819577625.0,925704075.0,1261373297.0,754594475.0,1057903534.0,1310374245.0,1348848146.0,1137552891.0,1212641825.0,1625963825.0,1960716477.0,1036162189.0,1219887461.0,1863159974.0,2843274201.0,2957352791.0,2666484281.0,4505016604.0,5763325838.0,6589383951.0,6596973914.0,5802327205.0,5815970643.0,1343143251436.0,1344842979530.0,1367467617598.0,1373304772801.0,1621216375915.0
1. Hàng tồn kho,0.0,86905499.0,157054478.0,325243359.0,507946719.0,684470840.0,39796540.0,111796540.0,111796540.0,39796540.0,380716010.0,4380000.0,0.0,12394458934.0,6475003410.0,1014915453.0,1145678800.0,819577625.0,925704075.0,1261373297.0,754594475.0,1057903534.0,1310374245.0,1348848146.0,1137552891.0,1212641825.0,1625963825.0,1960716477.0,1036162189.0,1219887461.0,1863159974.0,2843274201.0,2957352791.0,2666484281.0,4505016604.0,5763325838.0,6589383951.0,6596973914.0,5802327205.0,5815970643.0,1343143251436.0,1344842979530.0,1367467617598.0,1373304772801.0,1621216375915.0
2. Dự phòng giảm giá hàng tồn kho,0.0,0.0,0.0,0.0,0.0,0.0,0.0,0.0,0.0,0.0,0.0,0.0,0.0,0.0,0.0,0.0,0.0,0.0,0.0,0.0,0.0,0.0,0.0,0.0,0.0,0.0,0.0,0.0,0.0,0.0,0.0,0.0,0.0,0.0,0.0,0.0,0.0,0.0,0.0,0.0,0.0,0.0,0.0,0.0,0.0
V. Tài sản ngắn hạn khác,2102090428.0,517655360.0,0.0,588286036.0,26840745.0,72662263.0,611890811.0,4077803451.0,3153727064.0,8807105968.0,10751868662.0,17865872968.0,15561974964.0,19583402617.0,18113801226.0,1062537107.0,4684070054.0,7422311733.0,7325923162.0,7900407319.0,12510941092.0,2987878310.0,296706469.0,133765765.0,1273336859.0,224515026.0,296252318.0,201487808.0,3328943670.0,9105928524.0,9286318187.0,11549276205.0,18498768853.0,23554924620.0,33030621195.0,28754992361.0,34006383902.0,37649318777.0,38192154108.0,38598667529.0,46472763586.0,46706446812.0,51866701088.0,47188451732.0,123467790807.0
1. Chi phí trả trước ngắn hạn,0.0,37121390.0,0.0,0.0,0.0,0.0,0.0,0.0,0.0,0.0,0.0,286224330.0,204984831.0,105745332.0,57571200.0,104993733.0,12500000.0,75500000.0,106500000.0,54300000.0,201723400.0,303302912.0,207460929.0,133765765.0,241356366.0,224456026.0,284872955.0,189945718.0,1163937607.0,7651021610.0,5439445533.0,5438006747.0,6979449079.0,5653318266.0,7186246219.0,930308064.0,1072117154.0,1115877284.0,1808393412.0,2054499246.0,1975885103.0,1020541247.0,5956715790.0,1222114814.0,76303303333.0
2. Thuế giá trị gia tăng được khấu trừ,1950181270.0,445113970.0,0.0,545286036.0,7614210.0,0.0,587228548.0,3751249167.0,3033838493.0,4654979072.0,10679980091.0,16152850717.0,15288101562.0,19408768714.0,17990841455.0,892154803.0,4606181483.0,7281423162.0,7154034591.0,7780718748.0,4769267011.0,2619186827.0,23856969.0,0.0,0.0,59000.0,11379363.0,11542090.0,2165006063.0,1454906914.0,3846872654.0,6111269458.0,11519319774.0,17901606354.0,25844374976.0,27824684297.0,32934266748.0,36533441493.0,36383760696.0,36544168283.0,44496878483.0,45685905565.0,45909985298.0,45966336918.0,47164487474.0
3. Thuế và các khoản phải thu Nhà nước,0.0,0.0,0.0,0.0,1226535.0,21662263.0,21662263.0,275554284.0,68888571.0,4101126896.0,68888571.0,1426797921.0,68888571.0,68888571.0,65388571.0,65388571.0,65388571.0,65388571.0,65388571.0,65388571.0,7539950681.0,65388571.0,65388571.0,0.0,1031980493.0,0.0,0.0,0.0,0.0,0.0,0.0,0.0,0.0,0.0,0.0,0.0,0.0,0.0,0.0,0.0,0.0,0.0,0.0,0.0,0.0
4. Giao dịch mua bán lại trái phiếu chính phủ,0.0,0.0,0.0,0.0,0.0,0.0,0.0,0.0,0.0,0.0,0.0,0.0,0.0,0.0,0.0,0.0,0.0,0.0,0.0,0.0,0.0,0.0,0.0,0.0,0.0,0.0,0.0,0.0,0.0,0.0,0.0,0.0,0.0,0.0,0.0,0.0,0.0,0.0,0.0,0.0,0.0,0.0,0.0,0.0,0.0
5. Tài sản ngắn hạn khác,151909158.0,35420000.0,0.0,43000000.0,18000000.0,51000000.0,3000000.0,51000000.0,51000000.0,51000000.0,3000000.0,0.0,0.0,0.0,0.0,0.0,0.0,0.0,0.0,0.0,0.0,0.0,0.0,0.0,0.0,0.0,0.0,0.0,0.0,0.0,0.0,0.0,0.0,0.0,0.0,0.0,0.0,0.0,0.0,0.0,0.0,0.0,0.0,0.0,0.0
B. Tài sản cố định và đầu tư dài hạn,372353145814.0,793918189084.0,915781189834.0,942122658902.0,970948005535.0,980248042881.0,1054162331977.0,1106763447915.0,1331838128668.0,1407548522598.0,1461633462347.0,1529431094017.0,1549565627244.0,1603062190678.0,1657336016152.0,1802128973624.0,1485964018044.0,1549426272713.0,1577904434982.0,1640768659164.0,1889665702916.0,2021262157565.0,2072503863696.0,2125152516155.0,2182605357779.0,2261489817278.0,2332626120159.0,2388595594511.0,2529912236927.0,2648428784943.0,2803391284619.0,3390022821311.0,4181166987821.0,4670388777087.0,4898750206285.0,5034714418193.0,5264232306439.0,5405199097084.0,5553986314771.0,5662872714949.0,4600176446047.0,4621359725236.0,4675630376856.0,4707288575835.0,4896719990499.0
I. Các khoản phải thu dài hạn,0.0,0.0,0.0,0.0,0.0,0.0,0.0,0.0,0.0,0.0,0.0,168101010.0,168101010.0,168101010.0,168101010.0,168101010.0,168101010.0,168101010.0,168101010.0,168101010.0,168101010.0,168101010.0,168101010.0,168101010.0,168101010.0,173101010.0,173101010.0,173101010.0,173101010.0,245095088.0,245095088.0,245095088.0,307311938.0,307311938.0,307311938.0,307311938.0,307311938.0,307311938.0,307311938.0,307311938.0,307311938.0,324145994.0,324145994.0,324145994.0,324145994.0
1. Phải thu dài hạn của khách hàng,0.0,0.0,0.0,0.0,0.0,0.0,0.0,0.0,0.0,0.0,0.0,0.0,0.0,0.0,0.0,0.0,0.0,0.0,0.0,0.0,0.0,0.0,0.0,0.0,0.0,0.0,0.0,0.0,0.0,0.0,0.0,0.0,0.0,0.0,0.0,0.0,0.0,0.0,0.0,0.0,0.0,0.0,0.0,0.0,0.0
2. Vốn kinh doanh tại các đơn vị trực thuộc,0.0,0.0,0.0,0.0,0.0,0.0,0.0,0.0,0.0,0.0,0.0,0.0,0.0,0.0,0.0,0.0,0.0,0.0,0.0,0.0,0.0,0.0,0.0,0.0,0.0,0.0,0.0,0.0,0.0,0.0,0.0,0.0,0.0,0.0,0.0,0.0,0.0,0.0,0.0,0.0,0.0,0.0,0.0,0.0,0.0
3. Phải thu dài hạn nội bộ,0.0,0.0,0.0,0.0,0.0,0.0,0.0,0.0,0.0,0.0,0.0,0.0,0.0,0.0,0.0,0.0,0.0,0.0,0.0,0.0,0.0,0.0,0.0,0.0,0.0,0.0,0.0,0.0,0.0,0.0,0.0,0.0,0.0,0.0,0.0,0.0,0.0,0.0,0.0,0.0,0.0,0.0,0.0,0.0,0.0
4. Phải thu về cho vay dài hạn,0.0,0.0,0.0,0.0,0.0,0.0,0.0,0.0,0.0,0.0,0.0,0.0,0.0,0.0,0.0,0.0,0.0,0.0,0.0,0.0,0.0,0.0,0.0,0.0,0.0,0.0,0.0,0.0,0.0,0.0,0.0,0.0,0.0,0.0,0.0,0.0,0.0,0.0,0.0,0.0,0.0,0.0,0.0,0.0,0.0
5. Phải thu dài hạn khác,0.0,0.0,0.0,0.0,0.0,0.0,0.0,0.0,0.0,0.0,0.0,168101010.0,168101010.0,168101010.0,168101010.0,168101010.0,168101010.0,168101010.0,168101010.0,168101010.0,168101010.0,168101010.0,168101010.0,168101010.0,168101010.0,173101010.0,173101010.0,173101010.0,173101010.0,245095088.0,245095088.0,245095088.0,307311938.0,307311938.0,307311938.0,307311938.0,307311938.0,307311938.0,307311938.0,307311938.0,307311938.0,324145994.0,324145994.0,324145994.0,324145994.0
6. Dự phòng phải thu dài hạn khó đòi,0.0,0.0,0.0,0.0,0.0,0.0,0.0,0.0,0.0,0.0,0.0,0.0,0.0,0.0,0.0,0.0,0.0,0.0,0.0,0.0,0.0,0.0,0.0,0.0,0.0,0.0,0.0,0.0,0.0,0.0,0.0,0.0,0.0,0.0,0.0,0.0,0.0,0.0,0.0,0.0,0.0,0.0,0.0,0.0,0.0
II. Tài sản cố định,27422902180.0,54871004051.0,66160044638.0,64950472796.0,63473587120.0,62334448159.0,61139163351.0,59943878556.0,58782179177.0,57585822506.0,58497262236.0,58656323878.0,57470802187.0,56285280496.0,55099758824.0,52728715442.0,333462711060.0,331146098757.0,328797312477.0,326447957544.0,326946384544.0,324576523998.0,322116571881.0,319892234017.0,319740203574.0,319862797045.0,320317358243.0,318466053198.0,315569189346.0,312921237514.0,310250611435.0,311380832217.0,308371565394.0,307522367400.0,309146779736.0,308300009692.0,307449859650.0,306517441556.0,305925346124.0,305333607980.0,668927017540.0,661628479144.0,654429771883.0,645440250860.0,791029994190.0
1. Tài sản cố định hữu hình,24105425458.0,52254781748.0,64134095469.0,63002158986.0,61602908669.0,60486977984.0,59371047289.0,58255116604.0,57172771335.0,56055768774.0,57046562600.0,57284978352.0,56178810771.0,55072643190.0,53966475614.0,51754140452.0,332646844276.0,330409586083.0,328140153913.0,325870153090.0,326447934186.0,324157427750.0,321736497873.0,319570628911.0,319477067348.0,319652708244.0,320155174992.0,318349204558.0,315491877059.0,312871865073.0,310212556237.0,311345782959.0,308339522066.0,307493330012.0,309120748288.0,308276411263.0,307348862752.0,306421731846.0,305834923602.0,305248472646.0,668847169392.0,661553918184.0,654360498111.0,644977944276.0,789049000357.0
Nguyên giá,32681377715.0,63045940844.0,80364181833.0,80364181833.0,78923065917.0,78923065917.0,78923065917.0,78923065917.0,78957365917.0,78957365917.0,81092500693.0,82432500693.0,82432500693.0,82432500693.0,82432500693.0,82432500693.0,369552104445.0,369552104445.0,369610099345.0,369697888445.0,371986226745.0,371986226745.0,371986226745.0,371835099472.0,374349539472.0,377101430476.0,380346202053.0,381333625423.0,381146462853.0,381146462853.0,381115559217.0,385135655282.0,385135655282.0,385135655282.0,387681109827.0,387763680777.0,387763680777.0,387763680777.0,387763680777.0,387763680777.0,771666787252.0,771666787252.0,771772703616.0,754849800310.0,921846561646.0
Giá trị hao mòn lũy kế,-8575952257.0,-10791159096.0,-16230086364.0,-17362022847.0,-17320157248.0,-18436087933.0,-19552018628.0,-20667949313.0,-21784594582.0,-22901597143.0,-24045938093.0,-25147522341.0,-26253689922.0,-27359857503.0,-28466025079.0,-30678360241.0,-36905260169.0,-39142518362.0,-41469945432.0,-43827735355.0,-45538292559.0,-47828798995.0,-50249728872.0,-52264470561.0,-54872472124.0,-57448722232.0,-60191027061.0,-62984420865.0,-65654585794.0,-68274597780.0,-70903002980.0,-73789872323.0,-76796133216.0,-77642325270.0,-78560361539.0,-79487269514.0,-80414818025.0,-81341948931.0,-81928757175.0,-82515208131.0,-102819617860.0,-110112869068.0,-117412205505.0,-109871856034.0,-132797561289.0
2. Tài sản cố định thuê tài chính,0.0,0.0,0.0,0.0,0.0,0.0,0.0,0.0,0.0,0.0,0.0,0.0,0.0,0.0,0.0,0.0,0.0,0.0,0.0,0.0,0.0,0.0,0.0,0.0,0.0,0.0,0.0,0.0,0.0,0.0,0.0,0.0,0.0,0.0,0.0,0.0,0.0,0.0,0.0,0.0,0.0,0.0,0.0,0.0,0.0
Nguyên giá,0.0,0.0,0.0,0.0,0.0,0.0,0.0,0.0,0.0,0.0,0.0,0.0,0.0,0.0,0.0,0.0,0.0,0.0,0.0,0.0,0.0,0.0,0.0,0.0,0.0,0.0,0.0,0.0,0.0,0.0,0.0,0.0,0.0,0.0,0.0,0.0,0.0,0.0,0.0,0.0,0.0,0.0,0.0,0.0,0.0
Giá trị hao mòn lũy kế,0.0,0.0,0.0,0.0,0.0,0.0,0.0,0.0,0.0,0.0,0.0,0.0,0.0,0.0,0.0,0.0,0.0,0.0,0.0,0.0,0.0,0.0,0.0,0.0,0.0,0.0,0.0,0.0,0.0,0.0,0.0,0.0,0.0,0.0,0.0,0.0,0.0,0.0,0.0,0.0,0.0,0.0,0.0,0.0,0.0
3. Tài sản cố định vô hình,3317476722.0,2616222303.0,2025949169.0,1948313810.0,1870678451.0,1847470175.0,1768116062.0,1688761952.0,1609407842.0,1530053732.0,1450699636.0,1371345526.0,1291991416.0,1212637306.0,1133283210.0,974574990.0,815866784.0,736512674.0,657158564.0,577804454.0,498450358.0,419096248.0,380074008.0,321605106.0,263136226.0,210088801.0,162183251.0,116848640.0,77312287.0,49372441.0,38055198.0,35049258.0,32043328.0,29037388.0,26031448.0,23598429.0,100996898.0,95709710.0,90422522.0,85135334.0,79848148.0,74560960.0,69273772.0,462306584.0,1980993833.0
Nguyên giá,4076742280.0,4633374780.0,5431259780.0,5431259780.0,5416259780.0,5471259780.0,5471259780.0,5471259780.0,5471259780.0,5471259780.0,5471259780.0,5471259780.0,5471259780.0,5471259780.0,5471259780.0,5471259780.0,5471259780.0,5471259780.0,5471259780.0,5471259780.0,5471259780.0,5471259780.0,5512449780.0,5512449780.0,5512449780.0,5512449780.0,5512449780.0,5512449780.0,5512449780.0,5512449780.0,5512449780.0,5512449780.0,5512449780.0,5512449780.0,5512449780.0,5512449780.0,5592449780.0,5592449780.0,5592449780.0,5592449780.0,5592449780.0,5592449780.0,5592449780.0,5990769780.0,7673644704.0
Giá trị hao mòn lũy kế,-759265558.0,-2017152477.0,-3405310611.0,-3482945970.0,-3545581329.0,-3623789605.0,-3703143718.0,-3782497828.0,-3861851938.0,-3941206048.0,-4020560144.0,-4099914254.0,-4179268364.0,-4258622474.0,-4337976570.0,-4496684790.0,-4655392996.0,-4734747106.0,-4814101216.0,-4893455326.0,-4972809422.0,-5052163532.0,-5132375772.0,-5190844674.0,-5249313554.0,-5302360979.0,-5350266529.0,-5395601140.0,-5435137493.0,-5463077339.0,-5474394582.0,-5477400522.0,-5480406452.0,-5483412392.0,-5486418332.0,-5488851351.0,-5491452882.0,-5496740070.0,-5502027258.0,-5507314446.0,-5512601632.0,-5517888820.0,-5523176008.0,-5528463196.0,-5692650871.0
III. Bất động sản đầu tư,0.0,0.0,0.0,0.0,0.0,0.0,0.0,0.0,0.0,0.0,0.0,0.0,0.0,0.0,0.0,0.0,51395371172.0,50801696797.0,50801696797.0,50801696797.0,72506527269.0,71651389706.0,71389926518.0,69837680528.0,71562164772.0,70519748355.0,70071006313.0,44936043201.0,44648649012.0,43767580445.0,43480186253.0,43192792061.0,42905397872.0,42024329305.0,41736935113.0,41449540921.0,41162146732.0,40281078165.0,39993683973.0,39706289781.0,1123217425955.0,1105670178520.0,1088721284668.0,1071770051212.0,1054818817756.0
Nguyên giá,0.0,0.0,0.0,0.0,0.0,0.0,0.0,0.0,0.0,0.0,0.0,0.0,0.0,0.0,0.0,0.0,476067168328.0,476067168328.0,476067168328.0,476067168328.0,498033461988.0,498033461988.0,498033461988.0,498033461988.0,500036696756.0,500036696756.0,500036696756.0,500036696756.0,500036696756.0,500036696756.0,500036696756.0,500036696756.0,500036696756.0,500036696756.0,500036696756.0,500036696756.0,500036696756.0,500036696756.0,500036696756.0,500036696756.0,1807020795660.0,1807020795660.0,1807020795660.0,1807020795660.0,1807020795660.0
Giá trị hao mòn lũy kế,0.0,0.0,0.0,0.0,0.0,0.0,0.0,0.0,0.0,0.0,0.0,0.0,0.0,0.0,0.0,0.0,-424671797156.0,-425265471531.0,-425265471531.0,-425265471531.0,-425526934719.0,-426382072282.0,-426643535470.0,-428195781460.0,-428474531984.0,-429516948401.0,-429965690443.0,-455100653555.0,-455388047744.0,-456269116311.0,-456556510503.0,-456843904695.0,-457131298884.0,-458012367451.0,-458299761643.0,-458587155835.0,-458874550024.0,-459755618591.0,-460043012783.0,-460330406975.0,-683803369705.0,-701350617140.0,-718299510992.0,-735250744448.0,-752201977904.0
IV. Tài sản dở dang dài hạn,297145108043.0,688180385323.0,796666723071.0,824861375028.0,855457065314.0,866492902668.0,942226744365.0,996621476721.0,1223555655398.0,1300980168783.0,1354544580442.0,1423110602140.0,1444986406842.0,1499766528668.0,1555740199911.0,1697593308181.0,1050188447725.0,1116834011676.0,1147976096718.0,1210395963545.0,1428748296634.0,1563091179259.0,1617548030562.0,1676083218855.0,1732726720188.0,1806264626104.0,1876995788832.0,1960959859204.0,2106013149599.0,2228985437183.0,2387970728461.0,2971400252524.0,3767517810152.0,4258878497804.0,4486439940106.0,4624741468896.0,4855527721090.0,4998667269178.0,5146819951118.0,5256526280529.0,2699349477222.0,2745901279420.0,2827091108325.0,2886111579389.0,2943324790567.0
"1. Chi phí sản xuất, kinh doanh dở dang dài hạn",0.0,0.0,0.0,0.0,0.0,0.0,0.0,0.0,0.0,0.0,0.0,231922110.0,231922110.0,210253710.0,482735530.0,458221821.0,0.0,0.0,0.0,0.0,0.0,0.0,0.0,0.0,0.0,0.0,0.0,0.0,0.0,0.0,0.0,0.0,0.0,0.0,0.0,0.0,0.0,0.0,0.0,0.0,0.0,0.0,0.0,0.0,0.0
2. chi phí xây dựng cơ bản dở dang,297145108043.0,688180385323.0,796666723071.0,824861375028.0,855457065314.0,866492902668.0,942226744365.0,996621476721.0,1223555655398.0,1300980168783.0,1354544580442.0,1422878680030.0,1444754484732.0,1499556274958.0,1555257464381.0,1697135086360.0,1050188447725.0,1116834011676.0,1147976096718.0,1210395963545.0,1428748296634.0,1563091179259.0,1617548030562.0,1676083218855.0,1732726720188.0,1806264626104.0,1876995788832.0,1960959859204.0,2106013149599.0,2228985437183.0,2387970728461.0,2971400252524.0,3767517810152.0,4258878497804.0,4486439940106.0,4624741468896.0,4855527721090.0,4998667269178.0,5146819951118.0,5256526280529.0,2699349477222.0,2745901279420.0,2827091108325.0,2886111579389.0,2943324790567.0
V. Các khoản đầu tư tài chính dài hạn,47618125000.0,45018125000.0,45018125000.0,45018125000.0,45018125000.0,45018125000.0,45018125000.0,45018125000.0,45018125000.0,45018125000.0,45018125000.0,45018125000.0,45018125000.0,45018125000.0,45018125000.0,45018125000.0,45018125000.0,45018125000.0,45018125000.0,48018125000.0,48018125000.0,48018125000.0,48018125000.0,48018125000.0,48018125000.0,48018125000.0,49518125000.0,49518125000.0,49518125000.0,49518125000.0,49518125000.0,52818125000.0,52818125000.0,52818125000.0,52818125000.0,52818125000.0,52818125000.0,52818125000.0,52818125000.0,52818125000.0,52818125000.0,52818125000.0,52818125000.0,52818125000.0,52818125000.0
1. Đầu tư vào công ty con,0.0,0.0,0.0,0.0,0.0,0.0,0.0,0.0,0.0,0.0,0.0,0.0,0.0,0.0,0.0,0.0,0.0,0.0,0.0,0.0,0.0,0.0,0.0,0.0,0.0,0.0,0.0,0.0,0.0,0.0,0.0,0.0,0.0,0.0,0.0,0.0,0.0,0.0,0.0,0.0,0.0,0.0,0.0,0.0,0.0
"2. Đầu tư vào công ty liên kết, liên doanh",0.0,0.0,0.0,0.0,0.0,0.0,0.0,0.0,0.0,0.0,0.0,0.0,0.0,0.0,0.0,0.0,0.0,0.0,0.0,0.0,0.0,0.0,0.0,0.0,0.0,0.0,0.0,0.0,0.0,0.0,0.0,0.0,0.0,52818125000.0,0.0,0.0,0.0,0.0,0.0,0.0,0.0,0.0,0.0,0.0,0.0
3. Đầu tư khác vào công cụ vốn,47618125000.0,45018125000.0,45018125000.0,45018125000.0,45018125000.0,45018125000.0,45018125000.0,45018125000.0,45018125000.0,45018125000.0,45018125000.0,45018125000.0,45018125000.0,45018125000.0,45018125000.0,45018125000.0,45018125000.0,45018125000.0,45018125000.0,48018125000.0,48018125000.0,48018125000.0,48018125000.0,48018125000.0,48018125000.0,48018125000.0,49518125000.0,49518125000.0,49518125000.0,49518125000.0,49518125000.0,52818125000.0,52818125000.0,0.0,52818125000.0,52818125000.0,52818125000.0,52818125000.0,52818125000.0,52818125000.0,52818125000.0,52818125000.0,52818125000.0,52818125000.0,52818125000.0
4. Dự phòng giảm giá đầu tư tài chính dài hạn,0.0,0.0,0.0,0.0,0.0,0.0,0.0,0.0,0.0,0.0,0.0,0.0,0.0,0.0,0.0,0.0,0.0,0.0,0.0,0.0,0.0,0.0,0.0,0.0,0.0,0.0,0.0,0.0,0.0,0.0,0.0,0.0,0.0,0.0,0.0,0.0,0.0,0.0,0.0,0.0,0.0,0.0,0.0,0.0,0.0
5. Đầu tư nắm giữ đến ngày đáo hạn,0.0,0.0,0.0,0.0,0.0,0.0,0.0,0.0,0.0,0.0,0.0,0.0,0.0,0.0,0.0,0.0,0.0,0.0,0.0,0.0,0.0,0.0,0.0,0.0,0.0,0.0,0.0,0.0,0.0,0.0,0.0,0.0,0.0,0.0,0.0,0.0,0.0,0.0,0.0,0.0,0.0,0.0,0.0,0.0,0.0
VI. Tổng tài sản dài hạn khác,167010591.0,5848674710.0,7936297125.0,7292686078.0,6999228101.0,6402567054.0,5778299261.0,5179967638.0,4482169093.0,3964406309.0,3573494669.0,2477941989.0,1922192205.0,1824155504.0,1309831407.0,6620723991.0,5731262077.0,5458239473.0,5143102980.0,4936815268.0,13278268459.0,13756838592.0,13263108725.0,11153156745.0,10390043235.0,16651419764.0,15550740761.0,14542412898.0,13990022960.0,12991309713.0,11926538382.0,10985724421.0,9246777465.0,8838145640.0,8301114392.0,7097961746.0,6967142029.0,6607871247.0,8121896618.0,8181099721.0,55557088392.0,55017517158.0,52245940986.0,50824423380.0,54404116992.0
1. Chi phí trả trước dài hạn,157010591.0,5670573700.0,7768196115.0,7124585068.0,6831127091.0,6234466044.0,5610198251.0,5011866628.0,4314068083.0,3796305299.0,3405393659.0,2477941989.0,1922192205.0,1824155504.0,1309831407.0,6620723991.0,5731262077.0,5458239473.0,5143102980.0,4936815268.0,13278268459.0,13756838592.0,13263108725.0,11153156745.0,10390043235.0,16651419764.0,15550740761.0,14542412898.0,13990022960.0,12991309713.0,11926538382.0,10985724421.0,9246777465.0,8838145640.0,8301114392.0,7097961746.0,6967142029.0,6607871247.0,8121896618.0,8181099721.0,55557088392.0,55017517158.0,52245940986.0,50824423380.0,54404116992.0
2. Tài sản Thuế thu nhập hoãn lại,0.0,0.0,0.0,0.0,0.0,0.0,0.0,0.0,0.0,0.0,0.0,0.0,0.0,0.0,0.0,0.0,0.0,0.0,0.0,0.0,0.0,0.0,0.0,0.0,0.0,0.0,0.0,0.0,0.0,0.0,0.0,0.0,0.0,0.0,0.0,0.0,0.0,0.0,0.0,0.0,0.0,0.0,0.0,0.0,0.0
3. Tài sản dài hạn khác,10000000.0,178101010.0,168101010.0,168101010.0,168101010.0,168101010.0,168101010.0,168101010.0,168101010.0,168101010.0,168101010.0,0.0,0.0,0.0,0.0,0.0,0.0,0.0,0.0,0.0,0.0,0.0,0.0,0.0,0.0,0.0,0.0,0.0,0.0,0.0,0.0,0.0,0.0,0.0,0.0,0.0,0.0,0.0,0.0,0.0,0.0,0.0,0.0,0.0,0.0
VII. Lợi thế thương mại,0.0,0.0,0.0,0.0,0.0,0.0,0.0,0.0,0.0,0.0,0.0,0.0,0.0,0.0,0.0,0.0,0.0,0.0,0.0,0.0,0.0,0.0,0.0,0.0,0.0,0.0,0.0,0.0,0.0,0.0,0.0,0.0,0.0,0.0,0.0,0.0,0.0,0.0,0.0,0.0,0.0,0.0,0.0,0.0,0.0
TỔNG CỘNG TÀI SẢN,774433712763.0,975442549444.0,970933140739.0,984040642337.0,1007880811732.0,1001964853134.0,1131680873049.0,1151125788347.0,1371057793748.0,1462683868182.0,1827973741742.0,1888499754407.0,1900364982388.0,1978889757187.0,2131520838159.0,2259797130079.0,1820810109227.0,1812946358808.0,1805346920755.0,1857664919592.0,2208490820351.0,2133032890593.0,2249578124565.0,2381495758856.0,2672516188911.0,2709794450073.0,2851003625207.0,3010995589689.0,3117770606764.0,3203296492241.0,3336815747748.0,3831096807250.0,4417745940716.0,5117533659339.0,5187451824244.0,5435220690239.0,5616375070296.0,5655583921112.0,5924430021292.0,6035500150938.0,6334995627469.0,6301813720969.0,6345968303893.0,6404284465950.0,6961128667590.0
NGUỒN VỐN,,,,,,,,,,,,,,,,,,,,,,,,,,,,,,,,,,,,,,,,,,,,,
A. Nợ phải trả,27864565006.0,212607608316.0,236039996605.0,243880356976.0,261791860688.0,252937377872.0,365854028770.0,382890572242.0,627945369293.0,676865677765.0,745719929779.0,802850521644.0,838671829287.0,913508115362.0,1028209056003.0,1196033465701.0,731090389526.0,757958410111.0,740766018490.0,787119665082.0,1083926218390.0,999513537974.0,1143892991051.0,1233099141473.0,1515404071447.0,1536118287536.0,1740154764828.0,1834390885150.0,1920489815732.0,2071360813125.0,2133416982016.0,2590612797902.0,3153509243579.0,3773749011990.0,3856503091839.0,4037740094232.0,4150789606401.0,4243387030951.0,4451063395769.0,4538814940961.0,4800743518813.0,4755808224717.0,4719744199083.0,4723030057882.0,5223813267422.0
I. Nợ ngắn hạn,26934263726.0,73666768656.0,168499996605.0,176340356976.0,189680354365.0,175560871549.0,277234495581.0,255562577243.0,445975563861.0,474927314582.0,443938372722.0,443661233235.0,123614734520.0,88028790191.0,119584355063.0,149952014510.0,115383123182.0,137933675017.0,136694251513.0,134577533233.0,376587281464.0,226670011338.0,200405637494.0,173827491056.0,218780654145.0,228421089155.0,429828417287.0,408978424061.0,471047048970.0,629471935593.0,691366900359.0,1094919593577.0,1043010623732.0,1027427986055.0,1249066968311.0,1324756836802.0,1258885134573.0,1127717265881.0,1318853286645.0,1262031700750.0,1540054515083.0,1487450329840.0,1610669931311.0,1546862416801.0,1812560226862.0
1. Vay và nợ thuê tài chính ngắn hạn,0.0,0.0,14500000000.0,14500000000.0,14500000000.0,2500000000.0,12857200000.0,10357200000.0,19048400000.0,15119800000.0,32666453630.0,27070853630.0,21475253630.0,9808153630.0,46668400000.0,46668400000.0,55592683441.0,44592583441.0,54972850323.0,48222850323.0,182340640042.0,73735713657.0,87500000000.0,70725000000.0,79900000000.0,57925000000.0,85000000000.0,67275000000.0,110705000000.0,84075000000.0,134100000000.0,106075000000.0,187088535054.0,147563535054.0,326168145514.0,309347226612.0,386161359021.0,269062941131.0,480228227481.0,428100132087.0,491191139798.0,315312283507.0,500259843867.0,452635865344.0,624244159513.0
2. Vay và nợ dài hạn đến hạn phải trả,0.0,0.0,0.0,0.0,0.0,0.0,0.0,0.0,0.0,0.0,0.0,0.0,0.0,0.0,0.0,0.0,0.0,0.0,0.0,0.0,0.0,0.0,0.0,0.0,0.0,0.0,0.0,0.0,0.0,0.0,0.0,0.0,0.0,0.0,0.0,0.0,0.0,0.0,0.0,0.0,0.0,0.0,0.0,0.0,0.0
3. Phải trả người bán ngắn hạn,15524646183.0,48404957473.0,33208568359.0,31058417050.0,28397351429.0,26847216743.0,62305802156.0,45401224332.0,192198725745.0,88502229999.0,47454958014.0,59749020934.0,53031052679.0,51625853383.0,53551472941.0,30303754420.0,36316286985.0,29326803222.0,26228313937.0,31338691748.0,157350896467.0,125858193832.0,18651723779.0,32454741372.0,26353470482.0,28688452301.0,30714202664.0,30183470991.0,65126760274.0,51421439385.0,63621712811.0,352714629613.0,205808210099.0,236511835302.0,232882000117.0,216118608646.0,216809320557.0,191115612582.0,218129276941.0,194070581253.0,248298316537.0,231494749306.0,231918781355.0,236367062711.0,268054204858.0
4. Người mua trả tiền trước,268200000.0,604738000.0,1150405158.0,250000000.0,110000000.0,0.0,0.0,0.0,221808720.0,237208720.0,1685771220.0,1737102220.0,370428720.0,703143846.0,974408846.0,629596720.0,484893720.0,263085000.0,2202188750.0,10302154990.0,5517274300.0,10645573300.0,12252048936.0,13522666870.0,66574927806.0,112928530509.0,184685702625.0,201926380275.0,237686408403.0,333587615212.0,307586212599.0,469440905800.0,558444138613.0,577069872048.0,458534295399.0,452010857594.0,487776225503.0,437647451132.0,381296894198.0,457439258655.0,421533076139.0,598896394649.0,452898287862.0,366979949935.0,357036352274.0
5. Thuế và các khoản phải nộp nhà nước,4730616573.0,13473282240.0,2003592403.0,34237511.0,38305899.0,47631866.0,194031402.0,222414770.0,195821846.0,9281327738.0,3754692569.0,180956489.0,1550951277.0,142844678.0,4243379959.0,1661213137.0,851141943.0,574822571.0,634267405.0,736761316.0,317173604.0,1721879690.0,4914687285.0,11611039846.0,3209942080.0,10959774236.0,3790802216.0,15935161785.0,4411671311.0,9916437088.0,26661229030.0,38321672465.0,11562635289.0,21229918112.0,45258841943.0,57277838607.0,26922456771.0,22090456662.0,37475052262.0,40262643486.0,7901274023.0,8719665074.0,44676893577.0,63644506491.0,42749990703.0
6. Phải trả người lao động,577345190.0,1842103756.0,1253776838.0,291525788.0,293094846.0,486620287.0,1678349645.0,465257215.0,423393644.0,478732867.0,2354100774.0,460033481.0,482220017.0,623844628.0,1660265000.0,636886430.0,1117353000.0,182902950.0,879748483.0,1324435318.0,8019932000.0,1829956743.0,1406616375.0,1122086600.0,4608003000.0,1640115700.0,1694450500.0,1794806500.0,4864534000.0,1224778600.0,5860494500.0,3352746900.0,9921174600.0,1129068000.0,1222520000.0,0.0,12170538000.0,1381902500.0,8926261000.0,9742651500.0,10651886000.0,2281461500.0,1708565000.0,4160916500.0,8339974000.0
7. Chi phí phải trả ngắn hạn,0.0,1872372059.0,104019217425.0,120936525550.0,136814891220.0,136814891220.0,191820896516.0,191715896516.0,194586859795.0,344533590952.0,348361541991.0,348361541991.0,0.0,0.0,45000000.0,5615784172.0,45000000.0,45000000.0,0.0,68000000.0,0.0,0.0,0.0,6455610061.0,2277060223.0,1035739370.0,1316743724.0,443450062.0,1582629943.0,4486370822.0,4090263007.0,9412611034.0,1564657710.0,2493661176.0,14687507475.0,17988844532.0,1881173172.0,2884352119.0,3014421231.0,8827884195.0,9237468512.0,65000000.0,0.0,14862839260.0,26361183197.0
8. Phải trả nội bộ ngắn hạn,0.0,0.0,0.0,0.0,0.0,0.0,0.0,0.0,0.0,0.0,0.0,0.0,0.0,0.0,0.0,0.0,0.0,0.0,0.0,0.0,0.0,0.0,0.0,0.0,0.0,0.0,0.0,0.0,0.0,0.0,0.0,0.0,0.0,0.0,0.0,0.0,0.0,0.0,0.0,0.0,0.0,0.0,0.0,0.0,0.0
9. Phải trả theo tiến độ kế hoạch hợp đồng xây dựng,0.0,0.0,0.0,0.0,0.0,0.0,0.0,0.0,0.0,0.0,0.0,0.0,0.0,0.0,0.0,0.0,0.0,0.0,0.0,0.0,0.0,0.0,0.0,0.0,0.0,0.0,0.0,0.0,0.0,0.0,0.0,0.0,0.0,0.0,0.0,0.0,0.0,0.0,0.0,0.0,0.0,0.0,0.0,0.0,0.0
10. Doanh thu chưa thực hiện ngắn hạn,0.0,0.0,0.0,0.0,0.0,0.0,0.0,0.0,0.0,0.0,0.0,0.0,0.0,0.0,0.0,0.0,0.0,0.0,1269843750.0,1269843750.0,1269843750.0,1269843750.0,1269843750.0,1269843750.0,9727253756.0,35000000.0,9722705614.0,9707705614.0,11742576927.0,0.0,9702705614.0,9702705614.0,9702705614.0,0.0,8432861864.0,9702705614.0,9702705614.0,0.0,9702705614.0,9702705614.0,12106393722.0,2403688108.0,20283648270.0,21894739192.0,19961564468.0
11. Phải trả ngắn hạn khác,332644642.0,2077015724.0,3134734691.0,1096222975.0,1205433369.0,998031831.0,1115746974.0,894579278.0,29158649272.0,8157146802.0,3831060211.0,2514443977.0,37229466684.0,16588603513.0,6069692436.0,53130095589.0,15713807118.0,53848035058.0,43164429155.0,34534967078.0,15282849102.0,7072922774.0,61078908017.0,24174343205.0,18109568867.0,8397334462.0,93815003334.0,63893982224.0,20438721502.0,114545627345.0,114182173668.0,82089814830.0,37820101418.0,23454980528.0,125511571275.0,226397295473.0,81324843212.0,142892590232.0,130286330251.0,61717966293.0,293894757078.0,285303409422.0,303842173606.0,331957257594.0,412771807097.0
12. Dự phòng phải trả ngắn hạn,0.0,0.0,0.0,0.0,0.0,0.0,0.0,0.0,0.0,0.0,0.0,0.0,0.0,0.0,0.0,0.0,0.0,0.0,0.0,0.0,0.0,0.0,0.0,0.0,0.0,0.0,0.0,0.0,4997245000.0,3683145000.0,0.0,0.0,3705400000.0,2350980000.0,0.0,0.0,6220000000.0,5809200000.0,0.0,0.0,0.0,0.0,0.0,0.0,0.0
13. Quỹ khen thưởng phúc lợi,5500811138.0,5392299404.0,9229701731.0,8173428102.0,8321277602.0,7866479602.0,7262468888.0,6506005132.0,10141904839.0,8617277504.0,3829794313.0,3587280513.0,9475361513.0,8536346513.0,6371735881.0,11306284042.0,5261956975.0,9100442775.0,7342609710.0,6779828710.0,6488672199.0,4535927592.0,13331809352.0,12492159352.0,8020427931.0,6811142577.0,19088806610.0,17818466610.0,9491501610.0,26531522141.0,25562109130.0,23809507321.0,17393065335.0,15624135835.0,36369224724.0,35913459724.0,29916512723.0,54832759523.0,49794117667.0,52167877667.0,45240203274.0,42973678274.0,55081737774.0,54359279774.0,53040990752.0
14. Quỹ bình ổn giá,0.0,0.0,0.0,0.0,0.0,0.0,0.0,0.0,0.0,0.0,0.0,0.0,0.0,0.0,0.0,0.0,0.0,0.0,0.0,0.0,0.0,0.0,0.0,0.0,0.0,0.0,0.0,0.0,0.0,0.0,0.0,0.0,0.0,0.0,0.0,0.0,0.0,0.0,0.0,0.0,0.0,0.0,0.0,0.0,0.0
15. Giao dịch mua bán lại trái phiếu chính phủ,0.0,0.0,0.0,0.0,0.0,0.0,0.0,0.0,0.0,0.0,0.0,0.0,0.0,0.0,0.0,0.0,0.0,0.0,0.0,0.0,0.0,0.0,0.0,0.0,0.0,0.0,0.0,0.0,0.0,0.0,0.0,0.0,0.0,0.0,0.0,0.0,0.0,0.0,0.0,0.0,0.0,0.0,0.0,0.0,0.0
II. Nợ dài hạn,930301280.0,138940839660.0,67540000000.0,67540000000.0,72111506323.0,77376506323.0,88619533189.0,127327994999.0,181969805432.0,201938363183.0,301781557057.0,359189288409.0,715057094767.0,825479325171.0,908624700940.0,1046081451191.0,615707266344.0,620024735094.0,604071766977.0,652542131849.0,707338936926.0,772843526636.0,943487353557.0,1059271650417.0,1296623417302.0,1307697198381.0,1310326347541.0,1425412461089.0,1449442766762.0,1441888877532.0,1442050081657.0,1495693204325.0,2110498619847.0,2746321025935.0,2607436123528.0,2712983257430.0,2891904471828.0,3115669765070.0,3132210109124.0,3276783240211.0,3260689003730.0,3268357894877.0,3109074267772.0,3176167641081.0,3411253040560.0
1. Phải trả người bán dài hạn,0.0,0.0,0.0,0.0,0.0,0.0,0.0,0.0,0.0,0.0,0.0,0.0,0.0,0.0,0.0,0.0,0.0,0.0,0.0,0.0,0.0,0.0,0.0,0.0,0.0,0.0,0.0,0.0,0.0,0.0,0.0,0.0,0.0,0.0,0.0,0.0,0.0,0.0,0.0,0.0,0.0,0.0,0.0,0.0,0.0
2. Chi phí phải trả dài hạn,0.0,0.0,0.0,0.0,0.0,0.0,0.0,0.0,0.0,0.0,0.0,0.0,353585866866.0,353585866866.0,424078122781.0,429233351406.0,19918025000.0,19918025000.0,19918025000.0,19918025000.0,92817950095.0,99120957553.0,131084060656.0,184907105798.0,192264924693.0,203338705772.0,216097087333.0,268367037352.0,265172113150.0,305938725392.0,355219150285.0,378490019211.0,399772905624.0,461448451325.0,525499696953.0,582527651855.0,625823311298.0,789357076488.0,943658533240.0,998958065522.0,832609298330.0,821451006197.0,920225601106.0,980152080855.0,1056817300559.0
3. Phải trả nội bộ về vốn kinh doanh,0.0,0.0,0.0,0.0,0.0,0.0,0.0,0.0,0.0,0.0,0.0,0.0,0.0,0.0,0.0,0.0,0.0,0.0,0.0,0.0,0.0,0.0,0.0,0.0,0.0,0.0,0.0,0.0,0.0,0.0,0.0,0.0,0.0,0.0,0.0,0.0,0.0,0.0,0.0,0.0,0.0,0.0,0.0,0.0,0.0
4. Phải trả nội bộ dài hạn,0.0,0.0,0.0,0.0,0.0,0.0,0.0,0.0,0.0,0.0,0.0,0.0,0.0,0.0,0.0,0.0,0.0,0.0,0.0,0.0,0.0,0.0,0.0,0.0,0.0,0.0,0.0,0.0,0.0,0.0,0.0,0.0,0.0,0.0,0.0,0.0,0.0,0.0,0.0,0.0,0.0,0.0,0.0,0.0,0.0
5. Phải trả dài hạn khác,0.0,0.0,40000000.0,40000000.0,20000000.0,20000000.0,20000000.0,20000000.0,0.0,0.0,0.0,0.0,100000000.0,100000000.0,120000000.0,232000000.0,257000000.0,257000000.0,2704142515.0,3521941436.0,3921941436.0,4221941436.0,4521941436.0,5352189436.0,1965241436.0,1965241436.0,1965241436.0,1965241436.0,1941241436.0,1941241436.0,1962341436.0,1962341436.0,1962341436.0,874200000.0,874200000.0,874200000.0,221425097205.0,283325755629.0,241578127885.0,198304925214.0,910823475.0,2350823475.0,2350823475.0,2350823475.0,2350823475.0
6. Vay và nợ thuê tài chính dài hạn,0.0,60162000000.0,67500000000.0,67500000000.0,72091506323.0,77356506323.0,88599533189.0,127307994999.0,181969805432.0,201938363183.0,301781557057.0,359189288409.0,361371227901.0,471793458305.0,461849255340.0,580044599785.0,547786116344.0,547786116344.0,530655849462.0,578308415413.0,559805295395.0,619976721397.0,758357445215.0,819488448933.0,842684094771.0,842684094771.0,841621271525.0,904437435054.0,854171555054.0,883366163457.0,843928548303.0,874300802045.0,1467823331154.0,2043058332977.0,1848555046806.0,1898344069556.0,1813418727306.0,1811749596934.0,1725438817594.0,1857985619070.0,2144008883404.0,2161396066684.0,1913040550284.0,1920207443844.0,2043634155854.0
7. Trái phiếu chuyển đổi,0.0,0.0,0.0,0.0,0.0,0.0,0.0,0.0,0.0,0.0,0.0,0.0,0.0,0.0,0.0,0.0,0.0,0.0,0.0,0.0,0.0,0.0,0.0,0.0,0.0,0.0,0.0,0.0,0.0,0.0,0.0,0.0,0.0,0.0,0.0,0.0,0.0,0.0,0.0,0.0,0.0,0.0,0.0,0.0,0.0
8. Thuế thu nhập hoãn lại phải trả,817236872.0,0.0,0.0,0.0,0.0,0.0,0.0,0.0,0.0,0.0,0.0,0.0,0.0,0.0,1497916569.0,0.0,0.0,0.0,0.0,0.0,0.0,0.0,0.0,0.0,0.0,0.0,0.0,0.0,0.0,0.0,0.0,0.0,0.0,0.0,0.0,0.0,0.0,0.0,0.0,0.0,0.0,0.0,0.0,0.0,0.0
9. Dự phòng trợ cấp mất việc làm,113064408.0,110635733.0,0.0,0.0,0.0,0.0,0.0,0.0,0.0,0.0,0.0,0.0,0.0,0.0,0.0,0.0,0.0,0.0,0.0,0.0,0.0,0.0,0.0,0.0,0.0,0.0,0.0,0.0,0.0,0.0,0.0,0.0,0.0,0.0,0.0,0.0,0.0,0.0,0.0,0.0,0.0,0.0,0.0,0.0,0.0
10. Dự phòng phải trả dài hạn,0.0,0.0,0.0,0.0,0.0,0.0,0.0,0.0,0.0,0.0,0.0,0.0,0.0,0.0,0.0,0.0,0.0,0.0,0.0,0.0,0.0,0.0,0.0,0.0,0.0,0.0,0.0,0.0,0.0,0.0,0.0,0.0,0.0,0.0,0.0,0.0,0.0,0.0,0.0,0.0,0.0,0.0,0.0,0.0,0.0
11. Doanh thu chưa thực hiện dài hạn,0.0,78668203927.0,0.0,0.0,0.0,0.0,0.0,0.0,0.0,0.0,0.0,0.0,0.0,0.0,21079406250.0,36571500000.0,47746125000.0,52063593750.0,50793750000.0,50793750000.0,50793750000.0,49523906250.0,49523906250.0,49523906250.0,259709156402.0,259709156402.0,250642747247.0,250642747247.0,328157857122.0,250642747247.0,240940041633.0,240940041633.0,240940041633.0,240940041633.0,232507179769.0,231237336019.0,231237336019.0,231237336019.0,221534630405.0,221534630405.0,283159998521.0,283159998521.0,273457292907.0,273457292907.0,308450760672.0
12. Quỹ phát triển khoa học và công nghệ,0.0,0.0,0.0,0.0,0.0,0.0,0.0,0.0,0.0,0.0,0.0,0.0,0.0,0.0,0.0,0.0,0.0,0.0,0.0,0.0,0.0,0.0,0.0,0.0,0.0,0.0,0.0,0.0,0.0,0.0,0.0,0.0,0.0,0.0,0.0,0.0,0.0,0.0,0.0,0.0,0.0,0.0,0.0,0.0,0.0
B. Nguồn vốn chủ sở hữu,746569147757.0,762834941128.0,734893144134.0,740160285361.0,746088951044.0,749027475262.0,765826844279.0,768235216105.0,743112424455.0,785818190417.0,1082253811963.0,1085649232763.0,1061693153101.0,1065381641825.0,1103311782156.0,1063763664378.0,1089719719701.0,1054987948697.0,1064580902265.0,1070545254510.0,1124564601961.0,1133519352619.0,1105685133514.0,1148396617383.0,1157112117464.0,1173676162537.0,1110848860379.0,1176604704539.0,1197280791032.0,1131935679116.0,1203398765732.0,1240484009348.0,1264236697137.0,1343784647349.0,1330948732405.0,1397480596007.0,1465585463895.0,1412196890161.0,1473366625523.0,1496685209977.0,1534252108656.0,1546005496252.0,1626224104810.0,1681254408068.0,1737315400168.0
I. Vốn chủ sở hữu,746569147757.0,762834941128.0,734893144134.0,740160285361.0,746088951044.0,749027475262.0,765826844279.0,768235216105.0,743112424455.0,785818190417.0,1082253811963.0,1085649232763.0,1061693153101.0,1065381641825.0,1103311782156.0,1063763664378.0,1089719719701.0,1054987948697.0,1064580902265.0,1070545254510.0,1124564601961.0,1133519352619.0,1105685133514.0,1148396617383.0,1157112117464.0,1173676162537.0,1110848860379.0,1176604704539.0,1197280791032.0,1131935679116.0,1203398765732.0,1240484009348.0,1264236697137.0,1343784647349.0,1330948732405.0,1397480596007.0,1465585463895.0,1412196890161.0,1473366625523.0,1496685209977.0,1534252108656.0,1546005496252.0,1626224104810.0,1681254408068.0,1737315400168.0
1. Vốn đầu tư của chủ sở hữu,700000000000.0,700000000000.0,700000000000.0,700000000000.0,700000000000.0,700000000000.0,700000000000.0,700000000000.0,700000000000.0,700000000000.0,1000000000000.0,1000000000000.0,1000000000000.0,1000000000000.0,1000000000000.0,1000000000000.0,1000000000000.0,1000000000000.0,1000000000000.0,1000000000000.0,1000000000000.0,1000000000000.0,1000000000000.0,1000000000000.0,1000000000000.0,1000000000000.0,1000000000000.0,1000000000000.0,1000000000000.0,1000000000000.0,1000000000000.0,1000000000000.0,1000000000000.0,1000000000000.0,1000000000000.0,1000000000000.0,1000000000000.0,1000000000000.0,1000000000000.0,1000000000000.0,1000000000000.0,1000000000000.0,1000000000000.0,1199999610000.0,1199999610000.0
2. Thặng dư vốn cổ phần,5484250000.0,5484250000.0,5484250000.0,5484250000.0,5484250000.0,5484250000.0,5484250000.0,5484250000.0,5484250000.0,5484250000.0,5414250000.0,5414250000.0,5414250000.0,5414250000.0,5407250000.0,5407250000.0,5407250000.0,5407250000.0,5407250000.0,5407250000.0,5407250000.0,5407250000.0,5407250000.0,5407250000.0,5407250000.0,5407250000.0,5407250000.0,5407250000.0,5407250000.0,5407250000.0,5407250000.0,5407250000.0,5407250000.0,5407250000.0,5407250000.0,5407250000.0,5407250000.0,5407250000.0,5407250000.0,5407250000.0,5407250000.0,5407250000.0,5407250000.0,5347250000.0,5347250000.0
3. Quyền chọn chuyển đổi trái phiếu,0.0,0.0,0.0,0.0,0.0,0.0,0.0,0.0,0.0,0.0,0.0,0.0,0.0,0.0,0.0,0.0,0.0,0.0,0.0,0.0,0.0,0.0,0.0,0.0,0.0,0.0,0.0,0.0,0.0,0.0,0.0,0.0,0.0,0.0,0.0,0.0,0.0,0.0,0.0,0.0,0.0,0.0,0.0,0.0,0.0
4. Vốn khác của chủ sở hữu,0.0,0.0,0.0,0.0,0.0,0.0,0.0,0.0,0.0,0.0,0.0,0.0,0.0,0.0,0.0,0.0,0.0,0.0,0.0,0.0,0.0,0.0,0.0,0.0,0.0,0.0,0.0,0.0,0.0,0.0,0.0,0.0,0.0,0.0,0.0,0.0,0.0,0.0,0.0,0.0,0.0,0.0,0.0,0.0,0.0
5. Cổ phiếu quỹ,0.0,0.0,0.0,0.0,0.0,0.0,0.0,0.0,0.0,0.0,0.0,0.0,0.0,0.0,0.0,0.0,0.0,0.0,0.0,0.0,0.0,0.0,0.0,0.0,0.0,0.0,0.0,0.0,0.0,0.0,0.0,0.0,0.0,0.0,0.0,0.0,0.0,0.0,0.0,0.0,0.0,0.0,0.0,0.0,0.0
6. Chênh lệch đánh giá lại tài sản,0.0,0.0,0.0,0.0,0.0,0.0,0.0,0.0,0.0,0.0,0.0,0.0,0.0,0.0,0.0,0.0,0.0,0.0,0.0,0.0,0.0,0.0,0.0,0.0,0.0,0.0,0.0,0.0,0.0,0.0,0.0,0.0,0.0,0.0,0.0,0.0,0.0,0.0,0.0,0.0,0.0,0.0,0.0,0.0,0.0
7. Chênh lệch tỷ giá hối đoái,19169706.0,32838151.0,0.0,0.0,0.0,0.0,0.0,0.0,0.0,0.0,0.0,0.0,0.0,0.0,0.0,0.0,0.0,0.0,0.0,0.0,0.0,0.0,0.0,0.0,0.0,0.0,0.0,0.0,0.0,0.0,0.0,0.0,0.0,0.0,0.0,0.0,0.0,0.0,0.0,0.0,0.0,0.0,0.0,0.0,0.0
8. Quỹ đầu tư phát triển,3034559838.0,4630406378.0,6797406378.0,6797406378.0,7031485378.0,7031485378.0,7031485378.0,7031485378.0,8623473378.0,8623473378.0,8623473378.0,17246946756.0,22283884756.0,22283884756.0,22283884756.0,28885884756.0,28885884756.0,28885884756.0,28885884756.0,28885884756.0,28885884756.0,28885884756.0,28885884756.0,28885884756.0,28885884756.0,28885884756.0,28885884756.0,28885884756.0,28885884756.0,33250884756.0,33250884756.0,33250884756.0,44392827134.0,44392827134.0,51832827134.0,51832827134.0,51832827134.0,87832827134.0,87832827134.0,87832827134.0,87832827134.0,87832827134.0,127832827134.0,127832827134.0,127832827134.0
9. Quỹ dự phòng tài chính,3034559838.0,4630406378.0,6797406378.0,6797406378.0,7031485378.0,7031485378.0,7031485378.0,7031485378.0,8623473378.0,8623473378.0,8623473378.0,0.0,0.0,0.0,0.0,0.0,0.0,0.0,0.0,0.0,0.0,0.0,0.0,0.0,0.0,0.0,0.0,0.0,0.0,0.0,0.0,0.0,0.0,0.0,0.0,0.0,0.0,0.0,0.0,0.0,0.0,0.0,0.0,0.0,0.0
10. Quỹ khác thuộc vốn chủ sở hữu,3034559838.0,4630406378.0,6797406378.0,6797406378.0,7031485378.0,7031485378.0,7031485378.0,7031485378.0,8623473378.0,8623473378.0,8623473378.0,8623473378.0,11141942378.0,11141942378.0,11141942378.0,11141942378.0,11141942378.0,11141942378.0,11141942378.0,11141942378.0,11141942378.0,11141942378.0,11141942378.0,11141942378.0,11141942378.0,11141942378.0,11141942378.0,11141942378.0,11141942378.0,11141942378.0,11141942378.0,11141942378.0,0.0,0.0,0.0,0.0,0.0,0.0,0.0,0.0,0.0,0.0,0.0,0.0,0.0
11. Lợi nhuận sau thuế chưa phân phối,31962048537.0,43426633843.0,9016675000.0,14283816227.0,19510244910.0,22448769128.0,39248138145.0,41656509971.0,11757754321.0,54463520283.0,50969141829.0,54364562629.0,22853075967.0,26541564691.0,64478705022.0,18328587244.0,44284642567.0,9552871563.0,19145825131.0,25110177376.0,79129524827.0,88084275485.0,60250056380.0,102961540249.0,111677040330.0,128241085403.0,65413783245.0,131169627405.0,151845713898.0,82135601982.0,153598688598.0,190683932214.0,214436620003.0,293984570215.0,273708655271.0,340240518873.0,408345386761.0,318956813027.0,380126548389.0,403445132843.0,441012031522.0,452765419118.0,492984027676.0,348074720934.0,404135713034.0
LNST chưa phân phối lũy kế đến cuối kỳ trước,,,,,,,,,,,,52269423241.0,2158609241.0,2158609241.0,2158609241.0,144705022.0,144705022.0,42387567.0,42387567.0,42387567.0,42387567.0,72745243094.0,13619094595.0,13619094595.0,13619094595.0,109724695764.0,16371169420.0,16371169420.0,16371169420.0,28477802073.0,28435416186.0,28435416186.0,28435416186.0,214436620003.0,84716620003.0,84716620003.0,84716620003.0,243645386761.0,243645386761.0,243645386761.0,243645386761.0,441012031522.0,385262031522.0,185262421522.0,185262421522.0
LNST chưa phân phối kỳ này,,,,,,,,,,,,2095139388.0,20694466726.0,24382955450.0,62320095781.0,18183882222.0,44139937545.0,9510483996.0,19103437564.0,25067789809.0,79087137260.0,15339032391.0,46630961785.0,89342445654.0,98057945735.0,18516389639.0,49042613825.0,114798457985.0,135474544478.0,53657799909.0,125163272412.0,162248516028.0,186001203817.0,79547950212.0,188992035268.0,255523898870.0,323628766758.0,75311426266.0,136481161628.0,159799746082.0,197366644761.0,11753387596.0,107721996154.0,162812299412.0,218873291512.0
12. Nguồn vốn đầu tư xây dựng cơ bản,0.0,0.0,0.0,0.0,0.0,0.0,0.0,0.0,0.0,0.0,0.0,0.0,0.0,0.0,0.0,0.0,0.0,0.0,0.0,0.0,0.0,0.0,0.0,0.0,0.0,0.0,0.0,0.0,0.0,0.0,0.0,0.0,0.0,0.0,0.0,0.0,0.0,0.0,0.0,0.0,0.0,0.0,0.0,0.0,0.0
13. Quỹ hỗ trợ sắp xếp doanh nghiệp,0.0,0.0,0.0,0.0,0.0,0.0,0.0,0.0,0.0,0.0,0.0,0.0,0.0,0.0,0.0,0.0,0.0,0.0,0.0,0.0,0.0,0.0,0.0,0.0,0.0,0.0,0.0,0.0,0.0,0.0,0.0,0.0,0.0,0.0,0.0,0.0,0.0,0.0,0.0,0.0,0.0,0.0,0.0,0.0,0.0
14. Lợi ích của cổ đông không kiểm soát,0.0,0.0,0.0,0.0,0.0,0.0,0.0,0.0,0.0,0.0,0.0,0.0,0.0,0.0,0.0,0.0,0.0,0.0,0.0,0.0,0.0,0.0,0.0,0.0,0.0,0.0,0.0,0.0,0.0,0.0,0.0,0.0,0.0,0.0,0.0,0.0,0.0,0.0,0.0,0.0,0.0,0.0,0.0,0.0,0.0
II. Nguồn kinh phí và quỹ khác,0.0,0.0,0.0,0.0,0.0,0.0,0.0,0.0,0.0,0.0,0.0,0.0,0.0,0.0,0.0,0.0,0.0,0.0,0.0,0.0,0.0,0.0,0.0,0.0,0.0,0.0,0.0,0.0,0.0,0.0,0.0,0.0,0.0,0.0,0.0,0.0,0.0,0.0,0.0,0.0,0.0,0.0,0.0,0.0,0.0
1. Nguồn kinh phí ,0.0,0.0,0.0,0.0,0.0,0.0,0.0,0.0,0.0,0.0,0.0,0.0,0.0,0.0,0.0,0.0,0.0,0.0,0.0,0.0,0.0,0.0,0.0,0.0,0.0,0.0,0.0,0.0,0.0,0.0,0.0,0.0,0.0,0.0,0.0,0.0,0.0,0.0,0.0,0.0,0.0,0.0,0.0,0.0,0.0
2. Nguồn kinh phí đã hình thành tài sản cố định,0.0,0.0,0.0,0.0,0.0,0.0,0.0,0.0,0.0,0.0,0.0,0.0,0.0,0.0,0.0,0.0,0.0,0.0,0.0,0.0,0.0,0.0,0.0,0.0,0.0,0.0,0.0,0.0,0.0,0.0,0.0,0.0,0.0,0.0,0.0,0.0,0.0,0.0,0.0,0.0,0.0,0.0,0.0,0.0,0.0
3. Quỹ dự phòng trợ cấp mất việc làm,0.0,0.0,0.0,0.0,0.0,0.0,0.0,0.0,0.0,0.0,0.0,0.0,0.0,0.0,0.0,0.0,0.0,0.0,0.0,0.0,0.0,0.0,0.0,0.0,0.0,0.0,0.0,0.0,0.0,0.0,0.0,0.0,0.0,0.0,0.0,0.0,0.0,0.0,0.0,0.0,0.0,0.0,0.0,0.0,0.0
TỔNG CỘNG NGUỒN VỐN,774433712763.0,975442549444.0,970933140739.0,984040642337.0,1007880811732.0,1001964853134.0,1131680873049.0,1151125788347.0,1371057793748.0,1462683868182.0,1827973741742.0,1888499754407.0,1900364982388.0,1978889757187.0,2131520838159.0,2259797130079.0,1820810109227.0,1812946358808.0,1805346920755.0,1857664919592.0,2208490820351.0,2133032890593.0,2249578124565.0,2381495758856.0,2672516188911.0,2709794450073.0,2851003625207.0,3010995589689.0,3117770606764.0,3203296492241.0,3336815747748.0,3831096807250.0,4417745940716.0,5117533659339.0,5187451824244.0,5435220690239.0,5616375070296.0,5655583921112.0,5924430021292.0,6035500150938.0,6334995627469.0,6301813720969.0,6345968303893.0,6404284465950.0,6961128667590.0
