Item,Q4 2006,Q3 2007,Q4 2007,Q2 2008,Q3 2008,Q4 2008,Q1 2009,Q2 2009,Q3 2009,Q4 2009,Q1 2010,Q2 2010,Q3 2010,Q4 2010,Q1 2011,Q2 2011,Q3 2011,Q4 2011,Q1 2012,Q2 2012,Q3 2012,Q4 2012,Q1 2013,Q2 2013,Q3 2013,Q4 2013,Q1 2014,Q2 2014,Q3 2014,Q4 2014,Q1 2015,Q2 2015,Q3 2015,Q4 2015,Q1 2016,Q2 2016,Q3 2016,Q4 2016,Q1 2017,Q2 2017,Q3 2017,Q4 2017,Q1 2018,Q2 2018,Q3 2018,Q4 2018,Q1 2019,Q2 2019,Q3 2019,Q4 2019,Q1 2020,Q2 2020,Q3 2020,Q4 2020,Q1 2021,Q2 2021,Q3 2021,Q4 2021,Q1 2022,Q2 2022,Q3 2022,Q4 2022,Q1 2023,Q2 2023,Q3 2023
TÀI SẢN,,,,,,,,,,,,,,,,,,,,,,,,,,,,,,,,,,,,,,,,,,,,,,,,,,,,,,,,,,,,,,,,,
A. Tài sản lưu động và đầu tư ngắn hạn,804711089000.0,1072935787070.0,4011680725000.0,4831016004000.0,6455382429000.0,4524792761000.0,4450238978000.0,4990491440000.0,5340035352000.0,7403555092000.0,8081862710000.0,8262292509000.0,9162579866000.0,11085919707000.0,11781429557000.0,13083429431000.0,14075800103000.0,13303193163000.0,13084330604000.0,13871489872000.0,11939133917000.0,13736225163000.0,15234297809000.0,17003801670000.0,15437372810000.0,9698754741000.0,9372877632000.0,10822752776000.0,11375929985000.0,10112881970000.0,11090076734000.0,12636848162000.0,13082986673000.0,13152918271000.0,13968053065000.0,11927800705000.0,13092099960000.0,10599895568000.0,10551688370000.0,9784612658000.0,7938021572000.0,8739143586000.0,7049204781000.0,7635142588000.0,7460985331000.0,10060599985000.0,6527891699000.0,6091773425000.0,8357620738000.0,7149532287000.0,6504078906000.0,7815824103000.0,9105200725000.0,10136116918000.0,4226879002000.0,5226803590000.0,5979111805000.0,5624732830000.0,4910486302000.0,8054798117000.0,8390708767000.0,8162952279000.0,8682963195000.0,7816012477000.0,6393721268000.0
I. Tiền và các khoản tương đương tiền,132797218000.0,56479972373.0,1290907575000.0,118873850000.0,722358461000.0,531085394000.0,456243436000.0,548722343000.0,597202369000.0,1944228950000.0,1345533525000.0,1224546617000.0,2192592098000.0,3588663440000.0,2489107241000.0,3123568302000.0,3150298210000.0,2893541410000.0,1687406551000.0,2578558970000.0,1598460370000.0,2518419172000.0,2444249100000.0,2376595774000.0,1729525709000.0,2449630457000.0,1429107363000.0,1940898403000.0,2277728564000.0,978411382000.0,932698338000.0,1467152784000.0,2079011827000.0,968617597000.0,1719734428000.0,1424306671000.0,889476060000.0,794085316000.0,209295185000.0,1619141339000.0,219902564000.0,141082424000.0,107320055000.0,223552064000.0,847689600000.0,337744709000.0,261427547000.0,177737527000.0,193002013000.0,254431619000.0,61138981000.0,82102337000.0,280416936000.0,97275396000.0,272554623000.0,155797335000.0,108787149000.0,78243594000.0,125163469000.0,117689314000.0,131545682000.0,72372525000.0,43230935000.0,50076560000.0,62329043000.0
1. Tiền,132797218000.0,56479972373.0,1290907575000.0,118873850000.0,722358461000.0,531085394000.0,456243436000.0,548722343000.0,597202369000.0,1944228950000.0,1345533525000.0,1224546617000.0,2192592098000.0,3588663440000.0,2489107241000.0,3123568302000.0,3150298210000.0,2893541410000.0,1687406551000.0,2578558970000.0,1598460370000.0,2518419172000.0,1673601656000.0,2061595774000.0,1721100993000.0,2449630457000.0,1429107363000.0,1940898403000.0,2277728564000.0,978411382000.0,932698338000.0,1467152784000.0,2079011827000.0,968617597000.0,1167253409000.0,1424306671000.0,889476060000.0,794085316000.0,209295185000.0,1619141339000.0,219902564000.0,141082424000.0,107320055000.0,223534938000.0,847689600000.0,337744709000.0,261427547000.0,177737527000.0,193002013000.0,254431619000.0,61138981000.0,82102337000.0,280416936000.0,97275396000.0,272554623000.0,155797335000.0,108787149000.0,78243594000.0,125163469000.0,117689314000.0,131545682000.0,72372525000.0,43230935000.0,50076560000.0,62329043000.0
2. Các khoản tương đương tiền,0.0,0.0,0.0,0.0,0.0,0.0,0.0,0.0,0.0,0.0,0.0,0.0,0.0,0.0,0.0,0.0,0.0,0.0,0.0,0.0,0.0,0.0,770647444000.0,315000000000.0,8424716000.0,0.0,0.0,0.0,0.0,0.0,0.0,0.0,0.0,0.0,552481019000.0,0.0,0.0,0.0,0.0,0.0,0.0,0.0,0.0,17126000.0,0.0,0.0,0.0,0.0,0.0,0.0,0.0,0.0,0.0,0.0,0.0,0.0,0.0,0.0,0.0,0.0,0.0,0.0,0.0,0.0,0.0
II. Các khoản đầu tư tài chính ngắn hạn,0.0,90000000000.0,115202515000.0,700000000.0,0.0,0.0,0.0,0.0,0.0,157571210000.0,81783240000.0,81783240000.0,81783240000.0,81783240000.0,81783240000.0,81783240000.0,81783240000.0,97356499000.0,97356499000.0,81783240000.0,81783240000.0,150226645000.0,150378106000.0,150378106000.0,150378106000.0,150378106000.0,150378106000.0,81783240000.0,81783240000.0,81783240000.0,0.0,0.0,0.0,0.0,119118900000.0,0.0,0.0,0.0,0.0,0.0,0.0,0.0,0.0,0.0,0.0,0.0,0.0,0.0,0.0,0.0,0.0,0.0,0.0,0.0,0.0,0.0,0.0,0.0,0.0,0.0,0.0,0.0,0.0,0.0,0.0
1. Chứng khoán kinh doanh,0.0,90000000000.0,115202515000.0,700000000.0,0.0,0.0,0.0,0.0,0.0,157571210000.0,81783240000.0,81783240000.0,81783240000.0,81783240000.0,81783240000.0,81783240000.0,81783240000.0,97356499000.0,97356499000.0,81783240000.0,81783240000.0,150226645000.0,150378106000.0,150378106000.0,150378106000.0,150378106000.0,150378106000.0,81783240000.0,81783240000.0,81783240000.0,0.0,0.0,0.0,0.0,0.0,0.0,0.0,0.0,0.0,0.0,0.0,0.0,0.0,0.0,0.0,0.0,0.0,0.0,0.0,0.0,0.0,0.0,0.0,0.0,0.0,0.0,0.0,0.0,0.0,0.0,0.0,0.0,0.0,0.0,0.0
2. Dự phòng giảm giá chứng khoán kinh doanh,0.0,0.0,0.0,0.0,0.0,0.0,0.0,0.0,0.0,0.0,0.0,0.0,0.0,0.0,0.0,0.0,0.0,0.0,0.0,0.0,0.0,0.0,0.0,0.0,0.0,0.0,0.0,0.0,0.0,0.0,0.0,0.0,0.0,0.0,0.0,0.0,0.0,0.0,0.0,0.0,0.0,0.0,0.0,0.0,0.0,0.0,0.0,0.0,0.0,0.0,0.0,0.0,0.0,0.0,0.0,0.0,0.0,0.0,0.0,0.0,0.0,0.0,0.0,0.0,0.0
3. Đầu tư nắm giữ đến ngày đáo hạn,0.0,0.0,0.0,0.0,0.0,0.0,0.0,0.0,0.0,0.0,0.0,0.0,0.0,0.0,0.0,0.0,0.0,0.0,0.0,0.0,0.0,0.0,0.0,0.0,0.0,0.0,0.0,0.0,0.0,0.0,0.0,0.0,0.0,0.0,119118900000.0,0.0,0.0,0.0,0.0,0.0,0.0,0.0,0.0,0.0,0.0,0.0,0.0,0.0,0.0,0.0,0.0,0.0,0.0,0.0,0.0,0.0,0.0,0.0,0.0,0.0,0.0,0.0,0.0,0.0,0.0
III. Các khoản phải thu ngắn hạn,227591328000.0,727398419266.0,1117125828000.0,2333131986000.0,3201909701000.0,1984810093000.0,1738790877000.0,2157290061000.0,2483114203000.0,2956113887000.0,4378686678000.0,3970557532000.0,3705043913000.0,4362062643000.0,4883091613000.0,5024016434000.0,5786154176000.0,5542894756000.0,6220725682000.0,5704322426000.0,5946681159000.0,6831628383000.0,7741173082000.0,10061468076000.0,9259053687000.0,5053734881000.0,5584755143000.0,6520836784000.0,6760472174000.0,6672965810000.0,7665335301000.0,7873852724000.0,7432404754000.0,8400594474000.0,8397704073000.0,7881872906000.0,10229544391000.0,7773164852000.0,7803069877000.0,6959146839000.0,6463055813000.0,7282383158000.0,5416605321000.0,5975238401000.0,5074038979000.0,4793755054000.0,4427985064000.0,3930462557000.0,6105582076000.0,4613432334000.0,4060812391000.0,5314536189000.0,6186193971000.0,7672848395000.0,3690557074000.0,4749725113000.0,5482683651000.0,5111213017000.0,4068294574000.0,7053387394000.0,7175878584000.0,6896244045000.0,7608744421000.0,6477821085000.0,5084700976000.0
1. Phải thu ngắn hạn của khách hàng,99883763000.0,502869178848.0,325765251000.0,901228341000.0,1862291212000.0,719302322000.0,815784713000.0,1437149173000.0,1925966415000.0,1694730505000.0,2194011427000.0,2221381708000.0,1992224916000.0,2785902169000.0,2530494020000.0,1808194318000.0,2594657984000.0,2446396031000.0,2664186228000.0,2175572469000.0,2548133609000.0,2548112557000.0,2799706856000.0,2370455723000.0,2225361267000.0,1147589808000.0,1399092626000.0,1367997751000.0,1587290257000.0,1593406139000.0,2953989357000.0,3393426138000.0,3242935409000.0,1606325546000.0,1921527013000.0,2110234012000.0,3040356423000.0,2276106307000.0,1900880899000.0,2001772950000.0,1832152787000.0,2105492876000.0,2954455298000.0,3428551851000.0,3247406579000.0,2976394171000.0,2111472248000.0,1460955195000.0,3714704945000.0,1526364333000.0,1294647201000.0,1385180697000.0,1455186201000.0,4075628659000.0,526457299000.0,630535972000.0,810395024000.0,553790175000.0,698951325000.0,871119728000.0,1189483271000.0,966673012000.0,1350807507000.0,1424617572000.0,2000845233000.0
2. Trả trước cho người bán,121596639000.0,185755467477.0,448036718000.0,947604139000.0,448452001000.0,658867521000.0,510222866000.0,429404047000.0,360741585000.0,870124080000.0,1447564963000.0,1195809057000.0,1169192419000.0,1249025710000.0,1772424591000.0,2028295225000.0,1826423816000.0,1999265586000.0,2341606943000.0,2272389224000.0,2230200377000.0,3109829702000.0,3074252195000.0,2604047370000.0,2909518807000.0,1466303880000.0,1724594335000.0,1919680589000.0,2010076028000.0,2196363237000.0,2273564753000.0,1765528008000.0,1663306552000.0,1920449006000.0,1404757048000.0,1174859091000.0,1138430733000.0,1099346421000.0,1168538926000.0,1285735368000.0,650646104000.0,652704253000.0,191375200000.0,188251514000.0,239120236000.0,457339010000.0,499727703000.0,375106252000.0,437098601000.0,374650724000.0,102613166000.0,1386043391000.0,133139371000.0,109093348000.0,95826437000.0,110543462000.0,101471502000.0,147090474000.0,188577713000.0,253562816000.0,459372094000.0,766151359000.0,798764112000.0,850955715000.0,1227096135000.0
3. Phải thu nội bộ ngắn hạn,0.0,-8487693765.0,0.0,0.0,0.0,0.0,0.0,0.0,0.0,0.0,0.0,0.0,0.0,0.0,0.0,0.0,0.0,0.0,0.0,0.0,0.0,0.0,0.0,0.0,0.0,0.0,0.0,0.0,0.0,0.0,0.0,0.0,0.0,0.0,0.0,0.0,0.0,0.0,0.0,0.0,0.0,0.0,0.0,0.0,0.0,0.0,0.0,0.0,0.0,0.0,0.0,0.0,0.0,0.0,0.0,0.0,0.0,0.0,0.0,0.0,0.0,0.0,0.0,0.0,0.0
4. Phải thu theo tiến độ hợp đồng xây dựng,0.0,0.0,0.0,0.0,0.0,0.0,0.0,0.0,0.0,0.0,0.0,0.0,0.0,0.0,0.0,0.0,0.0,0.0,0.0,0.0,0.0,0.0,0.0,0.0,0.0,0.0,0.0,0.0,0.0,0.0,0.0,0.0,0.0,0.0,0.0,0.0,0.0,0.0,0.0,0.0,0.0,0.0,0.0,0.0,0.0,0.0,0.0,0.0,0.0,0.0,0.0,0.0,0.0,0.0,0.0,0.0,0.0,0.0,0.0,0.0,0.0,0.0,0.0,0.0,0.0
5. Phải thu về cho vay ngắn hạn,0.0,0.0,0.0,0.0,0.0,0.0,0.0,0.0,0.0,0.0,0.0,0.0,0.0,0.0,0.0,0.0,0.0,0.0,0.0,0.0,0.0,0.0,0.0,0.0,0.0,0.0,0.0,0.0,0.0,0.0,0.0,1597882336000.0,1295925861000.0,3644593513000.0,3598742918000.0,3665947762000.0,5018208374000.0,2812512127000.0,2819983988000.0,1821805855000.0,3149083782000.0,3819416925000.0,1215983226000.0,1466590618000.0,963830133000.0,724888836000.0,1145640837000.0,1535433933000.0,1473009049000.0,2292368418000.0,2424537222000.0,2319440745000.0,4013786129000.0,4186477208000.0,5157327545000.0,5682083683000.0,5682083685000.0,5558385619000.0,3783590432000.0,5545275169000.0,4889058529000.0,4017224677000.0,4029288941000.0,1942761062000.0,1491780911000.0
6. Phải thu ngắn hạn khác,6323518000.0,47474058901.0,343536451000.0,484512098000.0,892869082000.0,607452842000.0,412995890000.0,291839435000.0,197529858000.0,392823227000.0,738139311000.0,554395790000.0,544655601000.0,328293202000.0,581331440000.0,1188685329000.0,1366230814000.0,1098830734000.0,1217880199000.0,1259916571000.0,1171294861000.0,1176434174000.0,1867961360000.0,5089846068000.0,4124406485000.0,2439841193000.0,2461385237000.0,3234034585000.0,3163105889000.0,2888496630000.0,2443071468000.0,1122278926000.0,1234854065000.0,1238924824000.0,1483220881000.0,1038353391000.0,1142812619000.0,1598964203000.0,1941810584000.0,1879088308000.0,859317661000.0,733707139000.0,1077139516000.0,925435946000.0,652624662000.0,668623334000.0,708430930000.0,614760904000.0,531692100000.0,467024417000.0,326371974000.0,291775225000.0,650485624000.0,631861394000.0,417019373000.0,550963981000.0,622297738000.0,733833340000.0,825943804000.0,939484209000.0,974365508000.0,1171523523000.0,1510496385000.0,2356347537000.0,455397308000.0
7. Dự phòng phải thu ngắn hạn khó đòi,-212592000.0,-212592195.0,-212592000.0,-212592000.0,-1702594000.0,-812592000.0,-212592000.0,-1102594000.0,-1123655000.0,-1563925000.0,-1029023000.0,-1029023000.0,-1029023000.0,-1158438000.0,-1158438000.0,-1158438000.0,-1158438000.0,-1597595000.0,-2947688000.0,-3555838000.0,-2947688000.0,-2748050000.0,-747329000.0,-2881085000.0,-232872000.0,0.0,-317055000.0,-876141000.0,0.0,-5300196000.0,-5290277000.0,-5262684000.0,-4617133000.0,-9698415000.0,-10543787000.0,-107521350000.0,-110263758000.0,-13764206000.0,-28144520000.0,-29255642000.0,-28144521000.0,-28938035000.0,-22347919000.0,-33591528000.0,-28942631000.0,-33490297000.0,-37286654000.0,-55793727000.0,-50922619000.0,-46975558000.0,-87357172000.0,-67903869000.0,-66403354000.0,-1330212214000.0,-2506073580000.0,-2224401985000.0,-1733564298000.0,-1881886591000.0,-1428768700000.0,-556054528000.0,-336400818000.0,-25328526000.0,-80612524000.0,-96860801000.0,-90418611000.0
IV. Tổng hàng tồn kho,426899776000.0,179757911472.0,1370091461000.0,2283036801000.0,2375343062000.0,1852154407000.0,2091547305000.0,2095497206000.0,2109678817000.0,2213150611000.0,2099128173000.0,2791479502000.0,2942587923000.0,2848965731000.0,3997235871000.0,4541984540000.0,4706130501000.0,4422965844000.0,4676558745000.0,5149112506000.0,3861054865000.0,3684538694000.0,4470914824000.0,3970782275000.0,3847979684000.0,1834389446000.0,1967022876000.0,1957325505000.0,1903150230000.0,2084921344000.0,2315756226000.0,3161637558000.0,3448073565000.0,3649526873000.0,3598468484000.0,2572564140000.0,1930643007000.0,1983395937000.0,1359439105000.0,1152281366000.0,1181278161000.0,1244935201000.0,1443124839000.0,1371670163000.0,1472692539000.0,1495654668000.0,1756151244000.0,1918524461000.0,1988966748000.0,2207476645000.0,2325508945000.0,2336472085000.0,2559771789000.0,2286994426000.0,249700161000.0,303992967000.0,365539129000.0,406975481000.0,682099617000.0,838779612000.0,1033410296000.0,1119398289000.0,981135812000.0,1258181392000.0,1221646227000.0
1. Hàng tồn kho,426899776000.0,179811395632.0,1370391941000.0,2283337281000.0,2384830530000.0,1852454887000.0,2091847785000.0,2095797686000.0,2109979297000.0,2213663205000.0,2099640767000.0,2791992096000.0,2943100517000.0,2849019215000.0,3997289355000.0,4542038024000.0,4706183985000.0,4423019328000.0,4676612229000.0,5149165990000.0,3861108349000.0,3684592178000.0,4470968308000.0,3970835759000.0,3847979684000.0,1834389446000.0,1967022876000.0,1966398709000.0,1912223434000.0,2084921344000.0,2315756226000.0,3161637558000.0,3448073565000.0,3654709680000.0,3599708898000.0,2576287385000.0,1935123853000.0,1986151368000.0,1392401529000.0,1178947673000.0,1195794863000.0,1259555340000.0,1450770520000.0,1402536382000.0,1485216889000.0,1497632241000.0,1766174873000.0,1920812423000.0,1991734203000.0,2229048745000.0,2344119008000.0,2349775325000.0,2560667329000.0,2430367957000.0,249700161000.0,303992967000.0,365539129000.0,410678886000.0,685803022000.0,842483017000.0,1037113701000.0,1121739864000.0,983477387000.0,1260522967000.0,1223987802000.0
2. Dự phòng giảm giá hàng tồn kho,0.0,-53484160.0,-300480000.0,-300480000.0,-9487468000.0,-300480000.0,-300480000.0,-300480000.0,-300480000.0,-512594000.0,-512594000.0,-512594000.0,-512594000.0,-53484000.0,-53484000.0,-53484000.0,-53484000.0,-53484000.0,-53484000.0,-53484000.0,-53484000.0,-53484000.0,-53484000.0,-53484000.0,0.0,0.0,0.0,-9073204000.0,-9073204000.0,0.0,0.0,0.0,0.0,-5182807000.0,-1240414000.0,-3723245000.0,-4480846000.0,-2755431000.0,-32962424000.0,-26666307000.0,-14516702000.0,-14620139000.0,-7645681000.0,-30866219000.0,-12524350000.0,-1977573000.0,-10023629000.0,-2287962000.0,-2767455000.0,-21572100000.0,-18610063000.0,-13303240000.0,-895540000.0,-143373531000.0,0.0,0.0,0.0,-3703405000.0,-3703405000.0,-3703405000.0,-3703405000.0,-2341575000.0,-2341575000.0,-2341575000.0,-2341575000.0
V. Tài sản ngắn hạn khác,17422767000.0,19299483959.0,118353346000.0,95273367000.0,155771205000.0,156742867000.0,163657360000.0,188981830000.0,150039963000.0,132490434000.0,176731094000.0,193925618000.0,240572692000.0,204444653000.0,330211592000.0,312076915000.0,351433976000.0,346434654000.0,402283127000.0,357712730000.0,451154283000.0,551412269000.0,427582697000.0,444577439000.0,450435624000.0,210621851000.0,241614144000.0,321908844000.0,352795777000.0,294800194000.0,176286869000.0,134205096000.0,123496527000.0,134179327000.0,133027180000.0,49056988000.0,42436502000.0,49249463000.0,1179884203000.0,54043114000.0,73785034000.0,70742803000.0,82154566000.0,64681960000.0,66564213000.0,3433445554000.0,82327844000.0,65048880000.0,70069901000.0,74191689000.0,56618589000.0,82713492000.0,78818029000.0,78998701000.0,14067144000.0,17288175000.0,22101876000.0,28300738000.0,34928642000.0,44941797000.0,49874205000.0,74937420000.0,49852027000.0,29933440000.0,25045022000.0
1. Chi phí trả trước ngắn hạn,69837000.0,924660763.0,1202432000.0,6215322000.0,2041947000.0,2702455000.0,2210697000.0,1653810000.0,7693090000.0,32418109000.0,24830860000.0,5570374000.0,57641291000.0,47251854000.0,63250524000.0,21803822000.0,28491164000.0,24236627000.0,38269392000.0,31057234000.0,32662496000.0,79283558000.0,82107654000.0,24748376000.0,25617173000.0,30517877000.0,32144974000.0,41988503000.0,41660771000.0,44019396000.0,45531872000.0,7976837000.0,10502281000.0,15965157000.0,14271765000.0,12092851000.0,12441032000.0,15767956000.0,14311153000.0,9442318000.0,40189678000.0,28388137000.0,35936293000.0,14781025000.0,26157939000.0,44502106000.0,35008936000.0,9536703000.0,10149409000.0,31086282000.0,7327571000.0,27921161000.0,19507208000.0,15732572000.0,2027977000.0,3190861000.0,7732552000.0,7554097000.0,6060834000.0,13184973000.0,15861071000.0,38911021000.0,14465759000.0,11310228000.0,9141056000.0
2. Thuế giá trị gia tăng được khấu trừ,10275115000.0,10352323196.0,47720744000.0,71713119000.0,102366586000.0,109255090000.0,110774039000.0,128706707000.0,81242843000.0,43369234000.0,60809651000.0,78358416000.0,85042696000.0,77671693000.0,104670505000.0,134746360000.0,150878669000.0,178999991000.0,174092263000.0,138165749000.0,130318834000.0,79037724000.0,63266985000.0,64299058000.0,52059267000.0,41154980000.0,54241788000.0,55306178000.0,55684177000.0,44410518000.0,40095918000.0,37474107000.0,23409226000.0,34067169000.0,34805216000.0,34830388000.0,28473511000.0,27983731000.0,31280383000.0,30613133000.0,31774784000.0,34984150000.0,38334244000.0,42637678000.0,31962974000.0,33781331000.0,35518091000.0,44009154000.0,48698758000.0,38890495000.0,44205730000.0,49924131000.0,54684867000.0,58646168000.0,8796504000.0,10962196000.0,11234206000.0,17611523000.0,25728309000.0,28607236000.0,30873635000.0,32886900000.0,31850760000.0,15488094000.0,12764467000.0
3. Thuế và các khoản phải thu Nhà nước,65577000.0,0.0,102048000.0,2329332000.0,0.0,0.0,305439000.0,554447000.0,114144000.0,36986000.0,5523660000.0,6580640000.0,339393000.0,737960000.0,28001030000.0,18082003000.0,26981416000.0,6933815000.0,310749000.0,1925149000.0,12563594000.0,1948988000.0,3688857000.0,4138423000.0,7296187000.0,8240084000.0,12877097000.0,7704382000.0,11432067000.0,14908992000.0,8875839000.0,6772799000.0,7493667000.0,1951013000.0,1754211000.0,2133749000.0,1521959000.0,5497776000.0,5424444000.0,13987663000.0,1820572000.0,7370516000.0,7884029000.0,7263257000.0,8443300000.0,11667485000.0,11800817000.0,11503023000.0,11221734000.0,4214912000.0,5085288000.0,4868200000.0,4625954000.0,4619961000.0,3242663000.0,3135118000.0,3135118000.0,3135118000.0,3139499000.0,3149588000.0,3139499000.0,3139499000.0,3535508000.0,3135118000.0,3139499000.0
4. Giao dịch mua bán lại trái phiếu chính phủ,0.0,0.0,0.0,0.0,0.0,0.0,0.0,0.0,0.0,0.0,0.0,0.0,0.0,0.0,0.0,0.0,0.0,0.0,0.0,0.0,0.0,0.0,0.0,0.0,0.0,0.0,0.0,0.0,0.0,0.0,0.0,0.0,0.0,0.0,0.0,0.0,0.0,0.0,0.0,0.0,0.0,0.0,0.0,0.0,0.0,0.0,0.0,0.0,0.0,0.0,0.0,0.0,0.0,0.0,0.0,0.0,0.0,0.0,0.0,0.0,0.0,0.0,0.0,0.0,0.0
5. Tài sản ngắn hạn khác,7012238000.0,8022500000.0,69328122000.0,15015594000.0,51362672000.0,44785322000.0,50367185000.0,58066866000.0,60989886000.0,56666105000.0,85566923000.0,103416188000.0,97549312000.0,78783146000.0,134289533000.0,137444730000.0,145082727000.0,136264221000.0,189610723000.0,186564598000.0,275609359000.0,391141999000.0,278519201000.0,351391582000.0,365462997000.0,130708910000.0,142350285000.0,216909781000.0,244018762000.0,191461288000.0,81783240000.0,81981353000.0,82091353000.0,82195988000.0,82195988000.0,0.0,0.0,0.0,1128868223000.0,0.0,0.0,0.0,0.0,0.0,0.0,3343494632000.0,0.0,0.0,0.0,0.0,0.0,0.0,0.0,0.0,0.0,0.0,0.0,0.0,0.0,0.0,0.0,0.0,0.0,0.0,0.0
B. Tài sản cố định và đầu tư dài hạn,545696619000.0,2363598431567.0,2323140479000.0,3042434391000.0,3123685914000.0,4346767572000.0,4573792839000.0,4462601396000.0,4906125411000.0,4792656182000.0,4794376387000.0,6205765366000.0,6780337063000.0,7690307236000.0,8504927805000.0,10025563028000.0,11269267979000.0,12217043903000.0,13228570922000.0,14534284047000.0,16222008386000.0,17562585604000.0,17515218907000.0,15984208522000.0,16765354318000.0,20117243208000.0,21469607535000.0,22078704656000.0,23526307005000.0,26256347980000.0,28824944159000.0,30247758122000.0,34520892053000.0,35451831186000.0,38192018077000.0,39177879311000.0,39211750290000.0,42415676459000.0,40249466125000.0,42615645710000.0,44872331894000.0,44705355213000.0,46047629589000.0,47436618226000.0,40896374025000.0,38230898125000.0,42511160338000.0,43052385661000.0,33536475333000.0,31449320678000.0,32861798165000.0,32458966566000.0,32972694744000.0,26164793509000.0,14189586970000.0,12885311460000.0,12419482988000.0,12549046103000.0,13947059643000.0,11214373413000.0,10947480790000.0,11788466124000.0,11896936672000.0,13096682745000.0,15102551441000.0
I. Các khoản phải thu dài hạn,0.0,194540299182.0,1800000000.0,43452523000.0,0.0,0.0,0.0,0.0,0.0,0.0,0.0,0.0,0.0,0.0,0.0,0.0,0.0,0.0,0.0,0.0,0.0,0.0,0.0,0.0,0.0,3684245813000.0,3750995880000.0,3176716269000.0,3825850712000.0,5381835672000.0,7535630582000.0,7851387812000.0,9403406382000.0,6156448610000.0,5944437888000.0,6797149188000.0,6331855585000.0,5345866853000.0,5496886353000.0,7477022719000.0,9116187506000.0,9064876946000.0,8692112099000.0,9660521247000.0,6651912103000.0,6605722275000.0,6798779287000.0,6646179332000.0,7883217081000.0,8256089306000.0,8472897909000.0,8333918286000.0,1695506799000.0,1107629790000.0,4656623491000.0,4356436806000.0,4389529384000.0,4118981297000.0,3532517871000.0,1937494604000.0,1727746620000.0,2434039641000.0,2524031006000.0,1055436907000.0,3299390797000.0
1. Phải thu dài hạn của khách hàng,0.0,0.0,0.0,500000000.0,0.0,0.0,0.0,0.0,0.0,0.0,0.0,0.0,0.0,0.0,0.0,0.0,0.0,0.0,0.0,0.0,0.0,0.0,0.0,0.0,0.0,0.0,0.0,0.0,0.0,0.0,0.0,0.0,0.0,0.0,0.0,0.0,0.0,0.0,0.0,0.0,0.0,0.0,0.0,0.0,0.0,0.0,0.0,0.0,0.0,0.0,0.0,0.0,0.0,0.0,4037975753000.0,0.0,0.0,0.0,0.0,0.0,0.0,0.0,0.0,0.0,0.0
2. Vốn kinh doanh tại các đơn vị trực thuộc,0.0,204632837432.0,0.0,0.0,0.0,0.0,0.0,0.0,0.0,0.0,0.0,0.0,0.0,0.0,0.0,0.0,0.0,0.0,0.0,0.0,0.0,0.0,0.0,0.0,0.0,0.0,0.0,0.0,0.0,0.0,0.0,0.0,0.0,0.0,0.0,0.0,0.0,0.0,0.0,0.0,0.0,0.0,0.0,0.0,0.0,0.0,0.0,0.0,0.0,0.0,0.0,0.0,0.0,0.0,0.0,0.0,0.0,0.0,0.0,0.0,0.0,0.0,0.0,0.0,0.0
3. Phải thu dài hạn nội bộ,0.0,0.0,0.0,0.0,0.0,0.0,0.0,0.0,0.0,0.0,0.0,0.0,0.0,0.0,0.0,0.0,0.0,0.0,0.0,0.0,0.0,0.0,0.0,0.0,0.0,0.0,0.0,0.0,0.0,0.0,0.0,0.0,0.0,0.0,0.0,0.0,0.0,0.0,0.0,0.0,0.0,0.0,0.0,0.0,0.0,0.0,0.0,0.0,0.0,0.0,0.0,0.0,0.0,0.0,0.0,0.0,0.0,0.0,0.0,0.0,0.0,0.0,0.0,0.0,0.0
4. Phải thu về cho vay dài hạn,0.0,0.0,0.0,0.0,0.0,0.0,0.0,0.0,0.0,0.0,0.0,0.0,0.0,0.0,0.0,0.0,0.0,0.0,0.0,0.0,0.0,0.0,0.0,0.0,0.0,0.0,0.0,0.0,0.0,0.0,0.0,7339151850000.0,8875753454000.0,6101641297000.0,5893246841000.0,6638523612000.0,6215945731000.0,5130903222000.0,5056176176000.0,6626455848000.0,8383928516000.0,7051201897000.0,6995433286000.0,9144591237000.0,6489522956000.0,6276322012000.0,6300598831000.0,5987559290000.0,7192512187000.0,7513945473000.0,7612396492000.0,7611729470000.0,1630079479000.0,1782648472000.0,0.0,3727691394000.0,3728909174000.0,3430126203000.0,3037100674000.0,1393739559000.0,1167729640000.0,1761129121000.0,2198649657000.0,1038029767000.0,1316426994000.0
5. Phải thu dài hạn khác,0.0,-10092538250.0,1800000000.0,42952523000.0,0.0,0.0,0.0,0.0,0.0,0.0,0.0,0.0,0.0,0.0,0.0,0.0,0.0,0.0,0.0,0.0,0.0,0.0,0.0,0.0,0.0,3684245813000.0,3750995880000.0,3176716269000.0,3825850712000.0,5381835672000.0,7535630582000.0,512235962000.0,527652928000.0,54807313000.0,51191047000.0,158625576000.0,115909854000.0,214963631000.0,440710177000.0,850566871000.0,732258990000.0,2013675049000.0,1696678813000.0,515930010000.0,162389147000.0,329400263000.0,498180456000.0,658620042000.0,690704894000.0,742143833000.0,860755020000.0,722188816000.0,65427320000.0,514915302000.0,621117094000.0,646824588000.0,676230029000.0,688855094000.0,639088255000.0,568043275000.0,584305210000.0,697198750000.0,342907612000.0,35466804000.0,2000490066000.0
6. Dự phòng phải thu dài hạn khó đòi,0.0,0.0,0.0,0.0,0.0,0.0,0.0,0.0,0.0,0.0,0.0,0.0,0.0,0.0,0.0,0.0,0.0,0.0,0.0,0.0,0.0,0.0,0.0,0.0,0.0,0.0,0.0,0.0,0.0,0.0,0.0,0.0,0.0,0.0,0.0,0.0,0.0,0.0,0.0,0.0,0.0,0.0,0.0,0.0,0.0,0.0,0.0,0.0,0.0,0.0,-253603000.0,0.0,0.0,-1189933984000.0,-2469356000.0,-18079176000.0,-15609819000.0,0.0,-143671058000.0,-24288230000.0,-24288230000.0,-24288230000.0,-17526263000.0,-18059664000.0,-17526263000.0
II. Tài sản cố định,391048812000.0,429781149508.0,622823572000.0,656985213000.0,710227414000.0,725052319000.0,738681059000.0,798775926000.0,898412117000.0,766152768000.0,849209195000.0,918954209000.0,939639469000.0,1530914861000.0,1585367920000.0,1910011216000.0,1973899414000.0,2070040652000.0,2170264460000.0,2659344873000.0,2739917724000.0,3111990164000.0,5607487124000.0,3712711707000.0,3643989951000.0,3839602910000.0,4019442686000.0,4204742671000.0,4451538951000.0,5303946388000.0,5137770105000.0,5184155347000.0,5525336525000.0,6292444230000.0,6181358221000.0,8031000711000.0,8285405334000.0,9636361153000.0,8230939509000.0,9734710186000.0,9625994830000.0,9789427742000.0,11730082231000.0,12823128404000.0,10552075665000.0,10554520405000.0,12358401011000.0,12609173821000.0,10040017499000.0,10247498781000.0,10237345218000.0,10928440276000.0,12085238314000.0,13922517809000.0,2377125932000.0,2803597467000.0,2880817445000.0,2890196392000.0,3435582471000.0,3541101876000.0,3589032031000.0,3821994407000.0,3990710533000.0,5711253659000.0,5598765115000.0
1. Tài sản cố định hữu hình,334630047000.0,332392222062.0,551494264000.0,577015681000.0,599181163000.0,613167958000.0,625605363000.0,712050873000.0,811439909000.0,671688850000.0,740121120000.0,810000206000.0,817724039000.0,1401270498000.0,1449393722000.0,1770272360000.0,1835074615000.0,1931551972000.0,2033352294000.0,2491597734000.0,2578772904000.0,2918204633000.0,5448388731000.0,3488043651000.0,3411821764000.0,3622668433000.0,3803086735000.0,3996383103000.0,4267362280000.0,5145616089000.0,5020623479000.0,5064638990000.0,5406156367000.0,6177590256000.0,6074670791000.0,6676498769000.0,6934001602000.0,8284999060000.0,6886928496000.0,8420074086000.0,8337888112000.0,8458446498000.0,10246222796000.0,11492098936000.0,10488769005000.0,10493756035000.0,12300144086000.0,12553419398000.0,9986764169000.0,10214302929000.0,10198051646000.0,10508673858000.0,11662178030000.0,13701137439000.0,2250599115000.0,2678318327000.0,2756785981000.0,2767305431000.0,3172780112000.0,3279258823000.0,3328258263000.0,3560311054000.0,3732347570000.0,5454963086000.0,5344546931000.0
Nguyên giá,351109033000.0,409450440199.0,606892952000.0,651273724000.0,681366520000.0,706975264000.0,726668000000.0,823154562000.0,939281500000.0,795779397000.0,829013707000.0,912118781000.0,931244905000.0,1598371382000.0,1677725551000.0,2029117413000.0,2124290430000.0,2238833331000.0,2375452697000.0,2879971665000.0,3001839857000.0,3332354056000.0,5953095801000.0,3952915018000.0,3881718221000.0,4077486275000.0,4318422839000.0,4528881829000.0,4868082978000.0,5805775694000.0,5716146632000.0,5833428624000.0,6281561399000.0,7113112182000.0,7083311674000.0,7831695074000.0,8155812544000.0,9712221187000.0,7956088864000.0,9603493927000.0,9644075148000.0,9822224228000.0,11869475312000.0,13236606048000.0,12279523107000.0,12274956562000.0,14378818129000.0,14987118144000.0,12290489858000.0,12610742675000.0,12790408617000.0,13163518386000.0,14690819093000.0,16779026067000.0,2952994496000.0,3479855700000.0,3562243063000.0,3602831776000.0,4060219111000.0,4203394899000.0,4346073401000.0,4618730568000.0,4865666984000.0,6822973702000.0,6777201348000.0
Giá trị hao mòn lũy kế,-16478986000.0,-77058218137.0,-55398688000.0,-74258043000.0,-82185357000.0,-93807306000.0,-101062637000.0,-111103689000.0,-127841591000.0,-124090547000.0,-88892587000.0,-102118575000.0,-113520866000.0,-197100884000.0,-228331829000.0,-258845053000.0,-289215815000.0,-307281359000.0,-342100403000.0,-388373931000.0,-423066953000.0,-414149423000.0,-504707070000.0,-464871367000.0,-469896457000.0,-454817842000.0,-515336104000.0,-532498726000.0,-600720698000.0,-660159605000.0,-695523153000.0,-768789634000.0,-875405032000.0,-935521926000.0,-1008640883000.0,-1155196305000.0,-1221810942000.0,-1427222127000.0,-1069160368000.0,-1183419841000.0,-1306187036000.0,-1363777730000.0,-1623252516000.0,-1744507112000.0,-1790754102000.0,-1781200527000.0,-2078674043000.0,-2433698746000.0,-2303725689000.0,-2396439746000.0,-2592356971000.0,-2654844528000.0,-3028641063000.0,-3077888628000.0,-702395381000.0,-801537373000.0,-805457082000.0,-835526345000.0,-887438999000.0,-924136076000.0,-1017815138000.0,-1058419514000.0,-1133319414000.0,-1368010616000.0,-1432654417000.0
2. Tài sản cố định thuê tài chính,0.0,0.0,0.0,0.0,0.0,0.0,0.0,0.0,0.0,0.0,0.0,0.0,7551819000.0,14284184000.0,15183258000.0,19139723000.0,18222021000.0,17304319000.0,16386617000.0,15468916000.0,14565275000.0,13652261000.0,12739246000.0,11826231000.0,7130416000.0,0.0,0.0,0.0,0.0,0.0,0.0,0.0,0.0,0.0,0.0,0.0,0.0,0.0,0.0,0.0,0.0,0.0,0.0,0.0,0.0,0.0,0.0,0.0,0.0,0.0,0.0,0.0,0.0,0.0,0.0,0.0,0.0,0.0,0.0,0.0,0.0,0.0,0.0,0.0,0.0
Nguyên giá,0.0,0.0,0.0,0.0,0.0,0.0,0.0,0.0,0.0,0.0,0.0,0.0,7745455000.0,14896718000.0,16473991000.0,21273991000.0,21273991000.0,21273991000.0,21273991000.0,21273991000.0,21273991000.0,21273991000.0,21273991000.0,21273991000.0,13383636000.0,0.0,0.0,0.0,0.0,0.0,0.0,0.0,0.0,0.0,0.0,0.0,0.0,0.0,0.0,0.0,0.0,0.0,0.0,0.0,0.0,0.0,0.0,0.0,0.0,0.0,0.0,0.0,0.0,0.0,0.0,0.0,0.0,0.0,0.0,0.0,0.0,0.0,0.0,0.0,0.0
Giá trị hao mòn lũy kế,0.0,0.0,0.0,0.0,0.0,0.0,0.0,0.0,0.0,0.0,0.0,0.0,-193636000.0,-612534000.0,-1290733000.0,-2134268000.0,-3051970000.0,-3969672000.0,-4887374000.0,-5805075000.0,-6708716000.0,-7621730000.0,-8534745000.0,-9447760000.0,-6253220000.0,0.0,0.0,0.0,0.0,0.0,0.0,0.0,0.0,0.0,0.0,0.0,0.0,0.0,0.0,0.0,0.0,0.0,0.0,0.0,0.0,0.0,0.0,0.0,0.0,0.0,0.0,0.0,0.0,0.0,0.0,0.0,0.0,0.0,0.0,0.0,0.0,0.0,0.0,0.0,0.0
3. Tài sản cố định vô hình,56418765000.0,97388927446.0,71329308000.0,79969532000.0,111046251000.0,111884361000.0,113075696000.0,86725053000.0,86972208000.0,94463918000.0,109088075000.0,108954003000.0,114363611000.0,115360179000.0,120790940000.0,120599133000.0,120602778000.0,121184361000.0,120525549000.0,152278223000.0,146579545000.0,180133270000.0,146359147000.0,212841825000.0,225037771000.0,216934477000.0,216355951000.0,208359568000.0,184176671000.0,158330299000.0,117146626000.0,119516357000.0,119180158000.0,114853974000.0,106687430000.0,1354501942000.0,1351403732000.0,1351362093000.0,1344011013000.0,1314636100000.0,1288106718000.0,1330981244000.0,1483859435000.0,1331029468000.0,63306660000.0,60764370000.0,58256925000.0,55754423000.0,53253330000.0,33195852000.0,39293572000.0,419766418000.0,423060284000.0,221380370000.0,126526817000.0,125279140000.0,124031464000.0,122890961000.0,262802359000.0,261843053000.0,260773768000.0,261683353000.0,258362963000.0,256290573000.0,254218184000.0
Nguyên giá,56441317000.0,97388927446.0,72087915000.0,80738748000.0,112032332000.0,112900030000.0,114309330000.0,87913841000.0,88248510000.0,96080465000.0,110872710000.0,110930280000.0,116531253000.0,117755393000.0,123484100000.0,123539936000.0,123789072000.0,124644161000.0,124711959000.0,156318382000.0,150938200000.0,185518415000.0,151264585000.0,219464795000.0,231098460000.0,223580905000.0,223143484000.0,218522109000.0,198553309000.0,176921034000.0,139932601000.0,146580676000.0,150570661000.0,150570661000.0,146580676000.0,1405334952000.0,1404791022000.0,1429539837000.0,1429539847000.0,1406379955000.0,1386260333000.0,1421681540000.0,1597459361000.0,1436436733000.0,115343472000.0,115343472000.0,115343472000.0,115343472000.0,115343472000.0,48444043000.0,54978193000.0,440659269000.0,446900049000.0,243269413000.0,145540126000.0,145540126000.0,145540126000.0,145540126000.0,289335663000.0,289443839000.0,289443839000.0,291426419000.0,290178419000.0,290178419000.0,290178419000.0
Giá trị hao mòn lũy kế,-22552000.0,0.0,-758607000.0,-769216000.0,-986081000.0,-1015669000.0,-1233634000.0,-1188788000.0,-1276302000.0,-1616547000.0,-1784635000.0,-1976277000.0,-2167642000.0,-2395214000.0,-2693160000.0,-2940803000.0,-3186294000.0,-3459800000.0,-4186410000.0,-4040159000.0,-4358655000.0,-5385145000.0,-4905438000.0,-6622970000.0,-6060689000.0,-6646428000.0,-6787533000.0,-10162541000.0,-14376638000.0,-18590735000.0,-22785975000.0,-27064319000.0,-31390503000.0,-35716687000.0,-39893246000.0,-50833010000.0,-53387290000.0,-78177744000.0,-85528834000.0,-91743855000.0,-98153615000.0,-90700296000.0,-113599926000.0,-105407265000.0,-52036812000.0,-54579102000.0,-57086547000.0,-59589049000.0,-62090142000.0,-15248191000.0,-15684621000.0,-20892851000.0,-23839765000.0,-21889043000.0,-19013309000.0,-20260986000.0,-21508662000.0,-22649165000.0,-26533304000.0,-27600786000.0,-28670071000.0,-29743066000.0,-31815456000.0,-33887846000.0,-35960235000.0
III. Bất động sản đầu tư,0.0,0.0,0.0,0.0,0.0,0.0,0.0,0.0,0.0,0.0,0.0,0.0,0.0,0.0,0.0,0.0,0.0,0.0,0.0,0.0,0.0,0.0,0.0,0.0,14876170000.0,14751160000.0,14626150000.0,14501141000.0,14376131000.0,14251121000.0,65954969000.0,65829959000.0,65704949000.0,81725494000.0,17076873000.0,3125971168000.0,4171716966000.0,3510539209000.0,3485523219000.0,3489142294000.0,3334207524000.0,3210064249000.0,3199441866000.0,3201065933000.0,37414662000.0,37104803000.0,36794945000.0,36485086000.0,36175228000.0,35865370000.0,67210286000.0,66552573000.0,65894860000.0,65237146000.0,64579433000.0,63921720000.0,63264007000.0,62606294000.0,61948581000.0,61290868000.0,60633155000.0,59975442000.0,59317729000.0,37133450000.0,36660586000.0
Nguyên giá,0.0,0.0,0.0,0.0,0.0,0.0,0.0,0.0,0.0,0.0,0.0,0.0,0.0,0.0,0.0,0.0,0.0,0.0,0.0,0.0,0.0,0.0,0.0,0.0,15001180000.0,15001180000.0,15001180000.0,15001180000.0,15001180000.0,15001180000.0,66830038000.0,66830038000.0,66830038000.0,84074852000.0,19597252000.0,3151029944000.0,4209623873000.0,3567861299000.0,3567861308000.0,3584771006000.0,3439405700000.0,3398052191000.0,3410628448000.0,3436520740000.0,42073202000.0,42073202000.0,42073202000.0,42073202000.0,42073202000.0,42073202000.0,74075831000.0,74075831000.0,74075831000.0,74075831000.0,74075831000.0,74075831000.0,74075831000.0,74075831000.0,74075831000.0,74075831000.0,74075831000.0,74075831000.0,74075831000.0,47003809000.0,47003809000.0
Giá trị hao mòn lũy kế,0.0,0.0,0.0,0.0,0.0,0.0,0.0,0.0,0.0,0.0,0.0,0.0,0.0,0.0,0.0,0.0,0.0,0.0,0.0,0.0,0.0,0.0,0.0,0.0,-125010000.0,-250020000.0,-375030000.0,-500039000.0,-625049000.0,-750059000.0,-875069000.0,-1000079000.0,-1125089000.0,-2349358000.0,-2520379000.0,-25058776000.0,-37906907000.0,-57322090000.0,-82338089000.0,-95628712000.0,-105198176000.0,-187987942000.0,-211186582000.0,-235454807000.0,-4658540000.0,-4968399000.0,-5278257000.0,-5588116000.0,-5897974000.0,-6207832000.0,-6865545000.0,-7523258000.0,-8180971000.0,-8838685000.0,-9496398000.0,-10154111000.0,-10811824000.0,-11469537000.0,-12127250000.0,-12784963000.0,-13442676000.0,-14100389000.0,-14758102000.0,-9870359000.0,-10343223000.0
IV. Tài sản dở dang dài hạn,120332229000.0,848721856065.0,82759763000.0,329306284000.0,406759573000.0,1145368811000.0,1057297505000.0,1228664103000.0,1461863003000.0,1751156720000.0,1953463288000.0,2415913996000.0,2914628519000.0,2883380143000.0,3476530525000.0,4029041305000.0,5001971795000.0,5789121837000.0,6593647268000.0,7741634575000.0,9230296203000.0,9943714310000.0,8227468412000.0,8672563617000.0,9399178126000.0,10060016468000.0,11111404039000.0,11799586155000.0,12296419554000.0,12582305255000.0,14332882499000.0,15308117654000.0,17663712814000.0,21290814896000.0,24069825478000.0,19212290226000.0,17893262923000.0,19042696754000.0,18145338935000.0,17229996591000.0,18180948270000.0,18152867020000.0,17306609278000.0,16559057854000.0,16463927849000.0,13760835667000.0,15838096608000.0,17412615197000.0,13651479815000.0,11220182842000.0,12038160028000.0,11432938987000.0,11730902504000.0,9629407161000.0,3809673128000.0,3345011734000.0,3252415394000.0,3400647162000.0,5416286014000.0,4730457459000.0,4576510889000.0,4645916941000.0,4478322576000.0,5494681491000.0,5403070750000.0
"1. Chi phí sản xuất, kinh doanh dở dang dài hạn",,,,,,,,,,,,,,,,,,,,,,,,,,,,,,,,0.0,0.0,0.0,0.0,0.0,0.0,0.0,0.0,0.0,0.0,0.0,0.0,0.0,0.0,0.0,0.0,0.0,0.0,0.0,0.0,0.0,0.0,0.0,0.0,0.0,0.0,0.0,0.0,0.0,0.0,0.0,0.0,0.0,0.0
2. chi phí xây dựng cơ bản dở dang,,,,,,,,,,,,,,,,,,,,,,,,,,,,,,,,15308117654000.0,17663712814000.0,21290814896000.0,24069825478000.0,19212290226000.0,17893262923000.0,19042696754000.0,18145338935000.0,17229996591000.0,18180948270000.0,18152867020000.0,17306609278000.0,16559057854000.0,16463927849000.0,13760835667000.0,15838096608000.0,17412615197000.0,13651479815000.0,11220182842000.0,12038160028000.0,11432938987000.0,11730902504000.0,9629407161000.0,3809673128000.0,3345011734000.0,3252415394000.0,3400647162000.0,5416286014000.0,4730457459000.0,4576510889000.0,4645916941000.0,4478322576000.0,5494681491000.0,5403070750000.0
V. Các khoản đầu tư tài chính dài hạn,6030000000.0,808962497208.0,1306447392000.0,1911498235000.0,1637358185000.0,2090737140000.0,2368140704000.0,2204214297000.0,2316649466000.0,2061446000000.0,1786729730000.0,2681703568000.0,2717321030000.0,3001290028000.0,3119542584000.0,3595239626000.0,3783827077000.0,3758986760000.0,3761135931000.0,3484583036000.0,3536612311000.0,3629519975000.0,2783879353000.0,2805358076000.0,2713977487000.0,820662458000.0,1026858304000.0,1364680047000.0,1439059338000.0,1538442660000.0,365732032000.0,338927363000.0,338020749000.0,328257789000.0,328295633000.0,305474482000.0,851803189000.0,866675397000.0,866069435000.0,876918051000.0,881993140000.0,868921758000.0,284083540000.0,285656221000.0,2764170591000.0,2789007332000.0,2812012032000.0,2818457058000.0,286982008000.0,284237784000.0,286440988000.0,285831924000.0,272436844000.0,277317936000.0,2672954542000.0,1778826680000.0,1292695692000.0,1779996681000.0,1047631040000.0,529624995000.0,594529694000.0,441689596000.0,484156968000.0,449156738000.0,449156738000.0
1. Đầu tư vào công ty con,0.0,223508522208.0,0.0,0.0,0.0,0.0,0.0,0.0,0.0,0.0,0.0,0.0,0.0,0.0,0.0,0.0,0.0,0.0,0.0,0.0,0.0,0.0,0.0,0.0,0.0,0.0,0.0,0.0,0.0,0.0,0.0,0.0,0.0,0.0,0.0,0.0,0.0,0.0,0.0,0.0,0.0,0.0,0.0,0.0,0.0,0.0,0.0,0.0,0.0,0.0,0.0,0.0,0.0,0.0,0.0,0.0,0.0,0.0,0.0,0.0,0.0,0.0,0.0,0.0,0.0
"2. Đầu tư vào công ty liên kết, liên doanh",6000000000.0,434912500000.0,270519762000.0,430979803000.0,193669762000.0,199067441000.0,204587038000.0,209613517000.0,222157351000.0,69098898000.0,70098898000.0,30907348000.0,30931029000.0,30931029000.0,30931029000.0,30931029000.0,194749353000.0,178554393000.0,178361483000.0,178384465000.0,178384465000.0,211930887000.0,211930887000.0,211930887000.0,211930887000.0,203448669000.0,206413777000.0,206584777000.0,245241632000.0,463677182000.0,328973882000.0,262969214000.0,262062600000.0,252299640000.0,252337484000.0,254152580000.0,839681287000.0,854553495000.0,853947532000.0,866390148000.0,871465237000.0,858393855000.0,273555637000.0,275128318000.0,2755640550000.0,2772693461000.0,2800887381000.0,2807332407000.0,275857357000.0,273113133000.0,275316337000.0,274707273000.0,261312193000.0,266193285000.0,2671754542000.0,0.0,0.0,0.0,0.0,0.0,0.0,0.0,20483522000.0,16888792000.0,16888792000.0
3. Đầu tư khác vào công cụ vốn,30000000.0,150541475000.0,1035927630000.0,1480518432000.0,1446220798000.0,1891669699000.0,2163553666000.0,1994600780000.0,2094492115000.0,1992347102000.0,1716630832000.0,2650796220000.0,2686390001000.0,2970358999000.0,3088611555000.0,3564308597000.0,3589077724000.0,3580432367000.0,3582774448000.0,3306198571000.0,3358227846000.0,3417589088000.0,2571948466000.0,2599427189000.0,2508046600000.0,617213789000.0,820444527000.0,1188880420000.0,1193817706000.0,1074765478000.0,36758150000.0,75938149000.0,75938149000.0,75938149000.0,75938149000.0,51301902000.0,12101902000.0,12101902000.0,12101903000.0,10507903000.0,10507903000.0,10507903000.0,10507903000.0,10507903000.0,8530041000.0,16313871000.0,11124651000.0,11124651000.0,11124651000.0,11124651000.0,11124651000.0,11124651000.0,11124651000.0,11124651000.0,8530041000.0,1781156721000.0,1781156721000.0,1781156721000.0,1049961081000.0,1049961081000.0,1049961081000.0,1049961081000.0,1049961081000.0,1049961081000.0,1049961081000.0
4. Dự phòng giảm giá đầu tư tài chính dài hạn,0.0,0.0,0.0,0.0,-2532375000.0,0.0,0.0,0.0,0.0,0.0,0.0,0.0,0.0,0.0,0.0,0.0,0.0,0.0,0.0,0.0,0.0,0.0,0.0,-6000000000.0,-6000000000.0,0.0,0.0,-30785150000.0,0.0,0.0,0.0,0.0,0.0,0.0,0.0,0.0,0.0,0.0,0.0,0.0,0.0,0.0,0.0,0.0,0.0,0.0,0.0,0.0,0.0,0.0,0.0,0.0,0.0,0.0,-7330041000.0,-2330041000.0,-488461029000.0,-1160040000.0,-2330041000.0,-520336086000.0,-455431387000.0,-608271485000.0,-586287635000.0,-617693135000.0,-617693135000.0
5. Đầu tư nắm giữ đến ngày đáo hạn,0.0,0.0,0.0,0.0,0.0,0.0,0.0,0.0,0.0,0.0,0.0,0.0,0.0,0.0,0.0,0.0,0.0,0.0,0.0,0.0,0.0,0.0,0.0,0.0,0.0,0.0,0.0,0.0,0.0,0.0,0.0,20000000.0,20000000.0,20000000.0,20000000.0,20000000.0,20000000.0,20000000.0,20000000.0,20000000.0,20000000.0,20000000.0,20000000.0,20000000.0,0.0,0.0,0.0,0.0,0.0,0.0,0.0,0.0,0.0,0.0,0.0,0.0,0.0,0.0,0.0,0.0,0.0,0.0,0.0,0.0,0.0
VI. Tổng tài sản dài hạn khác,28285578000.0,81592629604.0,309309752000.0,101192136000.0,369340742000.0,385609302000.0,409673571000.0,230947070000.0,229200825000.0,213900694000.0,204974174000.0,189193593000.0,208748045000.0,195803063000.0,239051537000.0,410281287000.0,289909454000.0,278444201000.0,383072810000.0,343960981000.0,418822407000.0,589874972000.0,616412309000.0,521265688000.0,505162598000.0,576479032000.0,1294698202000.0,1331191299000.0,1318592410000.0,1261914137000.0,1219507842000.0,1267035925000.0,1300398908000.0,1240090304000.0,1244479147000.0,1270678778000.0,1254068392000.0,1515208265000.0,1014105748000.0,1150978504000.0,1156022769000.0,1083890169000.0,1340956847000.0,1481942462000.0,1103676678000.0,1262560795000.0,1547979236000.0,512427576000.0,488498355000.0,458393989000.0,443775072000.0,501908959000.0,563148322000.0,468711888000.0,343885134000.0,283184635000.0,295848366000.0,296618277000.0,453093666000.0,414403611000.0,399028401000.0,384850097000.0,360397860000.0,349020500000.0,315507455000.0
1. Chi phí trả trước dài hạn,24619036000.0,81591229604.0,304999611000.0,97969920000.0,316654461000.0,331880376000.0,339555769000.0,152496251000.0,158940295000.0,141963630000.0,138812376000.0,132650026000.0,142221236000.0,153570220000.0,187387535000.0,370494524000.0,233772990000.0,222988552000.0,269502438000.0,249017069000.0,272314276000.0,379646156000.0,371419909000.0,306774092000.0,311541319000.0,425385666000.0,1143614549000.0,1179553493000.0,1164732815000.0,1104198515000.0,1068098584000.0,1117872798000.0,1155302887000.0,1157671125000.0,1148471516000.0,1169952980000.0,1146092156000.0,1419755618000.0,918903968000.0,1057069251000.0,1063319502000.0,998007682000.0,1244382024000.0,1380937086000.0,1011816005000.0,1165109079000.0,1450159562000.0,413162437000.0,405577849000.0,383812584000.0,369255318000.0,424144176000.0,484661722000.0,370030184000.0,339916883000.0,277370162000.0,290586358000.0,291356269000.0,441911300000.0,399932060000.0,387846035000.0,373667731000.0,343891971000.0,329795223000.0,298085881000.0
2. Tài sản Thuế thu nhập hoãn lại,2055042000.0,0.0,2515691000.0,2515691000.0,50361756000.0,51404401000.0,68320452000.0,76126294000.0,67453005000.0,69237539000.0,63071273000.0,53487542000.0,61585199000.0,37920152000.0,46801611000.0,34978372000.0,50856798000.0,50182832000.0,109443095000.0,91227801000.0,142380854000.0,200356511000.0,236713927000.0,205230975000.0,184114393000.0,142334301000.0,142287975000.0,142927353000.0,145194709000.0,148827742000.0,151409258000.0,149163127000.0,145096021000.0,82419179000.0,96007631000.0,100725798000.0,107976236000.0,95452647000.0,95201780000.0,93909253000.0,92703267000.0,85882487000.0,96574823000.0,101005376000.0,91860673000.0,97451716000.0,97819674000.0,99265139000.0,82920506000.0,74581405000.0,74519754000.0,77764783000.0,78486600000.0,98681704000.0,3968251000.0,5814473000.0,5262008000.0,5262008000.0,11182366000.0,14471551000.0,11182366000.0,11182366000.0,16505889000.0,19225277000.0,17421574000.0
3. Tài sản dài hạn khác,1611500000.0,1400000.0,1794450000.0,706525000.0,2324525000.0,2324525000.0,1797350000.0,2324525000.0,2807525000.0,2699525000.0,3090525000.0,3056025000.0,4941610000.0,4312691000.0,4862391000.0,4808391000.0,5279666000.0,5272817000.0,4127277000.0,3716111000.0,4127277000.0,9872305000.0,8278473000.0,9260621000.0,9506886000.0,8759065000.0,8795678000.0,8710453000.0,8664886000.0,8887880000.0,0.0,0.0,0.0,0.0,0.0,0.0,0.0,0.0,0.0,0.0,0.0,0.0,0.0,0.0,0.0,0.0,0.0,0.0,0.0,0.0,0.0,0.0,0.0,0.0,0.0,0.0,0.0,0.0,0.0,0.0,0.0,0.0,0.0,0.0,0.0
VII. Lợi thế thương mại,0.0,0.0,0.0,0.0,0.0,0.0,0.0,0.0,0.0,0.0,0.0,0.0,0.0,78919141000.0,84435239000.0,80989594000.0,219660239000.0,320450453000.0,320450453000.0,304760582000.0,296359741000.0,287486183000.0,279971709000.0,272309434000.0,488169986000.0,1121485367000.0,251582274000.0,187287074000.0,180469909000.0,173652747000.0,167466130000.0,232304062000.0,224311726000.0,62049863000.0,406544837000.0,435314758000.0,423637901000.0,2498328828000.0,3010602926000.0,2656877365000.0,2576977855000.0,2535307329000.0,3494343728000.0,3425246105000.0,3323196477000.0,3221146848000.0,3119097219000.0,3017047591000.0,1150105347000.0,947052606000.0,1315968664000.0,909375561000.0,6559567101000.0,693971779000.0,264745310000.0,254332418000.0,244912700000.0,0.0,0.0,0.0,0.0,0.0,0.0,0.0,0.0
TỔNG CỘNG TÀI SẢN,1350407708000.0,3436534218637.0,6334821204000.0,7873450395000.0,9579068343000.0,8871560333000.0,9024031817000.0,9453092836000.0,10246160763000.0,12196211274000.0,12876239097000.0,14468057875000.0,15942916929000.0,18776226943000.0,20286357362000.0,23108992459000.0,25345068082000.0,25520237066000.0,26312901526000.0,28405773919000.0,28161142303000.0,31298810767000.0,32749516716000.0,32988010192000.0,32202727128000.0,29815997949000.0,30842485167000.0,32901457432000.0,34902236990000.0,36369229950000.0,39915020893000.0,42884606284000.0,47603878726000.0,48604749457000.0,52160071142000.0,51105680016000.0,52303850250000.0,53015572027000.0,50801154495000.0,52400258368000.0,52810353466000.0,53444498799000.0,53096834370000.0,55071760814000.0,48357359356000.0,48291498110000.0,49039052037000.0,49144159086000.0,41894096071000.0,38598852965000.0,39365877071000.0,40274790669000.0,42077895469000.0,36300910427000.0,18416465972000.0,18112115050000.0,18398594793000.0,18173778933000.0,18857545945000.0,19269171530000.0,19338189557000.0,19951418403000.0,20579899867000.0,20912695222000.0,21496272709000.0
NGUỒN VỐN,,,,,,,,,,,,,,,,,,,,,,,,,,,,,,,,,,,,,,,,,,,,,,0.0,,,,,,,,,,,,,,,,,,,
A. Nợ phải trả,806565110000.0,1273524740989.0,2713452773000.0,3606224178000.0,5734516450000.0,4690923058000.0,4835845602000.0,5099351718000.0,5300496367000.0,7085142093000.0,7306048129000.0,7075632286000.0,7891893803000.0,8699073179000.0,10542329885000.0,13515683690000.0,15550248790000.0,15512146169000.0,16177137089000.0,18112248683000.0,17688177447000.0,20474821678000.0,21731492395000.0,19363277678000.0,18456765170000.0,16286206981000.0,16922433372000.0,18543317422000.0,19295496150000.0,20978144658000.0,25116786895000.0,26849602691000.0,30722649466000.0,32640966204000.0,34099801154000.0,32995714636000.0,34893366098000.0,36103030255000.0,34426129135000.0,34212615005000.0,34670188220000.0,35156357148000.0,34812158473000.0,36654660273000.0,31335493182000.0,31613656394000.0,32277252184000.0,34120702469000.0,24776693966000.0,21577260281000.0,22952334908000.0,24301123746000.0,26346364224000.0,26625879708000.0,13672410763000.0,12946250117000.0,13434820033000.0,13496682162000.0,14060951749000.0,14637989379000.0,14403849622000.0,14710945873000.0,15253666503000.0,15690007862000.0,15952655967000.0
I. Nợ ngắn hạn,543654386000.0,865864694356.0,1789589608000.0,2585617106000.0,4044625663000.0,2553747166000.0,2554935714000.0,2272572627000.0,2782205462000.0,3661427635000.0,4489258592000.0,3826612234000.0,4443688251000.0,4908006153000.0,6715118300000.0,6712872834000.0,7192062952000.0,6869894597000.0,7185617877000.0,6469867672000.0,6319610880000.0,6725494540000.0,7849657135000.0,9324780889000.0,7245129174000.0,4946645676000.0,4569077110000.0,6091538146000.0,6187731351000.0,9256557398000.0,11896167049000.0,12630727293000.0,13076044258000.0,12792219943000.0,14563488130000.0,17715656401000.0,19809551666000.0,13883317520000.0,11831263835000.0,10587539129000.0,11443382451000.0,12031029128000.0,11843035829000.0,13064044937000.0,12611823044000.0,13893277055000.0,14490318148000.0,18453261579000.0,11001222649000.0,8133486690000.0,8606539076000.0,9188201134000.0,11298895478000.0,15096673491000.0,4807977344000.0,4861232161000.0,5340138869000.0,6450797504000.0,7069617903000.0,7864669423000.0,7633039465000.0,8970008136000.0,10186853763000.0,9820032563000.0,10409749374000.0
1. Vay và nợ thuê tài chính ngắn hạn,278788563000.0,233633412424.0,649474370000.0,823530633000.0,1046463432000.0,1203108474000.0,923381499000.0,970855405000.0,1429310953000.0,2341797773000.0,3140293281000.0,1757126720000.0,2351199524000.0,2856363146000.0,2920583089000.0,2176775629000.0,2761855238000.0,3262509959000.0,3494998604000.0,3042237649000.0,3663806305000.0,2505105942000.0,3446230168000.0,4689654673000.0,3426614670000.0,3129670372000.0,2647487028000.0,3876205541000.0,4183268771000.0,6839582565000.0,7346505567000.0,7906365899000.0,8598120897000.0,8001509044000.0,9620961537000.0,12343315244000.0,12270903086000.0,6572320725000.0,4916064237000.0,3941081848000.0,2795759633000.0,3033923259000.0,2359676885000.0,2929286893000.0,5790088262000.0,7013438291000.0,7034885482000.0,6263273362000.0,4052477410000.0,3752458723000.0,3050519267000.0,4959836921000.0,5147589836000.0,8456452677000.0,1283727660000.0,1547877059000.0,1527843309000.0,2489433493000.0,2927438935000.0,3295916657000.0,2743119733000.0,3460410035000.0,4145321775000.0,4114789027000.0,3930391439000.0
2. Vay và nợ dài hạn đến hạn phải trả,0.0,0.0,0.0,0.0,0.0,0.0,0.0,285920045000.0,0.0,0.0,0.0,0.0,0.0,0.0,0.0,0.0,0.0,0.0,0.0,0.0,0.0,0.0,0.0,0.0,0.0,0.0,0.0,0.0,0.0,0.0,0.0,0.0,0.0,0.0,0.0,0.0,0.0,0.0,0.0,0.0,0.0,0.0,0.0,0.0,0.0,0.0,0.0,0.0,0.0,0.0,0.0,0.0,0.0,0.0,0.0,0.0,0.0,0.0,0.0,0.0,0.0,0.0,0.0,0.0,0.0
3. Phải trả người bán ngắn hạn,15303241000.0,168571204637.0,98828933000.0,166365183000.0,181271388000.0,373885772000.0,216351651000.0,0.0,296305246000.0,197537916000.0,171065967000.0,585619229000.0,599667761000.0,736661496000.0,650561159000.0,705854911000.0,589348710000.0,796295347000.0,929965708000.0,757847209000.0,695343198000.0,701958256000.0,615552482000.0,810233471000.0,774697841000.0,653110628000.0,706901894000.0,610657696000.0,554355315000.0,652870974000.0,1861151838000.0,1370444706000.0,1136656956000.0,1122965740000.0,1088812247000.0,1147768425000.0,1291817469000.0,1711070056000.0,1492603925000.0,1047373064000.0,1114957339000.0,944051909000.0,1141690665000.0,883406468000.0,445064045000.0,476300586000.0,566908554000.0,601424868000.0,800262253000.0,1014994966000.0,1057853717000.0,1125473913000.0,1357779764000.0,1473986873000.0,614022495000.0,318888760000.0,341831939000.0,359480668000.0,320326917000.0,420124292000.0,455739384000.0,535229271000.0,641957707000.0,937729199000.0,1207885756000.0
4. Người mua trả tiền trước,4943050000.0,321995866065.0,512816168000.0,484425381000.0,1837587677000.0,98426140000.0,50020359000.0,156890804000.0,52187685000.0,44397490000.0,53025371000.0,61955021000.0,24256613000.0,3519158000.0,1562142445000.0,2507207192000.0,2488693908000.0,1381751830000.0,1279520118000.0,1600431365000.0,320451452000.0,1767616593000.0,1953734063000.0,1886291518000.0,1953591099000.0,219010561000.0,196266423000.0,223537665000.0,410900918000.0,508736007000.0,1381528194000.0,1930099273000.0,2101425899000.0,1439315497000.0,1980091691000.0,2014033527000.0,3096081159000.0,3614992839000.0,3549164522000.0,3602722227000.0,3590471674000.0,3598098546000.0,3848084898000.0,3420108052000.0,2487133952000.0,2403570689000.0,2377111269000.0,7345916482000.0,3092852151000.0,239268825000.0,1105412203000.0,487561013000.0,734086155000.0,612423214000.0,279007565000.0,292125104000.0,278098733000.0,532776258000.0,355308577000.0,450086543000.0,431334379000.0,629649562000.0,1017256453000.0,414692457000.0,669523877000.0
5. Thuế và các khoản phải nộp nhà nước,16507052000.0,-7389987991.0,142704393000.0,247582927000.0,179415210000.0,152269861000.0,193813728000.0,43610477000.0,141739532000.0,265774014000.0,256736070000.0,336563864000.0,438816858000.0,491200946000.0,638147336000.0,612008042000.0,625814890000.0,747096694000.0,546667748000.0,200675662000.0,466144012000.0,557573457000.0,482436133000.0,345166468000.0,221303032000.0,165944806000.0,181349565000.0,270102009000.0,256069415000.0,284741479000.0,417760263000.0,453758107000.0,492356209000.0,275267860000.0,259355193000.0,281558165000.0,204695538000.0,186592984000.0,214562098000.0,260039658000.0,156098525000.0,217774047000.0,217379140000.0,248223856000.0,101328225000.0,59351726000.0,71472403000.0,45553792000.0,44588659000.0,32597879000.0,32887547000.0,33735454000.0,39132827000.0,30906983000.0,4453642000.0,4598384000.0,2568280000.0,6624089000.0,3014911000.0,5203834000.0,5872880000.0,7123620000.0,4073986000.0,12234856000.0,53405634000.0
6. Phải trả người lao động,5331952000.0,8435224706.0,9238377000.0,10228193000.0,12273307000.0,31555135000.0,42585316000.0,10297660000.0,15516643000.0,17811136000.0,19738002000.0,22061037000.0,20810339000.0,22396669000.0,28685311000.0,26350091000.0,30126320000.0,46924113000.0,39581933000.0,45956334000.0,41289900000.0,53944951000.0,53201089000.0,47610273000.0,45630433000.0,49074848000.0,57158094000.0,57277471000.0,40708790000.0,44742526000.0,49132252000.0,65782839000.0,53471303000.0,46545195000.0,47274591000.0,56328568000.0,71461667000.0,72184908000.0,67737452000.0,79838193000.0,113082254000.0,83480060000.0,90794092000.0,96006919000.0,85433867000.0,67209965000.0,86428585000.0,86488375000.0,72948378000.0,109501352000.0,113242245000.0,169581050000.0,214187918000.0,175731277000.0,45646007000.0,51872298000.0,69754318000.0,98871615000.0,53858058000.0,63508098000.0,71828338000.0,80013094000.0,78215969000.0,72574566000.0,99951932000.0
7. Chi phí phải trả ngắn hạn,114012390000.0,18852209340.0,286059744000.0,640088876000.0,567446710000.0,367849188000.0,482113634000.0,334362509000.0,625089554000.0,644983946000.0,660920581000.0,740169452000.0,692905728000.0,471955163000.0,568646381000.0,422260933000.0,452454490000.0,437289152000.0,535183562000.0,568720141000.0,746844748000.0,699746928000.0,873027450000.0,629286505000.0,455106172000.0,272677617000.0,243009149000.0,423079991000.0,186825557000.0,303364459000.0,283680292000.0,389669454000.0,194045453000.0,683868559000.0,900854669000.0,1144683846000.0,1419493472000.0,788085251000.0,653331891000.0,522274637000.0,434020453000.0,549336499000.0,1325321753000.0,1783850445000.0,2073618804000.0,2599503863000.0,1849337592000.0,1738690625000.0,2143116126000.0,2272134707000.0,2573079521000.0,2030981665000.0,2820543115000.0,2865325702000.0,2283587345000.0,2463120647000.0,2655953532000.0,2808564555000.0,3249669258000.0,3472677919000.0,3744194182000.0,3850493045000.0,4169522537000.0,4116154882000.0,4284035042000.0
8. Phải trả nội bộ ngắn hạn,0.0,13035540735.0,0.0,0.0,0.0,0.0,0.0,0.0,0.0,0.0,0.0,0.0,0.0,0.0,0.0,0.0,0.0,0.0,0.0,0.0,0.0,0.0,0.0,0.0,0.0,0.0,0.0,0.0,0.0,0.0,0.0,0.0,0.0,0.0,0.0,0.0,0.0,0.0,0.0,0.0,0.0,0.0,0.0,0.0,0.0,0.0,0.0,0.0,0.0,0.0,0.0,0.0,0.0,0.0,0.0,0.0,0.0,0.0,0.0,0.0,0.0,0.0,0.0,0.0,0.0
9. Phải trả theo tiến độ kế hoạch hợp đồng xây dựng,0.0,0.0,0.0,0.0,0.0,0.0,0.0,0.0,0.0,0.0,0.0,0.0,0.0,0.0,0.0,0.0,0.0,0.0,0.0,0.0,0.0,0.0,0.0,0.0,0.0,0.0,0.0,0.0,0.0,0.0,0.0,0.0,0.0,0.0,0.0,0.0,0.0,0.0,0.0,0.0,0.0,0.0,0.0,0.0,0.0,0.0,0.0,0.0,0.0,0.0,0.0,0.0,0.0,0.0,0.0,0.0,0.0,0.0,0.0,0.0,0.0,0.0,0.0,0.0,0.0
10. Doanh thu chưa thực hiện ngắn hạn,0.0,0.0,0.0,0.0,0.0,0.0,0.0,0.0,0.0,0.0,0.0,0.0,0.0,0.0,0.0,0.0,0.0,0.0,0.0,0.0,0.0,0.0,0.0,0.0,0.0,0.0,0.0,0.0,0.0,0.0,0.0,0.0,0.0,0.0,0.0,0.0,0.0,0.0,6760210000.0,5407902000.0,7926119000.0,8012671000.0,0.0,139099882000.0,0.0,228667000.0,0.0,144667000.0,144667000.0,60667000.0,278848000.0,163636000.0,665454000.0,409090000.0,409091000.0,583978000.0,409091000.0,81818000.0,81818000.0,0.0,0.0,0.0,0.0,0.0,0.0
11. Phải trả ngắn hạn khác,107386268000.0,114006628053.0,77121047000.0,220454798000.0,226102059000.0,308083120000.0,627125334000.0,453245029000.0,208997995000.0,132540015000.0,155763528000.0,287902206000.0,265208248000.0,236565689000.0,311780877000.0,224248173000.0,205309323000.0,174102798000.0,326415491000.0,216913131000.0,352361708000.0,395225392000.0,392339371000.0,883401602000.0,335049548000.0,457156844000.0,536904957000.0,630677773000.0,555602585000.0,614343387000.0,552311013000.0,493781849000.0,480257424000.0,1215916433000.0,665106432000.0,724220462000.0,1453933802000.0,937512111000.0,927101270000.0,1128556638000.0,3230580563000.0,3595914395000.0,2859567290000.0,3563515834000.0,1628609301000.0,1273609362000.0,2504070753000.0,2371657898000.0,794729495000.0,712366061000.0,673162218000.0,369105791000.0,984806899000.0,1481334165000.0,297020029000.0,182062421000.0,463576157000.0,154861498000.0,159815919000.0,157048571000.0,180847059000.0,406985999000.0,130401826000.0,151754066000.0,164452184000.0
12. Dự phòng phải trả ngắn hạn,0.0,0.0,0.0,0.0,0.0,0.0,0.0,0.0,0.0,0.0,0.0,0.0,0.0,21480614000.0,21097967000.0,25432066000.0,20135782000.0,23924704000.0,23924704000.0,25696963000.0,25696963000.0,33136379000.0,33136379000.0,33136379000.0,33136379000.0,0.0,0.0,0.0,0.0,0.0,0.0,0.0,0.0,274130000.0,276435000.0,0.0,0.0,0.0,0.0,0.0,0.0,0.0,0.0,0.0,0.0,0.0,0.0,0.0,0.0,0.0,0.0,0.0,0.0,0.0,0.0,0.0,0.0,0.0,0.0,0.0,0.0,0.0,0.0,0.0,0.0
13. Quỹ khen thưởng phúc lợi,1381870000.0,-5275403613.0,13346576000.0,-7058885000.0,-5934120000.0,18569476000.0,19544193000.0,17390698000.0,13057854000.0,16585345000.0,31715792000.0,35214705000.0,50823180000.0,67863272000.0,13473735000.0,12735797000.0,18324291000.0,0.0,9360009000.0,11389218000.0,7672594000.0,11186642000.0,0.0,0.0,0.0,0.0,0.0,0.0,0.0,8176001000.0,4097630000.0,20825166000.0,19710117000.0,6557485000.0,755335000.0,3748164000.0,1165473000.0,558646000.0,3938230000.0,244962000.0,485891000.0,437742000.0,521106000.0,546588000.0,546588000.0,63906000.0,103510000.0,111510000.0,103510000.0,103510000.0,103510000.0,11761691000.0,103510000.0,103510000.0,103510000.0,103510000.0,103510000.0,103510000.0,103510000.0,103509000.0,103510000.0,103510000.0,103510000.0,103510000.0,103510000.0
14. Quỹ bình ổn giá,0.0,0.0,0.0,0.0,0.0,0.0,0.0,0.0,0.0,0.0,0.0,0.0,0.0,0.0,0.0,0.0,0.0,0.0,0.0,0.0,0.0,0.0,0.0,0.0,0.0,0.0,0.0,0.0,0.0,0.0,0.0,0.0,0.0,0.0,0.0,0.0,0.0,0.0,0.0,0.0,0.0,0.0,0.0,0.0,0.0,0.0,0.0,0.0,0.0,0.0,0.0,0.0,0.0,0.0,0.0,0.0,0.0,0.0,0.0,0.0,0.0,0.0,0.0,0.0,0.0
15. Giao dịch mua bán lại trái phiếu chính phủ,0.0,0.0,0.0,0.0,0.0,0.0,0.0,0.0,0.0,0.0,0.0,0.0,0.0,0.0,0.0,0.0,0.0,0.0,0.0,0.0,0.0,0.0,0.0,0.0,0.0,0.0,0.0,0.0,0.0,0.0,0.0,0.0,0.0,0.0,0.0,0.0,0.0,0.0,0.0,0.0,0.0,0.0,0.0,0.0,0.0,0.0,0.0,0.0,0.0,0.0,0.0,0.0,0.0,0.0,0.0,0.0,0.0,0.0,0.0,0.0,0.0,0.0,0.0,0.0,0.0
II. Nợ dài hạn,262910724000.0,407660046633.0,923863165000.0,1020607072000.0,1689890787000.0,2137175892000.0,2280909888000.0,2826779091000.0,2518290905000.0,3423714458000.0,2816789537000.0,3249020052000.0,3448205552000.0,3791067026000.0,3827211585000.0,6802810856000.0,8358185838000.0,8642251572000.0,8991519212000.0,11642381011000.0,11368566567000.0,13749327138000.0,13881835260000.0,10038496789000.0,11211635996000.0,11339561305000.0,12353356262000.0,12451779276000.0,13107764799000.0,11721587260000.0,13220619846000.0,14218875398000.0,17646605208000.0,19848746261000.0,19536313024000.0,15280058235000.0,15083814432000.0,22219712735000.0,22594865300000.0,23625075876000.0,23226805769000.0,23125328020000.0,22969122644000.0,23590615336000.0,18723670138000.0,17720379339000.0,17786934036000.0,15667440890000.0,13775471317000.0,13443773591000.0,14345795832000.0,15112922612000.0,15047468746000.0,11529206217000.0,8864433419000.0,8085017956000.0,8094681164000.0,7045884658000.0,6991333846000.0,6773319956000.0,6770810157000.0,5740937737000.0,5066812740000.0,5869975299000.0,5542906593000.0
1. Phải trả người bán dài hạn,0.0,0.0,0.0,8358000.0,0.0,0.0,0.0,0.0,0.0,0.0,0.0,0.0,0.0,0.0,0.0,0.0,0.0,0.0,0.0,0.0,0.0,0.0,0.0,0.0,0.0,0.0,0.0,0.0,0.0,0.0,0.0,0.0,0.0,0.0,0.0,0.0,0.0,0.0,0.0,0.0,0.0,0.0,0.0,0.0,0.0,0.0,0.0,0.0,0.0,0.0,0.0,0.0,0.0,0.0,0.0,0.0,0.0,0.0,0.0,0.0,0.0,0.0,0.0,0.0,0.0
2. Chi phí phải trả dài hạn,0.0,0.0,0.0,0.0,0.0,0.0,0.0,0.0,0.0,0.0,0.0,0.0,0.0,0.0,0.0,0.0,0.0,0.0,0.0,0.0,0.0,0.0,0.0,0.0,0.0,0.0,0.0,0.0,0.0,0.0,0.0,0.0,0.0,0.0,0.0,0.0,0.0,0.0,191214558000.0,479648753000.0,918281298000.0,1218024076000.0,1224319754000.0,1781203520000.0,1851415432000.0,1546406554000.0,2163429964000.0,2052022767000.0,1792060614000.0,1737151030000.0,1565220950000.0,1461572836000.0,1201997947000.0,1173684620000.0,776513214000.0,735355168000.0,694502103000.0,667348433000.0,612795973000.0,571942908000.0,444250173000.0,490236779000.0,338144084000.0,683440380000.0,571942908000.0
3. Phải trả nội bộ về vốn kinh doanh,0.0,0.0,0.0,0.0,0.0,0.0,0.0,0.0,0.0,0.0,0.0,0.0,0.0,0.0,0.0,0.0,0.0,0.0,0.0,0.0,0.0,0.0,0.0,0.0,0.0,0.0,0.0,0.0,0.0,0.0,0.0,0.0,0.0,0.0,0.0,0.0,0.0,0.0,0.0,0.0,0.0,0.0,0.0,0.0,0.0,0.0,0.0,0.0,0.0,0.0,0.0,0.0,0.0,0.0,0.0,0.0,0.0,0.0,0.0,0.0,0.0,0.0,0.0,0.0,0.0
4. Phải trả nội bộ dài hạn,0.0,0.0,0.0,0.0,0.0,0.0,0.0,0.0,0.0,0.0,0.0,0.0,0.0,0.0,0.0,0.0,0.0,0.0,0.0,0.0,0.0,0.0,0.0,0.0,0.0,0.0,0.0,0.0,0.0,0.0,0.0,0.0,0.0,0.0,0.0,0.0,0.0,0.0,0.0,0.0,0.0,0.0,0.0,0.0,0.0,0.0,0.0,0.0,0.0,0.0,0.0,0.0,0.0,0.0,0.0,0.0,0.0,0.0,0.0,0.0,0.0,0.0,0.0,0.0,0.0
5. Phải trả dài hạn khác,15860000000.0,2854563364.0,10178715000.0,0.0,13877837000.0,4318682000.0,4073584000.0,3953076000.0,12784909000.0,23992393000.0,23784650000.0,23632110000.0,24371562000.0,23718851000.0,23725685000.0,23650416000.0,23193798000.0,24145810000.0,24194810000.0,24219840000.0,24010276000.0,10535055000.0,15288863000.0,10629825000.0,9730377000.0,152606314000.0,161970319000.0,173336377000.0,182647338000.0,176545782000.0,182567750000.0,491005814000.0,598492385000.0,552094943000.0,652139987000.0,412397095000.0,972291694000.0,1000344226000.0,993360823000.0,1152866270000.0,1346897322000.0,1493215288000.0,1197590859000.0,959966104000.0,1258259943000.0,986991727000.0,1111942402000.0,1883057982000.0,910836606000.0,570607687000.0,519789322000.0,504917849000.0,222752859000.0,454179083000.0,73098771000.0,71291757000.0,63712426000.0,65398026000.0,56533185000.0,17205699000.0,10988355000.0,7816629000.0,307666629000.0,812453702000.0,727274406000.0
6. Vay và nợ thuê tài chính dài hạn,230001552000.0,405142172416.0,813385100000.0,856312172000.0,1468316401000.0,1893643583000.0,1969769126000.0,2424443122000.0,1994603227000.0,2898707163000.0,2197186137000.0,2559554069000.0,2741853006000.0,3022120970000.0,3301281711000.0,6473951582000.0,7978364655000.0,8366117129000.0,8699560621000.0,11446907782000.0,11174495166000.0,13626405300000.0,13754159614000.0,9906059404000.0,11080589050000.0,11127077857000.0,12146984349000.0,12234041305000.0,12880715867000.0,11336584434000.0,12822786458000.0,13531676470000.0,16851828229000.0,19097705989000.0,18486285757000.0,14340554481000.0,13578658170000.0,20794258130000.0,20868706125000.0,21445912998000.0,20364462753000.0,19786224518000.0,20237073608000.0,20231988930000.0,15269492080000.0,14803704081000.0,14163880954000.0,11360043422000.0,10703584542000.0,10945607551000.0,12034726459000.0,12914613855000.0,13392044797000.0,9646397792000.0,7425829865000.0,6731495257000.0,6791582409000.0,5796981126000.0,5824124408000.0,5725340856000.0,5880472587000.0,4818660087000.0,3999630499000.0,3970109642000.0,3848417681000.0
7. Trái phiếu chuyển đổi,0.0,0.0,0.0,0.0,0.0,0.0,0.0,0.0,0.0,0.0,0.0,0.0,0.0,0.0,0.0,0.0,0.0,0.0,0.0,0.0,0.0,0.0,0.0,0.0,0.0,0.0,0.0,0.0,0.0,0.0,0.0,0.0,0.0,0.0,0.0,0.0,0.0,0.0,0.0,0.0,0.0,0.0,0.0,0.0,0.0,0.0,0.0,0.0,0.0,0.0,0.0,0.0,0.0,0.0,0.0,0.0,0.0,0.0,0.0,0.0,0.0,0.0,0.0,0.0,0.0
8. Thuế thu nhập hoãn lại phải trả,16463037000.0,-1699719840.0,98702016000.0,162854067000.0,206003185000.0,234725416000.0,302563872000.0,393966271000.0,506586820000.0,499210181000.0,594113679000.0,664267824000.0,680438367000.0,743794382000.0,500801276000.0,303914451000.0,355352479000.0,250535935000.0,261090475000.0,163866837000.0,162756413000.0,112386783000.0,112386783000.0,121807560000.0,121316569000.0,59877134000.0,44401594000.0,44401594000.0,44401594000.0,208457044000.0,208457044000.0,189506405000.0,189506405000.0,192839490000.0,391794641000.0,520736886000.0,526492569000.0,418941449000.0,264550122000.0,234411772000.0,245180347000.0,264101018000.0,304128057000.0,364332742000.0,338755817000.0,377543611000.0,341967350000.0,366603353000.0,363276189000.0,184693957000.0,220345734000.0,226104706000.0,224959777000.0,249231356000.0,583360502000.0,541270533000.0,539216133000.0,510611231000.0,492412100000.0,453465659000.0,429630862000.0,418756062000.0,416006694000.0,398606741000.0,389906764000.0
9. Dự phòng trợ cấp mất việc làm,586135000.0,1363030693.0,1597334000.0,1432475000.0,1693364000.0,4488211000.0,4503306000.0,4416622000.0,4315949000.0,1804721000.0,1705071000.0,1566049000.0,1542617000.0,1432823000.0,1402913000.0,1294407000.0,1274906000.0,1452698000.0,6673306000.0,7386552000.0,7304712000.0,0.0,0.0,0.0,0.0,0.0,0.0,0.0,0.0,0.0,0.0,0.0,0.0,0.0,0.0,0.0,0.0,0.0,0.0,0.0,0.0,0.0,0.0,0.0,0.0,0.0,0.0,0.0,0.0,0.0,0.0,0.0,0.0,0.0,0.0,0.0,0.0,0.0,0.0,0.0,0.0,0.0,0.0,0.0,0.0
10. Dự phòng phải trả dài hạn,0.0,0.0,0.0,0.0,0.0,0.0,0.0,0.0,0.0,0.0,0.0,0.0,0.0,0.0,0.0,0.0,0.0,0.0,0.0,0.0,0.0,0.0,0.0,0.0,0.0,0.0,0.0,0.0,0.0,0.0,6808594000.0,6686709000.0,6778189000.0,6105839000.0,6092639000.0,6369773000.0,6371999000.0,6168930000.0,277033672000.0,312236083000.0,351984049000.0,363763120000.0,6010366000.0,5997074000.0,5746866000.0,5733366000.0,5713366000.0,5713366000.0,5713366000.0,5713366000.0,5713367000.0,5713366000.0,5713366000.0,5713366000.0,5631067000.0,5605241000.0,5605242000.0,5545842000.0,5468180000.0,5364834000.0,5468180000.0,5468180000.0,5364834000.0,5364834000.0,5364834000.0
11. Doanh thu chưa thực hiện dài hạn,0.0,0.0,0.0,0.0,0.0,0.0,0.0,0.0,0.0,0.0,0.0,0.0,0.0,0.0,0.0,0.0,0.0,0.0,0.0,0.0,0.0,0.0,0.0,0.0,0.0,0.0,0.0,0.0,0.0,0.0,0.0,0.0,0.0,0.0,0.0,0.0,0.0,0.0,0.0,0.0,0.0,0.0,0.0,247126966000.0,0.0,0.0,0.0,0.0,0.0,0.0,0.0,0.0,0.0,0.0,0.0,0.0,62851000.0,0.0,0.0,0.0,0.0,0.0,0.0,0.0,0.0
12. Quỹ phát triển khoa học và công nghệ,0.0,0.0,0.0,0.0,0.0,0.0,0.0,0.0,0.0,0.0,0.0,0.0,0.0,0.0,0.0,0.0,0.0,0.0,0.0,0.0,0.0,0.0,0.0,0.0,0.0,0.0,0.0,0.0,0.0,0.0,0.0,0.0,0.0,0.0,0.0,0.0,0.0,0.0,0.0,0.0,0.0,0.0,0.0,0.0,0.0,0.0,0.0,0.0,0.0,0.0,0.0,0.0,0.0,0.0,0.0,0.0,0.0,0.0,0.0,0.0,0.0,0.0,0.0,0.0,0.0
B. Nguồn vốn chủ sở hữu,543842598000.0,2163009477648.0,3621368431000.0,4267226217000.0,3844551893000.0,4180637275000.0,4188186215000.0,4353741118000.0,4945664396000.0,5111069181000.0,5570190968000.0,7392425589000.0,8051023126000.0,10077153764000.0,9744027477000.0,9593308769000.0,9794819292000.0,10008090897000.0,10135764437000.0,10293525236000.0,10472964856000.0,10823989089000.0,11018024321000.0,13624732514000.0,13745961958000.0,13529790968000.0,13920051795000.0,14358140010000.0,15606740840000.0,15391085292000.0,14798233998000.0,16035003593000.0,16881229260000.0,15963783253000.0,18060269988000.0,18109965380000.0,17410484152000.0,16912541772000.0,16375025360000.0,18187643363000.0,18140165246000.0,18288141651000.0,18284675897000.0,18417100541000.0,17021866174000.0,16677841716000.0,16761799853000.0,15023456617000.0,17117402105000.0,17021592684000.0,16413542163000.0,15973666923000.0,15731531245000.0,9675030719000.0,4744055209000.0,5165864933000.0,4963774760000.0,4677096771000.0,4796594196000.0,4631182151000.0,4934339935000.0,5240472530000.0,5326233364000.0,5222687360000.0,5543616742000.0
I. Vốn chủ sở hữu,543842598000.0,2163009477648.0,3621368431000.0,4267226217000.0,3844551893000.0,4180637275000.0,4188186215000.0,4353741118000.0,4945664396000.0,5111069181000.0,5570190968000.0,7392425589000.0,8051023126000.0,10077153764000.0,9744027477000.0,9593308769000.0,9794819292000.0,10008090897000.0,10135764437000.0,10293525236000.0,10472964856000.0,10823989089000.0,11018024321000.0,13624732514000.0,13745961958000.0,13529790968000.0,13920051795000.0,14358140010000.0,15606740840000.0,15391085292000.0,14798233998000.0,16035003593000.0,16881229260000.0,15963783253000.0,18060269988000.0,18109965380000.0,17410484152000.0,16912541772000.0,16375025360000.0,18187643363000.0,18140165246000.0,18288141651000.0,18284675897000.0,18417100541000.0,17021866174000.0,16677841716000.0,16761799853000.0,15023456617000.0,17117402105000.0,17021592684000.0,16413542163000.0,15973666923000.0,15731531245000.0,9675030719000.0,4744055209000.0,5165864933000.0,4963774760000.0,4677096771000.0,4796594196000.0,4631182151000.0,4934339935000.0,5240472530000.0,5326233364000.0,5222687360000.0,5543616742000.0
1. Vốn đầu tư của chủ sở hữu,387486340000.0,1219986483452.0,1199563880000.0,1798145010000.0,1798145010000.0,1798145010000.0,1798145010000.0,1798145010000.0,1798145010000.0,2704654580000.0,2704654580000.0,2925206970000.0,2925206970000.0,3115206970000.0,4672805900000.0,4672805900000.0,4672805900000.0,4672805900000.0,4672805900000.0,5373710490000.0,5373710490000.0,5373710490000.0,5373710490000.0,7181546930000.0,7181546930000.0,7181546930000.0,7181546930000.0,7181546930000.0,7899679470000.0,7899679470000.0,7899679470000.0,7899679470000.0,7899679470000.0,7899679470000.0,7899679470000.0,7899679470000.0,7899679470000.0,7899679470000.0,7899679470000.0,9274679470000.0,9274679470000.0,9274679470000.0,9274679470000.0,9274679470000.0,9274679470000.0,9274679470000.0,9274679470000.0,9274679470000.0,9274679470000.0,9274679470000.0,9274679470000.0,9274679470000.0,9274679470000.0,9274679470000.0,9274679470000.0,9274679470000.0,9274679470000.0,9274679470000.0,9274679470000.0,9274679470000.0,9274679470000.0,9274679470000.0,9274679470000.0,9274679470000.0,9274679470000.0
2. Thặng dư vốn cổ phần,0.0,447494771000.0,1559596453000.0,1467996453000.0,1559596453000.0,1559596453000.0,1559596453000.0,1840361593000.0,1762821336000.0,1223971061000.0,1223971061000.0,2384349746000.0,2384349746000.0,3504012140000.0,2880972568000.0,2880972568000.0,2880972568000.0,2880972568000.0,2880972568000.0,2880972568000.0,2880972566000.0,2880972568000.0,2880972568000.0,3544438784000.0,3544438784000.0,3544438784000.0,3544438784000.0,3544438784000.0,3539078784000.0,3539078784000.0,3539078784000.0,3539078784000.0,3539078784000.0,3539078784000.0,3539078784000.0,3539078784000.0,3539078784000.0,3539078784000.0,3539078784000.0,3263858784000.0,3263858784000.0,3263858784000.0,3263858784000.0,3263858784000.0,3263858784000.0,3263858784000.0,3263858784000.0,3263858784000.0,3263858784000.0,3263858784000.0,3263858784000.0,3263858784000.0,3263858784000.0,3263858784000.0,3263858784000.0,3263858784000.0,0.0,0.0,0.0,0.0,0.0,0.0,0.0,0.0,0.0
3. Quyền chọn chuyển đổi trái phiếu,0.0,0.0,0.0,0.0,0.0,0.0,0.0,0.0,0.0,0.0,0.0,0.0,0.0,0.0,0.0,0.0,0.0,0.0,0.0,0.0,0.0,0.0,0.0,0.0,0.0,0.0,0.0,0.0,0.0,0.0,0.0,0.0,0.0,0.0,0.0,0.0,0.0,0.0,0.0,0.0,0.0,0.0,0.0,0.0,0.0,0.0,0.0,0.0,0.0,0.0,0.0,0.0,-686640000.0,0.0,0.0,0.0,0.0,0.0,0.0,0.0,0.0,0.0,0.0,0.0,0.0
4. Vốn khác của chủ sở hữu,31142000000.0,56008445294.0,0.0,0.0,0.0,0.0,0.0,-280765140000.0,0.0,-399237919000.0,-410353517000.0,-399649745000.0,-392133835000.0,-346885112000.0,-362985026000.0,-363065578000.0,-362985026000.0,-364329025000.0,-387900676000.0,0.0,-387900676000.0,-389966078000.0,0.0,0.0,0.0,-170661078000.0,0.0,0.0,0.0,0.0,0.0,0.0,0.0,0.0,0.0,0.0,0.0,0.0,0.0,0.0,0.0,0.0,0.0,0.0,0.0,0.0,0.0,0.0,0.0,0.0,0.0,0.0,0.0,0.0,0.0,0.0,0.0,0.0,0.0,0.0,0.0,0.0,0.0,0.0,0.0
5. Cổ phiếu quỹ,0.0,-22169000000.0,0.0,0.0,-331303221000.0,-327979971000.0,-327979971000.0,-358071670000.0,-30091699000.0,-30091699000.0,-30091699000.0,-30091699000.0,-30091699000.0,0.0,0.0,0.0,0.0,0.0,0.0,0.0,0.0,0.0,0.0,0.0,0.0,0.0,0.0,0.0,-686640000.0,-686640000.0,-686640000.0,-686640000.0,-686640000.0,-686640000.0,-686640000.0,-686640000.0,-686640000.0,-686640000.0,-686640000.0,-686640000.0,-686640000.0,-686640000.0,-686640000.0,-686640000.0,-686640000.0,-686640000.0,-686640000.0,-686640000.0,-686640000.0,-686640000.0,-686640000.0,-686640000.0,0.0,-686640000.0,-686640000.0,-686640000.0,-686640000.0,-686640000.0,-686640000.0,-686640000.0,-686640000.0,-686640000.0,-686640000.0,-686640000.0,-686640000.0
6. Chênh lệch đánh giá lại tài sản,0.0,0.0,0.0,0.0,0.0,0.0,0.0,0.0,-287054990000.0,0.0,0.0,0.0,0.0,0.0,0.0,0.0,0.0,0.0,0.0,0.0,0.0,0.0,0.0,0.0,0.0,0.0,-170661078000.0,0.0,0.0,0.0,0.0,0.0,0.0,0.0,0.0,0.0,0.0,0.0,0.0,0.0,0.0,0.0,0.0,0.0,0.0,0.0,0.0,0.0,0.0,0.0,0.0,0.0,0.0,0.0,0.0,0.0,0.0,0.0,0.0,0.0,0.0,0.0,-1377163764000.0,0.0,0.0
7. Chênh lệch tỷ giá hối đoái,0.0,0.0,80017000.0,44387000.0,-1376847000.0,2734772000.0,-3365087000.0,1159114000.0,4984285000.0,20463787000.0,15937528000.0,16780195000.0,22395463000.0,59665483000.0,138684260000.0,133493398000.0,128047238000.0,123087649000.0,146080217000.0,118068271000.0,150555858000.0,163602955000.0,282394310000.0,240644643000.0,246959531000.0,103486098000.0,90379217000.0,178249465000.0,121224268000.0,817842000.0,-124469752000.0,66880528000.0,488318762000.0,552772972000.0,647245058000.0,577106717000.0,267644223000.0,610072416000.0,608372085000.0,389650060000.0,184152845000.0,296429362000.0,352828683000.0,448217953000.0,329563617000.0,457512974000.0,420419180000.0,113512861000.0,-334122778000.0,-408490840000.0,-737135400000.0,-1125766009000.0,-1424966981000.0,-1472151826000.0,-720271384000.0,-378136885000.0,-601971468000.0,-597648173000.0,-731567862000.0,-1181830523000.0,-1246690508000.0,-1230476945000.0,0.0,-1583374788000.0,-1588233183000.0
8. Quỹ đầu tư phát triển,0.0,8998719044.0,8622737000.0,8622737000.0,8622737000.0,8622737000.0,8622737000.0,8622737000.0,8622737000.0,8622737000.0,8622737000.0,8622737000.0,8622737000.0,8622737000.0,8622737000.0,8622737000.0,8622737000.0,8622737000.0,8622737000.0,8622737000.0,8622737000.0,8622737000.0,8622737000.0,8622737000.0,8622737000.0,8622737000.0,8622737000.0,8622737000.0,8622737000.0,8622737000.0,249756283000.0,271279633000.0,276903170000.0,283687477000.0,279895303000.0,279895303000.0,279895303000.0,279895303000.0,279895303000.0,279895303000.0,279895303000.0,279895303000.0,279895303000.0,280644762000.0,280644763000.0,280644763000.0,281668774000.0,281668774000.0,281668774000.0,281668774000.0,282410699000.0,282410699000.0,282410699000.0,282410699000.0,282410699000.0,282410699000.0,282410699000.0,282410699000.0,282410699000.0,282410699000.0,282410699000.0,282410699000.0,282410699000.0,282410699000.0,283782570000.0
9. Quỹ dự phòng tài chính,2528069000.0,2930676454.0,22528069000.0,22528069000.0,22528069000.0,22528069000.0,22528069000.0,22528069000.0,22528069000.0,82528069000.0,137566076000.0,155333177000.0,183975934000.0,210865390000.0,230051745000.0,220253686000.0,230051745000.0,220751660000.0,219861914000.0,222169900000.0,222954889000.0,223672692000.0,223672692000.0,227739764000.0,228608370000.0,230027423000.0,230027423000.0,231398596000.0,231398596000.0,241133546000.0,0.0,0.0,0.0,0.0,0.0,0.0,0.0,0.0,0.0,0.0,0.0,0.0,0.0,0.0,0.0,0.0,0.0,0.0,0.0,0.0,0.0,0.0,0.0,0.0,0.0,0.0,0.0,0.0,0.0,0.0,0.0,0.0,0.0,0.0,0.0
10. Quỹ khác thuộc vốn chủ sở hữu,0.0,0.0,0.0,0.0,0.0,0.0,0.0,932286922000.0,0.0,0.0,0.0,0.0,0.0,0.0,0.0,0.0,0.0,0.0,0.0,-389966078000.0,0.0,0.0,-389966078000.0,-389966078000.0,0.0,0.0,0.0,-82936814000.0,-82936814000.0,0.0,0.0,0.0,0.0,0.0,0.0,0.0,0.0,0.0,0.0,0.0,0.0,0.0,0.0,0.0,0.0,0.0,0.0,0.0,0.0,0.0,0.0,0.0,0.0,0.0,0.0,0.0,0.0,0.0,0.0,0.0,0.0,0.0,0.0,0.0,0.0
11. Lợi nhuận sau thuế chưa phân phối,87226065000.0,449759382404.0,598663334000.0,655185221000.0,657591979000.0,665280804000.0,634758226000.0,0.0,1252761123000.0,1084004248000.0,1486750996000.0,1845429193000.0,2079858048000.0,2661835885000.0,1341314668000.0,1310007061000.0,1568362551000.0,1842610246000.0,1945600500000.0,1336083648000.0,1432472809000.0,1504637693000.0,1582938540000.0,1859033494000.0,2089469858000.0,2023439002000.0,2339066809000.0,2598718962000.0,2828277471000.0,2696951979000.0,2386068363000.0,2396752924000.0,2765189929000.0,1939340391000.0,2471167142000.0,1864222753000.0,1608814989000.0,1484796595000.0,1396997246000.0,1291734763000.0,1396850360000.0,1274963503000.0,360763918000.0,386747402000.0,155124173000.0,-161527905000.0,-780296000.0,-728171204000.0,205102101000.0,353699826000.0,216531377000.0,397481578000.0,491763943000.0,-5085856219000.0,-7474084968000.0,-7371640788000.0,-4055681003000.0,-4431899759000.0,-4218189996000.0,-3938468018000.0,-3578493926000.0,-3289531140000.0,-3050306693000.0,-2959485365000.0,-2640551776000.0
LNST chưa phân phối lũy kế đến cuối kỳ trước,,,,,,,,0.0,,,,,,,,,,,,,,,,,,,,,,,,1604369815000.0,1604369815000.0,1419749721000.0,2401814106000.0,2726316939000.0,2504836636000.0,2504836969000.0,1391155127000.0,614113096000.0,615515688000.0,646089589000.0,358155888000.0,421294080000.0,-213506157000.0,-214077036000.0,-36949910000.0,-211642980000.0,8000531000.0,104364466000.0,285727374000.0,290097311000.0,571783163000.0,-3885090932000.0,-7415671173000.0,-7389857259000.0,-4097604713000.0,-4616055671000.0,-4468216553000.0,-4468216553000.0,-4468984553000.0,-4469752553000.0,-3341391157000.0,-3341775157000.0,-3342796059000.0
LNST chưa phân phối kỳ này,,,,,,,,0.0,,,,,,,,,,,,,,,,,,,,,,,,792383109000.0,1160820114000.0,519590670000.0,69353036000.0,-862094186000.0,-896021647000.0,-1020040374000.0,5842119000.0,677621667000.0,781334672000.0,628873914000.0,2608030000.0,-34546678000.0,368630330000.0,52549131000.0,36169614000.0,-516528224000.0,197101570000.0,249335360000.0,-69195997000.0,107384267000.0,-80019220000.0,-1200765287000.0,-58413795000.0,18216471000.0,41923710000.0,184155912000.0,250026557000.0,529748535000.0,890490627000.0,1180221413000.0,291084464000.0,382289792000.0,702244283000.0
12. Nguồn vốn đầu tư xây dựng cơ bản,0.0,0.0,0.0,0.0,0.0,0.0,0.0,0.0,0.0,0.0,0.0,0.0,0.0,0.0,0.0,0.0,0.0,0.0,0.0,0.0,0.0,0.0,0.0,0.0,0.0,0.0,0.0,0.0,0.0,0.0,0.0,0.0,0.0,0.0,0.0,0.0,0.0,0.0,0.0,0.0,0.0,0.0,0.0,0.0,0.0,0.0,0.0,0.0,0.0,0.0,0.0,0.0,0.0,0.0,0.0,0.0,0.0,0.0,0.0,0.0,0.0,0.0,0.0,0.0,0.0
13. Quỹ hỗ trợ sắp xếp doanh nghiệp,0.0,0.0,0.0,0.0,0.0,0.0,0.0,0.0,0.0,0.0,0.0,0.0,0.0,0.0,0.0,0.0,0.0,0.0,0.0,0.0,0.0,0.0,0.0,0.0,-389966078000.0,0.0,0.0,0.0,0.0,-147024909000.0,-147024909000.0,0.0,0.0,0.0,0.0,0.0,0.0,0.0,0.0,0.0,0.0,0.0,0.0,0.0,0.0,0.0,0.0,0.0,0.0,0.0,0.0,0.0,0.0,0.0,0.0,0.0,0.0,0.0,0.0,0.0,0.0,0.0,0.0,0.0,0.0
14. Lợi ích của cổ đông không kiểm soát,35460124000.0,0.0,232313941000.0,314704340000.0,130747713000.0,451709401000.0,495880778000.0,389474483000.0,412948525000.0,416154317000.0,433133206000.0,486445015000.0,868839762000.0,863830271000.0,834560625000.0,730218997000.0,668941579000.0,623569162000.0,649721277000.0,743863700000.0,791576183000.0,1058736032000.0,1055679062000.0,952672240000.0,836281826000.0,608891072000.0,696630973000.0,698101350000.0,1062082968000.0,1152512483000.0,995832399000.0,1862018894000.0,1912745785000.0,1749910799000.0,3223890871000.0,3950668993000.0,3816058023000.0,3099705844000.0,2651689112000.0,3688511623000.0,3741415124000.0,3899001869000.0,4753336379000.0,4763638810000.0,3718682007000.0,3563360270000.0,3522640581000.0,2818594572000.0,4426902394000.0,4256863310000.0,4113883873000.0,3881689041000.0,3844471970000.0,3412776451000.0,118149248000.0,95380293000.0,65023702000.0,150241174000.0,189948525000.0,195077163000.0,203120840000.0,204077086000.0,197300292000.0,209143984000.0,214626301000.0
II. Nguồn kinh phí và quỹ khác,0.0,0.0,0.0,0.0,0.0,0.0,0.0,0.0,0.0,0.0,0.0,0.0,0.0,0.0,0.0,0.0,0.0,0.0,0.0,0.0,0.0,0.0,0.0,0.0,0.0,0.0,0.0,0.0,0.0,0.0,0.0,0.0,0.0,0.0,0.0,0.0,0.0,0.0,0.0,0.0,0.0,0.0,0.0,0.0,0.0,0.0,0.0,0.0,0.0,0.0,0.0,0.0,0.0,0.0,0.0,0.0,0.0,0.0,0.0,0.0,0.0,0.0,0.0,0.0,0.0
1. Nguồn kinh phí ,0.0,0.0,0.0,0.0,0.0,0.0,0.0,0.0,0.0,0.0,0.0,0.0,0.0,0.0,0.0,0.0,0.0,0.0,0.0,0.0,0.0,0.0,0.0,0.0,0.0,0.0,0.0,0.0,0.0,0.0,0.0,0.0,0.0,0.0,0.0,0.0,0.0,0.0,0.0,0.0,0.0,0.0,0.0,0.0,0.0,0.0,0.0,0.0,0.0,0.0,0.0,0.0,0.0,0.0,0.0,0.0,0.0,0.0,0.0,0.0,0.0,0.0,0.0,0.0,0.0
2. Nguồn kinh phí đã hình thành tài sản cố định,0.0,0.0,0.0,0.0,0.0,0.0,0.0,0.0,0.0,0.0,0.0,0.0,0.0,0.0,0.0,0.0,0.0,0.0,0.0,0.0,0.0,0.0,0.0,0.0,0.0,0.0,0.0,0.0,0.0,0.0,0.0,0.0,0.0,0.0,0.0,0.0,0.0,0.0,0.0,0.0,0.0,0.0,0.0,0.0,0.0,0.0,0.0,0.0,0.0,0.0,0.0,0.0,0.0,0.0,0.0,0.0,0.0,0.0,0.0,0.0,0.0,0.0,0.0,0.0,0.0
3. Quỹ dự phòng trợ cấp mất việc làm,0.0,0.0,0.0,0.0,0.0,0.0,0.0,0.0,0.0,0.0,0.0,0.0,0.0,0.0,0.0,0.0,0.0,0.0,0.0,0.0,0.0,0.0,0.0,0.0,0.0,0.0,0.0,0.0,0.0,0.0,0.0,0.0,0.0,0.0,0.0,0.0,0.0,0.0,0.0,0.0,0.0,0.0,0.0,0.0,0.0,0.0,0.0,0.0,0.0,0.0,0.0,0.0,0.0,0.0,0.0,0.0,0.0,0.0,0.0,0.0,0.0,0.0,0.0,0.0,0.0
TỔNG CỘNG NGUỒN VỐN,1350407708000.0,3436534218637.0,6334821204000.0,7873450395000.0,9579068343000.0,8871560333000.0,9024031817000.0,9453092836000.0,10246160763000.0,12196211274000.0,12876239097000.0,14468057875000.0,15942916929000.0,18776226943000.0,20286357362000.0,23108992459000.0,25345068082000.0,25520237066000.0,26312901526000.0,28405773919000.0,28161142303000.0,31298810767000.0,32749516716000.0,32988010192000.0,32202727128000.0,29815997949000.0,30842485167000.0,32901457432000.0,34902236990000.0,36369229950000.0,39915020893000.0,42884606284000.0,47603878726000.0,48604749457000.0,52160071142000.0,51105680016000.0,52303850250000.0,53015572027000.0,50801154495000.0,52400258368000.0,52810353466000.0,53444498799000.0,53096834370000.0,55071760814000.0,48357359356000.0,48291498110000.0,49039052037000.0,49144159086000.0,41894096071000.0,38598852965000.0,39365877071000.0,40274790669000.0,42077895469000.0,36300910427000.0,18416465972000.0,18112115050000.0,18398594793000.0,18173778933000.0,18857545945000.0,19269171530000.0,19338189557000.0,19951418403000.0,20579899867000.0,20912695222000.0,21496272709000.0
