tradingTime,lastPrice
2024-01-12,13.8
2024-01-11,14.1
2024-01-10,13.25
2024-01-09,13.35
2024-01-08,12.85
2024-01-05,13.1
2024-01-04,13.3
2024-01-03,13.7
2024-01-02,13.6
2023-12-29,13.2
2023-12-28,13.7
2023-12-27,13.85
2023-12-26,13.65
2023-12-25,13.75
2023-12-22,13.5
2023-12-21,13.35
2023-12-20,12.5
2023-12-19,12.4
2023-12-18,13.3
2023-12-15,13.05
2023-12-14,13.45
2023-12-13,13.55
2023-12-12,13.1
2023-12-11,13.0
2023-12-08,12.15
2023-12-07,12.4
2023-12-06,12.6
2023-12-05,11.9
2023-12-04,12.2
2023-12-01,11.8
2023-11-30,11.15
2023-11-29,11.25
2023-11-28,10.7
2023-11-27,10.6
2023-11-24,10.4
2023-11-23,9.8
2023-11-22,9.36
2023-11-21,9.26
2023-11-20,9.4
2023-11-17,9.12
2023-11-16,9.0
2023-11-15,8.98
2023-11-14,8.9
2023-11-13,9.0
2023-11-10,8.7
2023-11-09,8.5
2023-11-08,8.63
2023-11-07,8.38
2023-11-06,8.3
2023-11-03,8.2
2023-11-02,8.32
2023-11-01,8.16
2023-10-31,8.03
2023-10-30,8.33
2023-10-27,8.75
2023-10-26,8.69
2023-10-25,8.79
2023-10-24,8.72
2023-10-23,8.71
2023-10-20,8.15
2023-10-19,7.98
2023-10-18,7.7
2023-10-17,8.03
2023-10-16,8.33
2023-10-13,8.32
2023-10-12,8.22
2023-10-11,8.4
2023-10-10,8.43
2023-10-09,8.45
2023-10-06,8.2
2023-10-05,8.1
2023-10-04,7.72
2023-10-03,7.65
2023-10-02,7.9
2023-09-29,7.72
2023-09-28,7.8
2023-09-27,7.85
2023-09-26,7.51
2023-09-25,7.51
2023-09-22,8.07
2023-09-21,8.46
2023-09-20,8.5
2023-09-19,8.3
2023-09-18,8.44
2023-09-15,8.51
2023-09-14,8.5
2023-09-13,8.77
2023-09-12,8.97
2023-09-11,8.9
2023-09-08,9.19
2023-09-07,9.23
2023-09-06,9.14
2023-09-05,9.2
2023-08-31,9.18
2023-08-30,8.9
2023-08-29,8.9
2023-08-28,9.04
2023-08-25,8.92
2023-08-24,9.29
2023-08-23,8.8
2023-08-22,8.99
2023-08-21,8.57
2023-08-18,8.47
2023-08-17,9.1
2023-08-16,9.2
2023-08-15,9.2
2023-08-14,9.2
2023-08-11,9.27
2023-08-10,9.21
2023-08-09,9.55
2023-08-08,9.81
2023-08-07,9.18
2023-08-04,9.15
2023-08-03,8.9
2023-08-02,9.1
2023-08-01,8.9
2023-07-31,8.88
2023-07-28,8.8
2023-07-27,8.54
2023-07-26,8.64
2023-07-25,8.67
2023-07-24,8.79
2023-07-21,8.65
2023-07-20,8.49
2023-07-19,8.5
2023-07-18,8.72
2023-07-17,8.68
2023-07-14,8.72
2023-07-13,8.81
2023-07-12,8.71
2023-07-11,8.76
2023-07-10,8.2
2023-07-07,8.19
2023-07-06,8.15
2023-07-05,8.27
2023-07-04,8.39
2023-07-03,8.17
2023-06-30,8.15
2023-06-29,8.3
2023-06-28,7.95
2023-06-27,7.97
2023-06-26,7.95
2023-06-23,8.04
2023-06-22,8.08
2023-06-21,7.97
2023-06-20,7.96
2023-06-19,7.9
2023-06-16,8.03
2023-06-15,8.19
2023-06-14,8.02
2023-06-13,8.11
2023-06-12,8.06
2023-06-09,8.1
2023-06-08,8.18
2023-06-07,8.21
2023-06-06,8.19
2023-06-05,8.11
2023-06-02,8.03
2023-06-01,8.12
2023-05-31,8.18
2023-05-30,7.99
2023-05-29,8.05
2023-05-26,7.77
2023-05-25,7.67
2023-05-24,7.73
2023-05-23,7.83
2023-05-22,7.78
2023-05-19,7.7
2023-05-18,7.64
2023-05-17,7.7
2023-05-16,7.8
2023-05-15,7.65
2023-05-12,8.05
2023-05-11,7.95
2023-05-10,8.05
2023-05-09,7.78
2023-05-08,7.83
2023-05-05,7.51
2023-05-04,7.54
2023-04-28,7.62
2023-04-27,7.5
2023-04-26,7.59
2023-04-25,7.69
2023-04-24,7.6
2023-04-21,7.89
2023-04-20,8.07
2023-04-19,8.15
2023-04-18,7.97
2023-04-17,8.15
2023-04-14,7.7
2023-04-13,7.7
2023-04-12,7.7
2023-04-11,7.82
2023-04-10,7.6
2023-04-07,7.45
2023-04-06,7.6
2023-04-05,7.56
2023-04-04,7.65
2023-04-03,7.39
2023-03-31,7.33
2023-03-30,7.36
2023-03-29,7.39
2023-03-28,7.44
2023-03-27,7.36
2023-03-24,7.3
2023-03-23,7.26
2023-03-22,7.34
2023-03-21,7.34
2023-03-20,7.33
2023-03-17,7.6
2023-03-16,7.39
2023-03-15,7.55
2023-03-14,7.38
2023-03-13,7.49
2023-03-10,7.64
2023-03-09,7.81
2023-03-08,7.55
2023-03-07,7.47
2023-03-06,7.46
2023-03-03,7.45
2023-03-02,7.62
2023-03-01,7.7
2023-02-28,7.45
2023-02-27,7.4
2023-02-24,7.79
2023-02-23,7.92
2023-02-22,7.85
2023-02-21,8.2
2023-02-20,8.3
2023-02-17,7.96
2023-02-16,8.0
2023-02-15,7.98
2023-02-14,7.65
2023-02-13,7.68
2023-02-10,8.25
2023-02-09,8.53
2023-02-08,8.55
2023-02-07,8.6
2023-02-06,8.73
2023-02-03,8.61
2023-02-02,8.55
2023-02-01,8.91
2023-01-31,9.52
2023-01-30,9.41
2023-01-27,9.61
2023-01-19,9.63
2023-01-18,9.43
2023-01-17,9.07
2023-01-16,8.95
2023-01-13,9.14
2023-01-12,9.3
2023-01-11,9.4
2023-01-10,9.11
2023-01-09,9.1
2023-01-06,9.35
2023-01-05,9.35
2023-01-04,9.02
2023-01-03,9.49
2022-12-30,9.16
2022-12-29,8.9
2022-12-28,8.6
2022-12-27,8.59
2022-12-26,8.03
2022-12-23,8.62
2022-12-22,8.9
2022-12-21,8.91
2022-12-20,8.33
2022-12-19,8.95
2022-12-16,9.25
2022-12-15,9.13
2022-12-14,9.25
2022-12-13,9.4
2022-12-12,9.01
2022-12-09,9.41
2022-12-08,9.2
2022-12-07,9.18
2022-12-06,9.52
2022-12-05,8.9
2022-12-02,9.11
2022-12-01,8.81
2022-11-30,9.05
2022-11-29,8.92
2022-11-28,8.96
2022-11-25,8.41
2022-11-24,7.86
2022-11-23,7.35
2022-11-22,7.8
2022-11-21,7.75
2022-11-18,7.25
2022-11-17,6.78
2022-11-16,6.34
2022-11-15,5.93
2022-11-14,6.37
2022-11-11,6.84
2022-11-10,7.35
2022-11-09,7.9
2022-11-08,7.8
2022-11-07,7.71
2022-11-04,8.29
2022-11-03,8.8
2022-11-02,8.99
2022-11-01,8.76
2022-10-31,8.66
2022-10-28,9.1
2022-10-27,9.3
2022-10-26,8.7
2022-10-25,9.03
2022-10-24,8.83
2022-10-21,8.5
2022-10-20,9.05
2022-10-19,9.54
2022-10-18,9.78
2022-10-17,9.46
2022-10-14,10.05
2022-10-13,9.9
2022-10-12,9.63
2022-10-11,10.35
2022-10-10,11.1
2022-10-07,10.75
2022-10-06,11.55
2022-10-05,12.4
2022-10-04,11.8
2022-10-03,12.35
2022-09-30,13.25
2022-09-29,12.4
2022-09-28,12.55
2022-09-27,13.45
2022-09-26,13.7
2022-09-23,13.9
2022-09-22,13.85
2022-09-21,13.65
2022-09-20,13.85
2022-09-19,13.85
2022-09-16,13.6
2022-09-15,13.6
2022-09-14,13.7
2022-09-13,12.85
2022-09-12,12.8
2022-09-09,12.4
2022-09-08,11.9
2022-09-07,12.35
2022-09-06,12.45
2022-09-05,12.95
2022-08-31,12.95
2022-08-30,12.95
2022-08-29,13.05
2022-08-26,12.75
2022-08-25,12.6
2022-08-24,12.65
2022-08-23,12.35
2022-08-22,12.4
2022-08-19,11.65
2022-08-18,11.65
2022-08-17,11.9
2022-08-16,12.3
2022-08-15,12.35
2022-08-12,11.95
2022-08-11,12.2
2022-08-10,11.7
2022-08-09,12.05
2022-08-08,11.85
2022-08-05,12.45
2022-08-04,12.35
2022-08-03,12.3
2022-08-02,12.1
2022-08-01,11.35
2022-07-29,11.15
2022-07-28,11.0
2022-07-27,11.3
2022-07-26,11.0
2022-07-25,11.4
2022-07-22,10.85
2022-07-21,11.1
2022-07-20,10.85
2022-07-19,11.65
2022-07-18,11.7
2022-07-15,11.05
2022-07-14,10.9
2022-07-13,11.0
2022-07-12,10.5
2022-07-11,10.25
2022-07-08,9.62
2022-07-07,9.7
2022-07-06,9.65
2022-07-05,9.42
2022-07-04,9.52
2022-07-01,8.9
2022-06-30,8.32
2022-06-29,8.6
2022-06-28,8.64
2022-06-27,8.64
2022-06-24,8.08
2022-06-23,8.24
2022-06-22,8.0
2022-06-21,7.7
2022-06-20,7.2
2022-06-17,6.98
2022-06-16,7.5
2022-06-15,7.55
2022-06-14,7.83
2022-06-13,7.62
2022-06-10,8.19
2022-06-09,8.56
2022-06-08,8.75
2022-06-07,8.45
2022-06-06,8.5
2022-06-03,8.72
2022-06-02,8.9
2022-06-01,9.25
2022-05-31,9.22
2022-05-30,9.36
2022-05-27,9.41
2022-05-26,9.08
2022-05-25,9.3
2022-05-24,8.72
2022-05-23,8.81
2022-05-20,8.99
2022-05-19,9.03
2022-05-18,9.0
2022-05-17,8.61
2022-05-16,8.05
2022-05-13,7.76
2022-05-12,8.34
2022-05-11,8.96
2022-05-10,9.06
2022-05-09,8.75
2022-05-06,9.4
2022-05-05,9.99
2022-05-04,9.92
2022-04-29,10.2
2022-04-28,10.05
2022-04-27,10.2
2022-04-26,9.74
2022-04-25,9.12
2022-04-22,9.8
2022-04-21,10.1
2022-04-20,10.1
2022-04-19,10.85
2022-04-18,11.6
2022-04-15,12.05
2022-04-14,11.3
2022-04-13,12.15
2022-04-12,11.55
2022-04-08,12.4
2022-04-07,13.3
2022-04-06,13.25
2022-04-05,13.2
2022-04-04,13.35
2022-04-01,13.15
2022-03-31,13.1
2022-03-30,13.65
2022-03-29,13.4
2022-03-28,13.3
2022-03-25,13.15
2022-03-24,13.35
2022-03-23,13.15
2022-03-22,13.15
2022-03-21,12.3
2022-03-18,11.95
2022-03-17,12.1
2022-03-16,11.5
2022-03-15,11.75
2022-03-14,11.7
2022-03-11,12.4
2022-03-10,12.15
2022-03-09,11.95
2022-03-08,11.7
2022-03-07,12.5
2022-03-04,11.9
2022-03-03,11.15
2022-03-02,11.25
2022-03-01,10.95
2022-02-28,10.25
2022-02-25,10.2
2022-02-24,10.5
2022-02-23,11.25
2022-02-22,11.5
2022-02-21,11.3
2022-02-18,11.0
2022-02-17,11.15
2022-02-16,11.1
2022-02-15,11.65
2022-02-14,11.55
2022-02-11,12.4
2022-02-10,12.65
2022-02-09,12.45
2022-02-08,12.2
2022-02-07,11.8
2022-01-28,11.8
2022-01-27,12.65
2022-01-26,12.65
2022-01-25,11.85
2022-01-24,12.7
2022-01-21,13.65
2022-01-20,13.4
2022-01-19,13.9
2022-01-18,14.9
2022-01-17,15.65
2022-01-14,14.95
2022-01-13,14.0
2022-01-12,14.85
2022-01-11,15.25
2022-01-10,15.3
2022-01-07,14.3
2022-01-06,14.2
2022-01-05,13.9
2022-01-04,13.0
2021-12-31,13.3
2021-12-30,14.25
2021-12-29,14.45
2021-12-28,13.55
2021-12-27,14.5
2021-12-24,14.2
2021-12-23,14.9
2021-12-22,14.5
2021-12-21,13.6
2021-12-20,12.75
2021-12-17,12.15
2021-12-16,13.05
2021-12-15,12.2
2021-12-14,12.0
2021-12-13,11.25
2021-12-10,10.55
2021-12-09,10.2
2021-12-08,9.87
2021-12-07,9.23
2021-12-06,8.63
2021-12-03,8.8
2021-12-02,8.8
2021-12-01,8.7
2021-11-30,8.23
2021-11-29,7.7
2021-11-26,7.2
2021-11-25,7.5
2021-11-24,7.06
2021-11-23,7.15
2021-11-22,7.45
2021-11-19,8.01
2021-11-18,8.61
2021-11-17,8.2
2021-11-16,8.28
2021-11-15,8.15
2021-11-12,7.62
2021-11-11,7.13
2021-11-10,6.7
2021-11-09,6.56
2021-11-08,6.14
2021-11-05,5.74
2021-11-04,5.37
2021-11-03,5.36
2021-11-02,5.56
2021-11-01,5.51
2021-10-29,5.15
2021-10-28,5.16
2021-10-27,5.04
2021-10-26,5.03
2021-10-25,5.05
2021-10-22,5.05
2021-10-21,5.08
2021-10-20,5.04
2021-10-19,5.04
2021-10-18,5.07
2021-10-15,5.1
2021-10-14,5.2
2021-10-13,5.04
2021-10-12,5.02
2021-10-11,5.04
2021-10-08,5.09
2021-10-07,5.04
2021-10-06,5.03
2021-10-05,5.01
2021-10-04,5.0
2021-10-01,5.0
2021-09-30,5.06
2021-09-29,5.07
2021-09-28,5.06
2021-09-27,5.01
2021-09-24,5.24
2021-09-23,5.24
2021-09-22,5.48
2021-09-21,5.13
2021-09-20,5.2
2021-09-17,5.15
2021-09-16,5.0
2021-09-15,5.01
2021-09-14,5.01
2021-09-13,5.1
2021-09-10,4.98
2021-09-09,5.07
2021-09-08,5.04
2021-09-07,5.1
2021-09-06,5.18
2021-09-01,5.13
2021-08-31,5.1
2021-08-30,5.05
2021-08-27,5.05
2021-08-26,5.02
2021-08-25,5.0
2021-08-24,5.0
2021-08-23,5.0
2021-08-20,5.11
2021-08-19,5.11
2021-08-18,5.25
2021-08-17,5.27
2021-08-16,5.16
2021-08-13,5.2
2021-08-12,5.25
2021-08-11,5.36
2021-08-10,5.39
2021-08-09,5.4
2021-08-06,5.45
2021-08-05,5.46
2021-08-04,5.15
2021-08-03,5.09
2021-08-02,5.04
2021-07-30,5.01
2021-07-29,5.04
2021-07-28,5.0
2021-07-27,5.0
2021-07-26,4.78
2021-07-23,4.9
2021-07-22,5.05
2021-07-21,4.95
2021-07-20,4.96
2021-07-19,4.91
2021-07-16,5.09
2021-07-15,5.11
2021-07-14,5.1
2021-07-13,5.1
2021-07-12,4.86
2021-07-09,5.22
2021-07-08,5.34
2021-07-07,5.2
2021-07-06,5.33
2021-07-05,5.55
2021-07-02,5.75
2021-07-01,5.8
2021-06-30,5.9
2021-06-29,6.04
2021-06-28,6.01
2021-06-25,6.0
2021-06-24,6.01
2021-06-23,6.11
2021-06-22,6.16
2021-06-21,6.2
2021-06-18,6.05
2021-06-17,6.0
2021-06-16,6.02
2021-06-15,6.01
2021-06-14,5.72
2021-06-11,5.49
2021-06-10,5.5
2021-06-09,5.49
2021-06-08,5.46
2021-06-07,5.38
2021-06-04,5.28
2021-06-03,5.26
2021-06-02,5.21
2021-06-01,5.11
2021-05-31,5.13
2021-05-28,5.22
2021-05-27,5.2
2021-05-26,5.35
2021-05-25,5.25
2021-05-24,5.22
2021-05-21,5.24
2021-05-20,5.18
2021-05-19,5.25
2021-05-18,5.29
2021-05-17,5.41
2021-05-14,5.57
2021-05-13,5.58
2021-05-12,5.6
2021-05-11,5.24
2021-05-10,5.25
2021-05-07,5.3
2021-05-06,5.36
2021-05-05,5.36
2021-05-04,5.28
2021-04-29,5.44
2021-04-28,5.4
2021-04-27,5.3
2021-04-26,5.33
2021-04-23,5.04
2021-04-22,5.41
2021-04-20,5.81
2021-04-19,5.92
2021-04-16,5.99
2021-04-15,6.09
2021-04-14,6.05
2021-04-13,6.09
2021-04-12,6.23
2021-04-09,5.83
2021-04-08,5.74
2021-04-07,5.72
2021-04-06,5.66
2021-04-05,5.66
2021-04-02,5.66
2021-04-01,5.58
2021-03-31,5.55
2021-03-30,5.59
2021-03-29,5.48
2021-03-26,5.13
2021-03-25,5.15
2021-03-24,5.19
2021-03-23,5.23
2021-03-22,5.26
2021-03-19,5.19
2021-03-18,5.22
2021-03-17,5.22
2021-03-16,5.23
2021-03-15,5.24
2021-03-12,5.06
2021-03-11,5.11
2021-03-10,5.14
2021-03-09,5.0
2021-03-08,4.85
2021-03-05,4.84
2021-03-04,4.8
2021-03-03,4.83
2021-03-02,4.71
2021-03-01,4.7
2021-02-26,4.7
2021-02-25,4.6
2021-02-24,4.62
2021-02-23,4.68
2021-02-22,4.79
2021-02-19,4.81
2021-02-18,4.85
2021-02-17,4.83
2021-02-09,4.56
2021-02-08,4.33
2021-02-05,4.56
2021-02-04,4.46
2021-02-03,4.45
2021-02-02,4.26
2021-02-01,4.5
2021-01-29,4.83
2021-01-28,4.79
2021-01-27,5.15
2021-01-26,5.53
2021-01-25,5.83
2021-01-22,5.8
2021-01-21,6.0
2021-01-20,5.7
2021-01-19,5.86
2021-01-18,6.3
2021-01-15,6.39
2021-01-14,6.07
2021-01-13,6.0
2021-01-12,6.27
2021-01-11,6.36
2021-01-08,6.03
2021-01-07,5.64
2021-01-06,5.28
2021-01-05,5.36
2021-01-04,5.29
2020-12-31,5.25
2020-12-30,5.28
2020-12-29,5.46
2020-12-28,5.41
2020-12-25,5.2
2020-12-24,5.13
2020-12-23,5.2
2020-12-22,5.37
2020-12-21,5.33
2020-12-18,5.19
2020-12-17,5.15
2020-12-16,5.2
2020-12-15,4.95
2020-12-14,4.81
2020-12-11,4.73
2020-12-10,4.74
2020-12-09,4.68
2020-12-08,4.69
2020-12-07,4.76
2020-12-04,4.69
2020-12-03,4.54
2020-12-02,4.53
2020-12-01,4.59
2020-11-30,4.52
2020-11-27,4.65
2020-11-26,4.77
2020-11-25,4.58
2020-11-24,4.45
2020-11-23,4.5
2020-11-20,4.55
2020-11-19,4.42
2020-11-18,4.48
2020-11-17,4.54
2020-11-16,4.53
2020-11-13,4.53
2020-11-12,4.46
2020-11-11,4.47
2020-11-10,4.52
2020-11-09,4.56
2020-11-06,4.57
2020-11-05,4.6
2020-11-04,4.62
2020-11-03,4.6
2020-11-02,4.65
2020-10-30,4.54
2020-10-29,4.45
2020-10-28,4.5
2020-10-27,4.65
2020-10-26,4.78
2020-10-23,4.87
2020-10-22,4.72
2020-10-21,4.75
2020-10-20,4.85
2020-10-19,4.91
2020-10-16,4.9
2020-10-15,5.03
2020-10-14,4.96
2020-10-13,4.64
2020-10-12,4.5
2020-10-09,4.68
2020-10-08,4.8
2020-10-07,4.85
2020-10-06,4.69
2020-10-05,4.71
2020-10-02,4.54
2020-10-01,4.55
2020-09-30,4.56
2020-09-29,4.56
2020-09-28,4.57
2020-09-25,4.57
2020-09-24,4.6
2020-09-23,4.6
2020-09-22,4.55
2020-09-21,4.59
2020-09-18,4.64
2020-09-17,4.72
2020-09-16,4.63
2020-09-15,4.67
2020-09-14,4.87
2020-09-11,4.9
2020-09-10,4.79
2020-09-09,4.83
2020-09-08,4.61
2020-09-07,4.6
2020-09-04,4.35
2020-09-03,4.31
2020-09-01,4.33
2020-08-31,4.26
2020-08-28,4.25
2020-08-27,4.34
2020-08-26,4.2
2020-08-25,4.21
2020-08-24,4.28
2020-08-21,4.28
2020-08-20,4.26
2020-08-19,4.29
2020-08-18,4.01
2020-08-17,4.01
2020-08-14,4.05
2020-08-13,4.12
2020-08-12,4.02
2020-08-11,4.05
2020-08-10,4.05
2020-08-07,4.06
2020-08-06,4.11
2020-08-05,3.93
2020-08-04,3.87
2020-08-03,3.87
2020-07-31,3.8
2020-07-30,3.73
2020-07-29,3.74
2020-07-28,3.86
2020-07-27,3.75
2020-07-24,4.03
2020-07-23,4.33
2020-07-22,4.3
2020-07-21,4.47
2020-07-20,4.37
2020-07-17,4.58
2020-07-16,4.68
2020-07-15,4.65
2020-07-14,4.89
2020-07-13,5.08
2020-07-10,5.05
2020-07-09,5.0
2020-07-08,5.0
2020-07-07,5.02
2020-07-06,5.15
2020-07-03,5.2
2020-07-02,5.23
2020-07-01,5.23
2020-06-30,5.2
2020-06-29,5.2
2020-06-26,5.11
2020-06-25,5.2
2020-06-24,5.22
2020-06-23,5.3
2020-06-22,5.19
2020-06-19,5.23
2020-06-18,4.97
2020-06-17,5.09
2020-06-16,5.19
2020-06-15,4.9
2020-06-12,5.2
2020-06-11,5.4
2020-06-10,5.8
2020-06-09,5.65
2020-06-08,5.75
2020-06-05,5.42
2020-06-04,5.08
2020-06-03,4.75
2020-06-02,4.8
2020-06-01,4.87
2020-05-29,4.56
2020-05-28,4.27
2020-05-27,4.17
2020-05-26,4.23
2020-05-25,4.16
2020-05-22,4.15
2020-05-21,4.14
2020-05-20,4.16
2020-05-19,3.89
2020-05-18,3.86
2020-05-15,3.88
2020-05-14,3.8
2020-05-13,3.86
2020-05-12,3.85
2020-05-11,3.76
2020-05-08,3.52
2020-05-07,3.55
2020-05-06,3.54
2020-05-05,3.46
2020-05-04,3.4
2020-04-29,3.6
2020-04-28,3.64
2020-04-27,3.5
2020-04-24,3.38
2020-04-23,3.16
2020-04-22,3.12
2020-04-21,3.12
2020-04-20,3.17
2020-04-17,3.17
2020-04-16,3.17
2020-04-15,3.11
2020-04-14,3.07
2020-04-13,3.13
2020-04-10,3.14
2020-04-09,3.2
2020-04-08,3.2
2020-04-07,3.1
2020-04-06,3.0
2020-04-03,2.81
2020-04-01,2.69
2020-03-31,2.55
2020-03-30,2.55
2020-03-27,2.66
2020-03-26,2.68
2020-03-25,2.71
2020-03-24,2.72
2020-03-23,2.74
2020-03-20,2.94
2020-03-19,2.98
2020-03-18,3.03
2020-03-17,3.02
2020-03-16,3.03
2020-03-13,3.09
2020-03-12,3.1
2020-03-11,3.18
2020-03-10,3.26
2020-03-09,3.25
2020-03-06,3.49
2020-03-05,3.48
2020-03-04,3.52
2020-03-03,3.31
2020-03-02,3.27
2020-02-28,3.27
2020-02-27,3.33
2020-02-26,3.26
2020-02-25,3.35
2020-02-24,3.2
2020-02-21,3.44
2020-02-20,3.49
2020-02-19,3.51
2020-02-18,3.5
2020-02-17,3.48
2020-02-14,3.49
2020-02-13,3.5
2020-02-12,3.58
2020-02-11,3.45
2020-02-10,3.44
2020-02-07,3.55
2020-02-06,3.53
2020-02-05,3.3
2020-02-04,3.27
2020-02-03,3.39
2020-01-31,3.64
2020-01-30,3.9
2020-01-22,3.98
2020-01-21,3.92
2020-01-20,3.86
2020-01-17,3.88
2020-01-16,3.84
2020-01-15,3.9
2020-01-14,3.94
2020-01-13,4.0
2020-01-10,4.08
2020-01-09,4.1
2020-01-08,3.91
2020-01-07,4.11
2020-01-06,4.09
2020-01-03,4.15
2020-01-02,4.05
2019-12-31,3.98
2019-12-30,4.02
2019-12-27,4.05
2019-12-26,4.08
2019-12-25,3.96
2019-12-24,4.01
2019-12-23,4.0
2019-12-20,3.96
2019-12-19,3.95
2019-12-18,4.04
2019-12-17,4.03
2019-12-16,3.96
2019-12-13,3.95
2019-12-12,3.97
2019-12-11,4.04
2019-12-10,3.9
2019-12-09,3.86
2019-12-06,3.72
2019-12-05,3.7
2019-12-04,3.63
2019-12-03,3.61
2019-12-02,3.63
2019-11-29,3.85
2019-11-28,3.94
2019-11-27,3.96
2019-11-26,3.91
2019-11-25,3.9
2019-11-22,4.0
2019-11-21,4.05
2019-11-20,4.05
2019-11-19,4.1
2019-11-18,3.98
2019-11-15,4.01
2019-11-14,4.08
2019-11-13,4.07
2019-11-12,4.14
2019-11-11,4.17
2019-11-08,4.18
2019-11-07,4.15
2019-11-06,4.15
2019-11-05,4.24
2019-11-04,4.29
2019-11-01,4.23
2019-10-31,4.22
2019-10-30,4.29
2019-10-29,4.3
2019-10-28,4.36
2019-10-25,4.36
2019-10-24,4.43
2019-10-23,4.37
2019-10-22,4.46
2019-10-21,4.28
2019-10-18,4.34
2019-10-17,4.29
2019-10-16,4.16
2019-10-15,4.3
2019-10-14,4.39
2019-10-11,4.46
2019-10-10,4.46
2019-10-09,4.48
2019-10-08,4.48
2019-10-07,4.5
2019-10-04,4.57
2019-10-03,4.64
2019-10-02,4.62
2019-10-01,4.55
2019-09-30,4.49
2019-09-27,4.5
2019-09-26,4.53
2019-09-25,4.5
2019-09-24,4.56
2019-09-23,4.47
2019-09-20,4.46
2019-09-19,4.52
2019-09-18,4.54
2019-09-17,4.49
2019-09-16,4.6
2019-09-13,4.7
2019-09-12,4.79
2019-09-11,4.76
2019-09-10,4.77
2019-09-09,4.79
2019-09-06,4.77
2019-09-05,4.81
2019-09-04,4.83
2019-09-03,4.81
2019-08-30,4.86
2019-08-29,4.82
2019-08-28,4.8
2019-08-27,4.81
2019-08-26,4.81
2019-08-23,4.9
2019-08-22,4.88
2019-08-21,4.88
2019-08-20,4.88
2019-08-19,4.79
2019-08-16,4.9
2019-08-15,4.92
2019-08-14,5.0
2019-08-13,4.98
2019-08-12,5.05
2019-08-09,5.05
2019-08-08,5.01
2019-08-07,5.0
2019-08-06,5.02
2019-08-05,5.05
2019-08-02,4.82
2019-08-01,4.95
2019-07-31,5.08
2019-07-30,5.23
2019-07-29,5.08
2019-07-26,5.14
2019-07-25,5.21
2019-07-24,5.24
2019-07-23,5.26
2019-07-22,5.3
2019-07-19,5.28
2019-07-18,5.38
2019-07-17,5.35
2019-07-16,5.31
2019-07-15,5.4
2019-07-12,5.6
2019-07-11,5.7
2019-07-10,5.62
2019-07-09,5.61
2019-07-08,5.49
2019-07-05,5.43
2019-07-04,5.47
2019-07-03,5.42
2019-07-02,5.33
2019-07-01,5.32
2019-06-28,5.35
2019-06-27,5.24
2019-06-26,5.3
2019-06-25,5.29
2019-06-24,5.11
2019-06-21,5.09
2019-06-20,5.13
2019-06-19,5.15
2019-06-18,4.97
2019-06-17,5.0
2019-06-14,4.97
2019-06-13,4.97
2019-06-12,4.95
2019-06-11,4.99
2019-06-10,5.01
2019-06-07,4.98
2019-06-06,4.91
2019-06-05,4.94
2019-06-04,4.9
2019-06-03,5.02
2019-05-31,5.07
2019-05-30,5.1
2019-05-29,5.12
2019-05-28,5.16
2019-05-27,5.16
2019-05-24,5.16
2019-05-23,5.16
2019-05-22,5.16
2019-05-21,5.15
2019-05-20,5.16
2019-05-17,5.2
2019-05-16,5.3
2019-05-15,5.14
2019-05-14,5.09
2019-05-13,5.1
2019-05-10,5.09
2019-05-09,5.06
2019-05-08,5.11
2019-05-07,5.18
2019-05-06,5.17
2019-05-03,5.28
2019-05-02,5.37
2019-04-26,5.47
2019-04-25,5.55
2019-04-24,5.39
2019-04-23,5.3
2019-04-22,5.31
2019-04-19,5.3
2019-04-18,5.3
2019-04-17,5.38
2019-04-16,5.29
2019-04-12,5.27
2019-04-11,5.22
2019-04-10,5.24
2019-04-09,5.41
2019-04-08,5.52
2019-04-05,5.42
2019-04-04,5.42
2019-04-03,5.39
2019-04-02,5.44
2019-04-01,5.46
2019-03-29,5.56
2019-03-28,5.56
2019-03-27,5.61
2019-03-26,5.87
2019-03-25,5.61
2019-03-22,5.25
2019-03-21,5.2
2019-03-20,5.52
2019-03-19,5.55
2019-03-18,5.54
2019-03-15,5.77
2019-03-14,5.84
2019-03-13,5.8
2019-03-12,5.8
2019-03-11,5.76
2019-03-08,5.87
2019-03-07,6.07
2019-03-06,6.15
2019-03-05,6.08
2019-03-04,6.04
2019-03-01,5.65
2019-02-28,5.52
2019-02-27,5.69
2019-02-26,5.66
2019-02-25,5.5
2019-02-22,5.49
2019-02-21,5.41
2019-02-20,5.33
2019-02-19,5.44
2019-02-18,5.44
2019-02-15,5.17
2019-02-14,5.2
2019-02-13,5.32
2019-02-12,5.3
2019-02-11,4.96
2019-02-01,5.0
2019-01-31,5.0
2019-01-30,5.0
2019-01-29,4.93
2019-01-28,5.0
2019-01-25,5.0
2019-01-24,4.99
2019-01-23,5.0
2019-01-22,4.98
2019-01-21,4.95
2019-01-18,4.99
2019-01-17,5.03
2019-01-16,5.11
2019-01-15,5.07
2019-01-14,5.07
2019-01-11,5.08
2019-01-10,4.86
2019-01-09,4.71
2019-01-08,4.75
2019-01-07,4.66
2019-01-04,4.66
2019-01-03,4.68
2019-01-02,4.78
2018-12-28,4.88
2018-12-27,4.94
2018-12-26,4.88
2018-12-25,4.88
2018-12-24,5.05
2018-12-21,5.05
2018-12-20,5.09
2018-12-19,5.19
2018-12-18,5.2
2018-12-17,5.1
2018-12-14,5.18
2018-12-13,5.2
2018-12-12,5.19
2018-12-11,5.17
2018-12-10,5.18
2018-12-07,5.2
2018-12-06,5.17
2018-12-05,5.18
2018-12-04,5.25
2018-12-03,5.15
2018-11-30,5.15
2018-11-29,5.05
2018-11-28,5.17
2018-11-27,5.21
2018-11-26,5.25
2018-11-23,5.25
2018-11-22,5.49
2018-11-21,5.55
2018-11-20,5.55
2018-11-19,5.6
2018-11-16,5.59
2018-11-15,5.49
2018-11-14,5.4
2018-11-13,5.4
2018-11-12,5.49
2018-11-09,5.44
2018-11-08,5.46
2018-11-07,5.25
2018-11-06,5.22
2018-11-05,5.2
2018-11-02,5.19
2018-11-01,5.08
2018-10-31,5.08
2018-10-30,4.95
2018-10-29,4.76
2018-10-26,4.75
2018-10-25,4.9
2018-10-24,5.0
2018-10-23,5.05
2018-10-22,5.22
2018-10-19,5.28
2018-10-18,5.1
2018-10-17,5.17
2018-10-16,5.25
2018-10-15,5.21
2018-10-12,5.33
2018-10-11,5.21
2018-10-10,5.6
2018-10-09,5.65
2018-10-08,5.82
2018-10-05,5.9
2018-10-04,5.99
2018-10-03,5.97
2018-10-02,5.99
2018-10-01,6.06
2018-09-28,6.13
2018-09-27,6.16
2018-09-26,6.15
2018-09-25,6.06
2018-09-24,6.1
2018-09-21,6.1
2018-09-20,6.0
2018-09-19,5.98
2018-09-18,5.97
2018-09-17,5.96
2018-09-14,6.11
2018-09-13,6.15
2018-09-12,6.18
2018-09-11,6.31
2018-09-10,5.9
2018-09-07,5.89
2018-09-06,6.09
2018-09-05,6.5
2018-09-04,6.6
2018-08-31,6.79
2018-08-30,6.89
2018-08-29,6.99
2018-08-28,6.9
2018-08-27,6.8
2018-08-24,6.9
2018-08-23,7.0
2018-08-22,7.01
2018-08-21,7.13
2018-08-20,7.12
2018-08-17,6.67
2018-08-16,6.7
2018-08-15,7.0
2018-08-14,7.29
2018-08-13,7.4
2018-08-10,7.53
2018-08-09,7.43
2018-08-08,6.95
2018-08-07,6.82
2018-08-06,7.23
2018-08-03,7.15
2018-08-02,6.9
2018-08-01,7.1
2018-07-31,7.62
2018-07-30,7.58
2018-07-27,7.09
2018-07-26,6.63
2018-07-25,7.12
2018-07-24,7.08
2018-07-23,6.62
2018-07-20,6.19
2018-07-19,6.26
2018-07-18,6.33
2018-07-17,5.93
2018-07-16,5.72
2018-07-13,5.35
2018-07-12,5.0
2018-07-11,4.88
2018-07-10,4.97
2018-07-09,5.0
2018-07-06,5.19
2018-07-05,4.99
2018-07-04,4.88
2018-07-03,5.05
2018-07-02,5.2
2018-06-29,5.21
2018-06-28,5.0
2018-06-27,5.13
2018-06-26,5.07
2018-06-25,4.84
2018-06-22,4.7
2018-06-21,4.77
2018-06-20,4.77
2018-06-19,4.76
2018-06-18,5.01
2018-06-15,4.69
2018-06-14,4.65
2018-06-13,4.49
2018-06-12,4.45
2018-06-11,4.61
2018-06-08,4.79
2018-06-07,4.78
2018-06-06,4.66
2018-06-05,4.73
2018-06-04,4.62
2018-06-01,4.5
2018-05-31,4.46
2018-05-30,4.43
2018-05-29,4.49
2018-05-28,4.42
2018-05-25,4.75
2018-05-24,4.9
2018-05-23,5.0
2018-05-22,5.05
2018-05-21,5.25
2018-05-18,5.26
2018-05-17,5.25
2018-05-16,5.2
2018-05-15,5.16
2018-05-14,5.14
2018-05-11,5.2
2018-05-10,5.1
2018-05-09,5.25
2018-05-08,5.28
2018-05-07,5.2
2018-05-04,5.15
2018-05-03,4.82
2018-05-02,4.93
2018-04-27,5.3
2018-04-26,5.4
2018-04-24,5.4
2018-04-23,5.33
2018-04-20,5.51
2018-04-19,5.49
2018-04-18,5.67
2018-04-17,5.8
2018-04-16,5.7
2018-04-13,5.48
2018-04-12,5.28
2018-04-11,5.43
2018-04-10,5.75
2018-04-09,6.05
2018-04-06,6.19
2018-04-05,6.25
2018-04-04,6.3
2018-04-03,6.43
2018-04-02,6.15
2018-03-30,6.61
2018-03-29,6.7
2018-03-28,6.7
2018-03-27,6.82
2018-03-26,6.96
2018-03-23,7.0
2018-03-22,7.19
2018-03-21,7.0
2018-03-20,6.94
2018-03-19,6.9
2018-03-16,7.28
2018-03-15,7.41
2018-03-14,7.41
2018-03-13,7.15
2018-03-12,7.09
2018-03-09,7.08
2018-03-08,6.91
2018-03-07,6.99
2018-03-06,6.76
2018-03-05,6.32
2018-03-02,6.29
2018-03-01,6.25
2018-02-28,6.22
2018-02-27,6.4
2018-02-26,6.2
2018-02-23,6.35
2018-02-22,6.3
2018-02-21,6.52
2018-02-13,6.5
2018-02-12,6.15
2018-02-09,6.5
2018-02-08,6.62
2018-02-07,7.11
2018-02-06,6.97
2018-02-05,7.49
2018-02-02,8.05
2018-02-01,8.05
2018-01-31,8.2
2018-01-30,8.09
2018-01-29,8.3
2018-01-26,8.4
2018-01-25,8.49
2018-01-22,7.94
2018-01-19,8.15
2018-01-18,8.3
2018-01-17,8.16
2018-01-16,8.16
2018-01-15,7.63
2018-01-12,7.5
2018-01-11,7.5
2018-01-10,7.63
2018-01-09,7.55
2018-01-08,7.67
2018-01-05,7.7
2018-01-04,7.46
2018-01-03,7.31
2018-01-02,7.25
2017-12-29,7.35
2017-12-28,7.45
2017-12-27,7.4
2017-12-26,7.4
2017-12-25,7.3
2017-12-22,7.41
2017-12-21,7.35
2017-12-20,7.51
2017-12-19,7.5
2017-12-18,7.72
2017-12-15,7.36
2017-12-14,7.38
2017-12-13,7.32
2017-12-12,7.31
2017-12-11,7.52
2017-12-08,7.73
2017-12-07,7.83
2017-12-06,7.7
2017-12-05,7.54
2017-12-04,7.51
2017-12-01,7.62
2017-11-30,7.73
2017-11-29,7.7
2017-11-28,7.82
2017-11-27,7.75
2017-11-24,7.69
2017-11-23,7.51
2017-11-22,7.52
2017-11-21,7.51
2017-11-20,7.67
2017-11-17,7.81
2017-11-16,7.72
2017-11-15,7.22
2017-11-14,7.22
2017-11-13,7.38
2017-11-10,7.44
2017-11-09,7.3
2017-11-08,7.32
2017-11-07,7.3
2017-11-06,7.29
2017-11-03,7.04
2017-11-02,7.52
2017-11-01,8.08
2017-10-31,8.02
2017-10-30,7.75
2017-10-27,7.55
2017-10-26,7.7
2017-10-25,7.91
2017-10-24,7.77
2017-10-23,7.74
2017-10-20,8.1
2017-10-19,8.18
2017-10-18,8.18
2017-10-17,8.29
2017-10-16,8.33
2017-10-13,8.28
2017-10-12,8.27
2017-10-11,8.32
2017-10-10,8.31
2017-10-09,8.34
2017-10-06,8.29
2017-10-05,8.3
2017-10-04,8.38
2017-10-03,8.25
2017-10-02,8.35
2017-09-29,8.4
2017-09-28,8.53
2017-09-27,8.69
2017-09-26,8.8
2017-09-25,8.36
2017-09-22,8.4
2017-09-21,8.4
2017-09-20,8.35
2017-09-19,8.28
2017-09-18,8.33
2017-09-15,8.37
2017-09-14,8.35
2017-09-13,8.31
2017-09-12,8.26
2017-09-11,8.32
2017-09-08,8.41
2017-09-07,8.42
2017-09-06,8.31
2017-09-05,8.39
2017-09-01,8.42
2017-08-31,8.49
2017-08-30,8.59
2017-08-29,8.59
2017-08-28,8.4
2017-08-25,8.48
2017-08-24,8.45
2017-08-23,8.35
2017-08-22,8.52
2017-08-21,8.6
2017-08-18,8.4
2017-08-17,8.4
2017-08-16,8.89
2017-08-15,8.9
2017-08-14,8.9
2017-08-11,8.8
2017-08-10,8.95
2017-08-09,8.99
2017-08-08,9.08
2017-08-07,9.15
2017-08-04,9.13
2017-08-03,9.22
2017-08-02,9.25
2017-08-01,9.45
2017-07-31,9.41
2017-07-28,9.2
2017-07-27,9.07
2017-07-26,9.1
2017-07-25,8.98
2017-07-24,8.99
2017-07-21,9.01
2017-07-20,9.1
2017-07-19,9.08
2017-07-18,9.07
2017-07-17,9.22
2017-07-14,9.4
2017-07-13,9.56
2017-07-12,9.25
2017-07-11,9.2
2017-07-10,8.8
2017-07-07,9.0
2017-07-06,9.1
2017-07-05,9.18
2017-07-04,9.22
2017-07-03,9.1
2017-06-30,9.48
2017-06-29,9.6
2017-06-28,9.49
2017-06-27,9.35
2017-06-26,9.7
2017-06-23,9.78
2017-06-22,9.56
2017-06-21,9.15
2017-06-20,9.06
2017-06-19,9.05
2017-06-16,9.17
2017-06-15,9.05
2017-06-14,9.14
2017-06-13,8.55
2017-06-12,8.36
2017-06-09,8.22
2017-06-08,8.22
2017-06-07,8.57
2017-06-06,8.58
2017-06-05,8.3
2017-06-02,8.92
2017-06-01,8.8
2017-05-31,8.7
2017-05-30,8.82
2017-05-29,9.08
2017-05-26,9.0
2017-05-25,8.8
2017-05-24,8.83
2017-05-23,8.9
2017-05-22,9.05
2017-05-19,9.0
2017-05-18,8.8
2017-05-17,8.96
2017-05-16,8.94
2017-05-15,8.81
2017-05-12,8.66
2017-05-11,8.52
2017-05-10,8.69
2017-05-09,8.9
2017-05-08,8.5
2017-05-05,9.1
2017-05-04,9.42
2017-05-03,9.0
2017-04-28,8.65
2017-04-27,8.71
2017-04-26,8.79
2017-04-25,8.53
2017-04-24,8.68
2017-04-21,8.29
2017-04-20,8.16
2017-04-19,8.07
2017-04-18,8.05
2017-04-17,8.12
2017-04-14,8.2
2017-04-13,8.6
2017-04-12,8.6
2017-04-11,9.14
2017-04-10,9.19
2017-04-07,9.25
2017-04-05,9.35
2017-04-04,9.6
2017-04-03,9.05
2017-03-31,9.15
2017-03-30,9.06
2017-03-29,9.2
2017-03-28,9.65
2017-03-27,9.9
2017-03-24,9.9
2017-03-23,10.1
2017-03-22,9.68
2017-03-21,9.32
2017-03-20,9.11
2017-03-17,9.1
2017-03-16,8.87
2017-03-15,8.29
2017-03-14,8.23
2017-03-13,8.21
2017-03-10,8.34
2017-03-09,8.3
2017-03-08,8.04
2017-03-07,8.01
2017-03-06,8.07
2017-03-03,8.05
2017-03-02,7.91
2017-03-01,8.15
2017-02-28,8.18
2017-02-27,8.11
2017-02-24,7.58
2017-02-23,8.14
2017-02-22,8.12
2017-02-21,8.2
2017-02-20,7.74
2017-02-17,7.24
2017-02-16,7.05
2017-02-15,6.8
2017-02-14,6.52
2017-02-13,6.24
2017-02-10,6.06
2017-02-09,5.95
2017-02-08,6.16
2017-02-07,6.09
2017-02-06,5.92
2017-02-03,5.84
2017-02-02,5.99
2017-01-25,5.6
2017-01-24,5.79
2017-01-23,5.42
2017-01-20,5.09
2017-01-19,4.97
2017-01-18,4.96
2017-01-17,5.06
2017-01-16,5.08
2017-01-13,5.08
2017-01-12,5.21
2017-01-11,5.18
2017-01-10,5.22
2017-01-09,5.23
2017-01-06,5.36
2017-01-05,5.4
2017-01-04,5.5
2017-01-03,5.35
2016-12-30,5.35
2016-12-29,5.36
2016-12-28,5.36
2016-12-27,5.35
2016-12-26,5.46
2016-12-23,5.51
2016-12-22,5.53
2016-12-21,5.61
2016-12-20,5.64
2016-12-19,5.9
2016-12-16,5.78
2016-12-15,5.73
2016-12-14,5.75
2016-12-13,5.4
2016-12-12,5.58
2016-12-09,5.53
2016-12-08,5.56
2016-12-07,5.52
2016-12-06,5.52
2016-12-05,5.65
2016-12-02,5.65
2016-12-01,5.9
2016-11-30,5.91
2016-11-29,6.21
2016-11-28,6.22
2016-11-25,6.33
2016-11-24,6.45
2016-11-23,6.2
2016-11-22,6.23
2016-11-21,6.04
2016-11-18,5.7
2016-11-17,5.8
2016-11-16,5.73
2016-11-15,5.36
2016-11-14,5.36
2016-11-11,5.5
2016-11-10,5.34
2016-11-09,5.13
2016-11-08,5.16
2016-11-07,5.13
2016-11-04,5.12
2016-11-03,5.12
2016-11-02,5.17
2016-11-01,5.1
2016-10-31,5.2
2016-10-28,5.37
2016-10-27,5.24
2016-10-26,5.25
2016-10-25,5.3
2016-10-24,5.27
2016-10-21,5.3
2016-10-20,5.35
2016-10-19,5.35
2016-10-18,5.39
2016-10-17,5.63
2016-10-14,5.63
2016-10-13,5.27
2016-10-12,5.16
2016-10-11,5.1
2016-10-10,5.13
2016-10-07,5.13
2016-10-06,5.14
2016-10-05,5.11
2016-10-04,5.15
2016-10-03,5.21
2016-09-30,5.25
2016-09-29,5.25
2016-09-28,5.31
2016-09-27,5.28
2016-09-26,5.15
2016-09-23,5.13
2016-09-22,5.14
2016-09-21,5.13
2016-09-20,5.07
2016-09-19,5.01
2016-09-16,4.93
2016-09-15,5.3
2016-09-14,5.2
2016-09-13,5.2
2016-09-12,5.4
2016-09-09,5.6
2016-09-08,5.7
2016-09-07,5.7
2016-09-06,5.8
2016-09-05,5.6
2016-09-01,6.0
2016-08-31,6.3
2016-08-30,6.3
2016-08-29,6.3
2016-08-26,6.4
2016-08-25,6.0
2016-08-24,6.2
2016-08-23,6.3
2016-08-22,6.3
2016-08-19,6.4
2016-08-18,6.0
2016-08-17,6.4
2016-08-16,6.8
2016-08-15,6.9
2016-08-12,6.5
2016-08-11,6.3
2016-08-10,5.9
2016-08-09,5.6
2016-08-08,5.3
2016-08-05,5.1
2016-08-04,5.4
2016-08-03,5.8
2016-08-02,6.1
2016-08-01,6.3
2016-07-29,6.4
2016-07-28,6.4
2016-07-27,6.6
2016-07-26,6.7
2016-07-25,6.8
2016-07-22,6.4
2016-07-21,6.6
2016-07-20,6.7
2016-07-19,6.8
2016-07-18,6.9
2016-07-15,6.7
2016-07-14,6.7
2016-07-13,6.9
2016-07-12,6.8
2016-07-11,6.8
2016-07-08,7.1
2016-07-07,7.2
2016-07-06,7.3
2016-07-05,7.3
2016-07-04,7.5
2016-07-01,7.4
2016-06-30,7.3
2016-06-29,7.3
2016-06-28,7.1
2016-06-27,7.1
2016-06-24,7.4
2016-06-23,7.7
2016-06-22,7.6
2016-06-21,7.6
2016-06-20,7.6
2016-06-17,7.6
2016-06-16,7.8
2016-06-15,7.9
2016-06-14,7.8
2016-06-13,7.7
2016-06-10,7.9
2016-06-09,8.1
2016-06-08,8.1
2016-06-07,8.0
2016-06-06,8.0
2016-06-03,8.1
2016-06-02,8.1
2016-06-01,7.9
2016-05-31,7.8
2016-05-30,8.0
2016-05-27,7.9
2016-05-26,7.7
2016-05-25,8.0
2016-05-24,8.0
2016-05-23,8.1
2016-05-20,8.0
2016-05-19,8.3
2016-05-18,8.4
2016-05-17,7.9
2016-05-16,7.4
2016-05-13,7.4
2016-05-12,7.5
2016-05-11,7.5
2016-05-10,7.4
2016-05-09,7.4
2016-05-06,7.5
2016-05-05,7.4
2016-05-04,7.5
2016-04-29,8.0
2016-04-28,7.9
2016-04-27,8.0
2016-04-26,7.9
2016-04-25,7.4
2016-04-22,7.0
2016-04-21,6.8
2016-04-20,6.7
2016-04-19,6.7
2016-04-15,6.9
2016-04-14,7.1
2016-04-13,6.7
2016-04-12,6.9
2016-04-11,7.4
2016-04-08,7.6
2016-04-07,7.7
2016-04-06,7.8
2016-04-05,7.8
2016-04-04,7.7
2016-04-01,7.7
2016-03-31,7.8
2016-03-30,8.1
2016-03-29,8.0
2016-03-28,8.2
2016-03-25,8.2
2016-03-24,8.3
2016-03-23,8.5
2016-03-22,8.5
2016-03-21,8.5
2016-03-18,8.4
2016-03-17,8.4
2016-03-16,8.5
2016-03-15,8.3
2016-03-14,8.4
2016-03-11,8.4
2016-03-10,8.5
2016-03-09,8.1
2016-03-08,8.2
2016-03-07,8.4
2016-03-04,8.2
2016-03-03,7.9
2016-03-02,8.3
2016-03-01,8.3
2016-02-29,8.1
2016-02-26,8.6
2016-02-25,8.7
2016-02-24,9.0
2016-02-23,8.9
2016-02-22,8.8
2016-02-19,8.3
2016-02-18,7.8
2016-02-17,7.8
2016-02-16,7.8
2016-02-15,7.8
2016-02-05,7.8
2016-02-04,7.7
2016-02-03,7.6
2016-02-02,8.0
2016-02-01,8.2
2016-01-29,8.2
2016-01-28,8.3
2016-01-27,8.8
2016-01-26,8.9
2016-01-25,8.4
2016-01-22,7.9
2016-01-21,8.4
2016-01-20,9.0
2016-01-19,9.6
2016-01-18,9.3
2016-01-15,9.9
2016-01-14,10.3
2016-01-13,10.9
2016-01-12,11.3
2016-01-11,10.9
2016-01-08,10.2
2016-01-07,10.1
2016-01-06,10.0
2016-01-05,9.6
2016-01-04,10.1
2015-12-31,10.4
2015-12-30,10.7
2015-12-29,10.7
2015-12-28,10.6
2015-12-25,10.9
2015-12-24,11.1
2015-12-23,11.3
2015-12-22,11.3
2015-12-21,11.4
2015-12-18,11.3
2015-12-17,11.8
2015-12-16,11.6
2015-12-15,11.6
2015-12-14,11.6
2015-12-11,11.4
2015-12-10,11.5
2015-12-09,11.7
2015-12-08,11.9
2015-12-07,11.9
2015-12-04,12.2
2015-12-03,12.3
2015-12-02,12.6
2015-12-01,12.0
2015-11-30,12.2
2015-11-27,12.6
2015-11-26,13.1
2015-11-25,13.2
2015-11-24,13.4
2015-11-23,13.6
2015-11-20,13.6
2015-11-19,13.7
2015-11-18,13.7
2015-11-17,13.8
2015-11-16,13.8
2015-11-13,13.9
2015-11-12,14.0
2015-11-11,14.0
2015-11-10,14.1
2015-11-09,14.3
2015-11-06,14.5
2015-11-05,14.7
2015-11-04,13.8
2015-11-03,13.9
2015-11-02,14.0
2015-10-30,14.1
2015-10-29,14.0
2015-10-28,14.0
2015-10-27,14.3
2015-10-26,14.5
2015-10-23,14.5
2015-10-22,14.4
2015-10-21,14.6
2015-10-20,14.4
2015-10-19,14.7
2015-10-16,14.8
2015-10-15,14.9
2015-10-14,15.1
2015-10-13,15.3
2015-10-12,15.3
2015-10-09,15.3
2015-10-08,15.0
2015-10-07,15.0
2015-10-06,14.9
2015-10-05,14.9
2015-10-02,14.9
2015-10-01,14.7
2015-09-30,14.8
2015-09-29,14.8
2015-09-28,14.8
2015-09-25,15.1
2015-09-24,15.4
2015-09-23,15.4
2015-09-22,15.4
2015-09-21,15.2
2015-09-18,15.5
2015-09-17,15.3
2015-09-16,15.3
2015-09-15,14.7
2015-09-14,14.7
2015-09-11,14.8
2015-09-10,14.8
2015-09-09,14.8
2015-09-08,14.8
2015-09-07,14.6
2015-09-04,14.7
2015-09-03,14.4
2015-09-01,14.8
2015-08-31,14.8
2015-08-28,15.1
2015-08-27,15.1
2015-08-26,15.0
2015-08-25,14.4
2015-08-24,14.4
2015-08-21,15.4
2015-08-20,15.9
2015-08-19,16.4
2015-08-18,16.5
2015-08-17,16.5
2015-08-14,16.2
2015-08-13,16.3
2015-08-12,16.6
2015-08-11,16.9
2015-08-10,16.8
2015-08-07,17.1
2015-08-06,17.0
2015-08-05,17.3
2015-08-04,16.8
2015-08-03,16.8
2015-07-31,17.3
2015-07-30,17.5
2015-07-29,17.6
2015-07-28,18.0
2015-07-27,18.1
2015-07-24,18.1
2015-07-23,18.3
2015-07-22,18.4
2015-07-21,18.3
2015-07-20,18.6
2015-07-17,18.7
2015-07-16,18.5
2015-07-15,18.5
2015-07-14,18.7
2015-07-13,18.6
2015-07-10,18.3
2015-07-09,18.5
2015-07-08,18.5
2015-07-07,18.7
2015-07-06,19.2
2015-07-03,19.1
2015-07-02,19.3
2015-07-01,18.9
2015-06-30,19.0
2015-06-29,18.7
2015-06-26,18.4
2015-06-25,18.4
2015-06-24,18.4
2015-06-23,18.0
2015-06-22,18.0
2015-06-19,17.6
2015-06-18,17.6
2015-06-17,17.6
2015-06-16,17.8
2015-06-15,17.7
2015-06-12,17.9
2015-06-11,18.0
2015-06-10,18.0
2015-06-09,18.2
2015-06-08,18.1
2015-06-05,17.9
2015-06-04,17.9
2015-06-03,17.6
2015-06-02,17.5
2015-06-01,17.8
2015-05-29,18.3
2015-05-28,18.3
2015-05-27,18.1
2015-05-26,18.1
2015-05-25,18.0
2015-05-22,18.0
2015-05-21,18.1
2015-05-20,18.2
2015-05-19,17.5
2015-05-18,17.1
2015-05-15,17.5
2015-05-14,18.0
2015-05-13,17.8
2015-05-12,17.8
2015-05-11,18.6
2015-05-08,18.7
2015-05-07,18.6
2015-05-06,18.8
2015-05-05,19.2
2015-05-04,19.1
2015-04-27,20.1
2015-04-24,20.3
2015-04-23,20.3
2015-04-22,20.3
2015-04-21,20.2
2015-04-20,20.3
2015-04-17,20.6
2015-04-16,20.7
2015-04-15,20.5
2015-04-14,20.4
2015-04-13,20.6
2015-04-10,20.5
2015-04-09,20.2
2015-04-08,20.2
2015-04-07,20.2
2015-04-06,20.0
2015-04-03,20.5
2015-04-02,20.5
2015-04-01,20.1
2015-03-31,20.5
2015-03-30,20.3
2015-03-27,20.7
2015-03-26,20.9
2015-03-25,21.2
2015-03-24,21.4
2015-03-23,21.6
2015-03-20,22.1
2015-03-19,21.8
2015-03-18,21.9
2015-03-17,22.3
2015-03-16,22.2
2015-03-13,22.2
2015-03-12,22.2
2015-03-11,22.2
2015-03-10,22.4
2015-03-09,22.4
2015-03-06,22.4
2015-03-05,22.6
2015-03-04,23.0
2015-03-03,23.0
2015-03-02,22.8
2015-02-27,22.8
2015-02-26,23.2
2015-02-25,22.4
2015-02-24,22.2
2015-02-13,22.3
2015-02-12,22.4
2015-02-11,22.0
2015-02-10,21.3
2015-02-09,21.3
2015-02-06,21.4
2015-02-05,21.2
2015-02-04,20.9
2015-02-03,21.0
2015-02-02,21.2
2015-01-30,21.6
2015-01-29,22.0
2015-01-28,21.6
2015-01-27,21.8
2015-01-26,22.3
2015-01-23,22.3
2015-01-22,22.3
2015-01-21,22.2
2015-01-20,22.5
2015-01-19,22.5
2015-01-16,23.0
2015-01-15,23.5
2015-01-14,23.3
2015-01-13,23.2
2015-01-12,22.3
2015-01-09,22.8
2015-01-08,22.3
2015-01-07,22.7
2015-01-06,22.5
2015-01-05,22.2
2014-12-31,22.1
2014-12-30,20.8
2014-12-29,20.4
2014-12-26,20.5
2014-12-25,21.0
2014-12-24,21.3
2014-12-23,21.3
2014-12-22,21.5
2014-12-19,21.3
2014-12-18,21.7
2014-12-17,21.1
2014-12-16,22.3
2014-12-15,23.0
2014-12-12,23.2
2014-12-11,22.7
2014-12-10,22.7
2014-12-09,22.5
2014-12-08,23.5
2014-12-05,24.0
2014-12-04,24.1
2014-12-03,24.2
2014-12-02,24.1
2014-12-01,24.3
2014-11-28,24.1
2014-11-27,24.2
2014-11-26,24.2
2014-11-25,24.6
2014-11-24,24.0
2014-11-21,24.3
2014-11-20,24.7
2014-11-19,24.4
2014-11-18,24.5
2014-11-17,24.8
2014-11-14,24.8
2014-11-13,25.1
2014-11-12,25.3
2014-11-11,25.3
2014-11-10,25.4
2014-11-07,25.8
2014-11-06,25.5
2014-11-05,25.1
2014-11-04,24.9
2014-11-03,25.0
2014-10-31,24.5
2014-10-30,24.2
2014-10-29,24.5
2014-10-28,23.9
2014-10-27,23.8
2014-10-24,24.5
2014-10-23,24.7
2014-10-22,25.3
2014-10-21,24.8
2014-10-20,24.8
2014-10-17,24.9
2014-10-16,24.8
2014-10-15,25.4
2014-10-14,24.8
2014-10-13,25.2
2014-10-10,25.3
2014-10-09,25.7
2014-10-08,26.2
2014-10-07,26.0
2014-10-06,26.2
2014-10-03,26.1
2014-10-02,26.4
2014-10-01,25.5
2014-09-30,24.4
2014-09-29,24.2
2014-09-26,24.1
2014-09-25,24.4
2014-09-24,24.4
2014-09-23,24.2
2014-09-22,24.3
2014-09-19,24.5
2014-09-18,24.4
2014-09-17,23.9
2014-09-16,24.1
2014-09-15,24.2
2014-09-12,24.4
2014-09-11,24.1
2014-09-10,24.2
2014-09-09,24.0
2014-09-08,24.9
2014-09-05,25.0
2014-09-04,25.2
2014-09-03,25.0
2014-08-29,25.0
2014-08-28,25.2
2014-08-27,23.9
2014-08-26,23.64
2014-08-25,23.64
2014-08-22,23.0
2014-08-21,23.0
2014-08-20,22.91
2014-08-19,22.91
2014-08-18,23.09
2014-08-15,23.0
2014-08-14,23.27
2014-08-13,23.0
2014-08-12,22.82
2014-08-11,22.64
2014-08-08,22.82
2014-08-07,23.0
2014-08-06,23.09
2014-08-05,23.36
2014-08-04,23.18
2014-08-01,23.18
2014-07-31,23.09
2014-07-30,23.0
2014-07-29,22.91
2014-07-28,22.91
2014-07-25,23.55
2014-07-24,23.45
2014-07-23,23.36
2014-07-22,23.36
2014-07-21,23.09
2014-07-18,23.09
2014-07-17,23.09
2014-07-16,23.0
2014-07-15,23.0
2014-07-14,23.09
2014-07-11,22.73
2014-07-10,22.82
2014-07-09,23.27
2014-07-08,23.36
2014-07-07,23.18
2014-07-04,22.73
2014-07-03,22.73
2014-07-02,22.45
2014-07-01,22.27
2014-06-30,22.0
2014-06-27,22.09
2014-06-26,22.27
2014-06-25,22.09
2014-06-24,21.73
2014-06-23,21.55
2014-06-20,21.64
2014-06-19,21.82
2014-06-18,22.18
2014-06-17,22.36
2014-06-16,22.18
2014-06-13,22.0
2014-06-12,22.09
2014-06-11,22.27
2014-06-10,22.0
2014-06-09,21.82
2014-06-06,21.64
2014-06-05,21.27
2014-06-04,21.27
2014-06-03,21.73
2014-06-02,21.82
2014-05-30,22.09
2014-05-29,22.0
2014-05-28,22.36
2014-05-27,22.27
2014-05-26,21.82
2014-05-23,21.91
2014-05-22,22.09
2014-05-21,22.73
2014-05-20,22.45
2014-05-19,22.27
2014-05-16,22.45
2014-05-15,21.27
2014-05-14,21.27
2014-05-13,19.91
2014-05-12,19.18
2014-05-09,20.55
2014-05-08,20.55
2014-05-07,22.09
2014-05-06,22.36
2014-05-05,22.82
2014-04-29,23.64
2014-04-28,23.64
2014-04-25,24.0
2014-04-24,24.09
2014-04-23,24.0
2014-04-22,24.36
2014-04-21,23.18
2014-04-18,23.91
2014-04-17,24.45
2014-04-16,24.09
2014-04-15,24.91
2014-04-14,25.36
2014-04-11,25.64
2014-04-10,25.91
2014-04-08,26.09
2014-04-07,26.27
2014-04-04,26.18
2014-04-03,25.82
2014-04-02,25.64
2014-04-01,25.82
2014-03-31,25.55
2014-03-28,25.45
2014-03-27,25.82
2014-03-26,25.27
2014-03-25,26.0
2014-03-24,26.91
2014-03-21,26.82
2014-03-20,26.36
2014-03-19,25.82
2014-03-18,25.55
2014-03-17,25.64
2014-03-14,24.64
2014-03-13,24.55
2014-03-12,24.45
2014-03-11,24.55
2014-03-10,24.27
2014-03-07,24.09
2014-03-06,24.45
2014-03-05,23.82
2014-03-04,23.27
2014-03-03,23.64
2014-02-28,24.73
2014-02-27,25.0
2014-02-26,25.45
2014-02-25,23.82
2014-02-24,22.82
2014-02-21,22.55
2014-02-20,22.73
2014-02-19,23.82
2014-02-18,23.55
2014-02-17,23.55
2014-02-14,22.64
2014-02-13,22.55
2014-02-12,22.45
2014-02-11,21.82
2014-02-10,22.09
2014-02-07,20.73
2014-02-06,20.09
2014-01-27,19.91
2014-01-24,20.09
2014-01-23,19.64
2014-01-22,19.73
2014-01-21,20.09
2014-01-20,19.82
2014-01-17,19.82
2014-01-16,19.82
2014-01-15,19.09
2014-01-14,19.27
2014-01-13,18.82
2014-01-10,18.91
2014-01-09,19.0
2014-01-08,18.91
2014-01-07,18.91
2014-01-06,19.0
2014-01-03,18.64
2014-01-02,18.55
2013-12-31,18.64
2013-12-30,18.36
2013-12-27,18.82
2013-12-26,18.82
2013-12-25,18.82
2013-12-24,19.0
2013-12-23,19.27
2013-12-20,19.0
2013-12-19,19.09
2013-12-18,19.0
2013-12-17,19.0
2013-12-16,18.82
2013-12-13,19.0
2013-12-12,18.73
2013-12-11,18.82
2013-12-10,19.09
2013-12-09,19.09
2013-12-06,19.09
2013-12-05,19.0
2013-12-04,19.09
2013-12-03,19.09
2013-12-02,19.09
2013-11-29,19.36
2013-11-28,19.18
2013-11-27,19.18
2013-11-26,19.09
2013-11-25,19.27
2013-11-22,19.55
2013-11-21,19.55
2013-11-20,19.64
2013-11-19,19.55
2013-11-18,19.82
2013-11-15,19.55
2013-11-14,19.36
2013-11-13,19.9
2013-11-12,20.07
2013-11-11,20.61
2013-11-08,20.52
2013-11-07,20.43
2013-11-06,20.61
2013-11-05,20.25
2013-11-04,20.07
2013-11-01,20.07
2013-10-31,20.16
2013-10-30,20.07
2013-10-29,19.99
2013-10-28,20.07
2013-10-25,20.25
2013-10-24,20.07
2013-10-23,20.25
2013-10-22,19.9
2013-10-21,20.07
2013-10-18,19.9
2013-10-17,19.9
2013-10-16,19.72
2013-10-15,19.01
2013-10-14,18.74
2013-10-11,18.83
2013-10-10,18.83
2013-10-09,19.1
2013-10-08,19.36
2013-10-07,19.01
2013-10-04,18.48
2013-10-03,18.56
2013-10-02,18.74
2013-10-01,18.65
2013-09-30,18.48
2013-09-27,18.48
2013-09-26,18.56
2013-09-25,18.56
2013-09-24,18.3
2013-09-23,18.21
2013-09-20,18.21
2013-09-19,17.76
2013-09-18,17.59
2013-09-17,17.85
2013-09-16,18.03
2013-09-13,17.85
2013-09-12,17.94
2013-09-11,17.94
2013-09-10,17.85
2013-09-09,17.76
2013-09-06,18.21
2013-09-05,17.76
2013-09-04,17.5
2013-09-03,17.85
2013-08-30,18.03
2013-08-29,17.85
2013-08-28,18.03
2013-08-27,18.3
2013-08-26,18.56
2013-08-23,18.39
2013-08-22,18.65
2013-08-21,19.19
2013-08-20,19.36
2013-08-19,19.19
2013-08-16,19.27
2013-08-15,19.36
2013-08-14,18.39
2013-08-13,18.12
2013-08-12,18.3
2013-08-09,18.3
2013-08-08,18.3
2013-08-07,18.3
2013-08-06,18.39
2013-08-05,18.3
2013-08-02,18.48
2013-08-01,18.39
2013-07-31,18.21
2013-07-30,18.3
2013-07-29,18.3
2013-07-26,18.48
2013-07-25,18.3
2013-07-24,18.83
2013-07-23,19.19
2013-07-22,19.19
2013-07-19,19.45
2013-07-18,19.54
2013-07-17,19.81
2013-07-16,19.9
2013-07-15,19.45
2013-07-12,19.19
2013-07-11,18.74
2013-07-10,18.3
2013-07-09,18.12
2013-07-08,18.03
2013-07-05,18.21
2013-07-04,18.48
2013-07-03,18.56
2013-07-02,18.39
2013-07-01,18.12
2013-06-28,18.39
2013-06-27,18.56
2013-06-26,18.12
2013-06-25,18.3
2013-06-24,19.36
2013-06-21,20.07
2013-06-20,19.27
2013-06-19,19.27
2013-06-18,19.1
2013-06-17,19.1
2013-06-14,19.99
2013-06-13,20.25
2013-06-12,19.99
2013-06-11,19.9
2013-06-10,20.16
2013-06-07,20.87
2013-06-06,21.05
2013-06-05,20.16
2013-06-04,20.07
2013-06-03,19.99
2013-05-31,20.25
2013-05-30,20.25
2013-05-29,20.25
2013-05-28,20.34
2013-05-27,20.43
2013-05-24,19.27
2013-05-23,19.54
2013-05-22,20.34
2013-05-21,20.43
2013-05-20,19.63
2013-05-17,19.36
2013-05-16,19.45
2013-05-15,18.83
2013-05-14,19.01
2013-05-13,20.25
2013-05-10,20.16
2013-05-09,20.7
2013-05-08,20.87
2013-05-07,20.16
2013-05-06,20.61
2013-05-03,19.63
2013-05-02,19.54
2013-04-26,20.07
2013-04-25,19.19
2013-04-24,18.74
2013-04-23,18.83
2013-04-22,19.19
2013-04-18,19.63
2013-04-17,19.81
2013-04-16,19.72
2013-04-15,19.99
2013-04-12,21.05
2013-04-11,21.85
2013-04-10,21.5
2013-04-09,22.74
2013-04-08,23.09
2013-04-05,22.92
2013-04-04,22.65
2013-04-03,21.91
2013-04-02,22.47
2013-04-01,22.39
2013-03-29,21.51
2013-03-28,21.83
2013-03-27,21.99
2013-03-26,22.31
2013-03-25,22.15
2013-03-22,21.75
2013-03-21,21.91
2013-03-20,21.51
2013-03-19,21.43
2013-03-18,21.59
2013-03-15,21.91
2013-03-14,21.75
2013-03-13,21.67
2013-03-12,21.75
2013-03-11,21.83
2013-03-08,21.27
2013-03-07,20.96
2013-03-06,21.2
2013-03-05,20.24
2013-03-04,20.8
2013-03-01,22.23
2013-02-28,22.15
2013-02-27,21.91
2013-02-26,22.15
2013-02-25,23.74
2013-02-22,23.34
2013-02-21,23.02
2013-02-20,24.45
2013-02-19,24.05
2013-02-18,23.82
2013-02-08,24.13
2013-02-07,24.21
2013-02-06,23.5
2013-02-05,22.23
2013-02-04,22.39
2013-02-01,22.94
2013-01-31,22.86
2013-01-30,23.58
2013-01-29,23.5
2013-01-28,23.02
2013-01-25,22.94
2013-01-24,21.67
2013-01-23,20.4
2013-01-22,20.88
2013-01-21,21.67
2013-01-18,22.23
2013-01-17,21.99
2013-01-16,22.7
2013-01-15,21.67
2013-01-14,20.88
2013-01-11,21.35
2013-01-10,20.64
2013-01-09,19.69
2013-01-08,20.48
2013-01-07,19.53
2013-01-04,18.66
2013-01-03,17.94
2013-01-02,17.7
2012-12-28,17.15
2012-12-27,17.23
2012-12-26,17.15
2012-12-25,17.23
2012-12-24,17.31
2012-12-21,17.23
2012-12-20,17.23
2012-12-19,17.39
2012-12-18,17.23
2012-12-17,17.39
2012-12-14,16.75
2012-12-13,16.99
2012-12-12,16.51
2012-12-11,16.27
2012-12-10,15.72
2012-12-07,15.72
2012-12-06,15.72
2012-12-05,15.64
2012-12-04,15.48
2012-12-03,15.4
2012-11-30,15.72
2012-11-29,15.72
2012-11-28,15.72
2012-11-27,15.96
2012-11-26,16.11
2012-11-23,15.96
2012-11-22,16.11
2012-11-21,16.11
2012-11-20,15.88
2012-11-19,15.24
2012-11-16,16.04
2012-11-15,16.04
2012-11-14,15.8
2012-11-13,16.11
2012-11-12,16.43
2012-11-09,15.96
2012-11-08,16.67
2012-11-07,16.11
2012-11-06,15.8
2012-11-05,15.88
2012-11-02,15.8
2012-11-01,16.59
2012-10-31,16.51
2012-10-30,16.43
2012-10-29,16.51
2012-10-26,16.67
2012-10-25,16.51
2012-10-24,16.75
2012-10-23,16.91
2012-10-22,16.91
2012-10-19,16.91
2012-10-18,17.7
2012-10-17,18.02
2012-10-16,18.1
2012-10-15,17.86
2012-10-12,17.94
2012-10-11,17.86
2012-10-10,17.7
2012-10-09,17.78
2012-10-08,17.62
2012-10-05,16.83
2012-10-04,16.43
2012-10-03,16.59
2012-10-02,16.11
2012-10-01,16.11
2012-09-28,16.19
2012-09-27,16.59
2012-09-26,17.31
2012-09-25,17.23
2012-09-24,17.78
2012-09-21,18.66
2012-09-20,17.94
2012-09-19,18.5
2012-09-18,18.66
2012-09-17,18.97
2012-09-14,19.05
2012-09-13,18.81
2012-09-12,18.89
2012-09-11,18.73
2012-09-10,19.61
2012-09-07,20.56
2012-09-06,20.64
2012-09-05,20.88
2012-09-04,21.04
2012-08-31,21.2
2012-08-30,20.64
2012-08-29,19.69
2012-08-28,19.61
2012-08-27,20.56
2012-08-24,21.59
2012-08-23,21.67
2012-08-22,22.78
2012-08-21,22.94
2012-08-20,24.13
2012-08-17,23.58
2012-08-16,23.02
2012-08-15,23.18
2012-08-14,23.18
2012-08-13,23.26
2012-08-10,23.58
2012-08-09,23.74
2012-08-08,23.34
2012-08-07,23.02
2012-08-06,23.1
2012-08-03,22.86
2012-08-02,22.94
2012-08-01,23.1
2012-07-31,23.18
2012-07-30,23.5
2012-07-27,23.5
2012-07-26,23.42
2012-07-25,23.34
2012-07-24,23.42
2012-07-23,23.42
2012-07-20,23.5
2012-07-19,24.69
2012-07-18,23.58
2012-07-17,23.42
2012-07-16,23.02
2012-07-13,23.02
2012-07-12,22.54
2012-07-11,22.54
2012-07-10,22.23
2012-07-09,22.23
2012-07-06,22.62
2012-07-05,22.07
2012-07-04,21.91
2012-07-03,21.91
2012-07-02,22.07
2012-06-29,22.07
2012-06-28,22.07
2012-06-27,21.75
2012-06-26,21.35
2012-06-25,21.75
2012-06-22,22.54
2012-06-21,22.62
2012-06-20,22.86
2012-06-19,22.94
2012-06-18,23.18
2012-06-15,23.18
2012-06-14,22.23
2012-06-13,22.23
2012-06-12,22.23
2012-06-11,22.15
2012-06-08,22.07
2012-06-07,22.07
2012-06-06,21.99
2012-06-05,21.12
2012-06-04,20.16
2012-06-01,21.12
2012-05-31,21.2
2012-05-30,21.67
2012-05-29,21.67
2012-05-28,22.07
2012-05-25,22.15
2012-05-24,21.75
2012-05-23,21.91
2012-05-22,22.39
2012-05-21,23.02
2012-05-18,21.99
2012-05-17,22.23
2012-05-16,22.78
2012-05-15,22.39
2012-05-14,23.1
2012-05-11,24.29
2012-05-10,25.48
2012-05-09,24.77
2012-05-08,23.66
2012-05-07,22.54
2012-05-04,22.47
2012-05-03,22.39
2012-05-02,22.31
2012-04-27,22.62
2012-04-26,22.47
2012-04-25,23.34
2012-04-24,22.78
2012-04-23,21.74
2012-04-20,21.26
2012-04-19,20.85
2012-04-18,21.88
2012-04-17,21.95
2012-04-16,22.09
2012-04-13,21.19
2012-04-12,21.61
2012-04-11,21.88
2012-04-10,20.85
2012-04-09,21.47
2012-04-06,20.98
2012-04-05,20.02
2012-04-04,19.12
2012-04-03,19.19
2012-03-30,18.57
2012-03-29,18.85
2012-03-28,19.47
2012-03-27,19.47
2012-03-26,20.43
2012-03-23,20.92
2012-03-22,20.71
2012-03-21,20.09
2012-03-20,20.09
2012-03-19,19.4
2012-03-16,19.54
2012-03-15,20.5
2012-03-14,19.95
2012-03-13,20.16
2012-03-12,20.09
2012-03-09,21.12
2012-03-08,22.23
2012-03-07,23.33
2012-03-06,22.71
2012-03-05,22.78
2012-03-02,21.74
2012-03-01,20.85
2012-02-29,20.02
2012-02-28,19.74
2012-02-27,19.95
2012-02-24,19.05
2012-02-23,19.05
2012-02-22,18.15
2012-02-21,17.33
2012-02-20,17.26
2012-02-17,16.5
2012-02-16,16.01
2012-02-15,16.22
2012-02-14,16.22
2012-02-13,15.46
2012-02-10,16.15
2012-02-09,16.91
2012-02-08,16.98
2012-02-07,16.22
2012-02-06,16.57
2012-02-03,17.19
2012-02-02,16.43
2012-02-01,15.67
2012-01-31,14.98
2012-01-30,14.29
2012-01-20,13.67
2012-01-19,13.25
2012-01-18,12.63
2012-01-17,12.63
2012-01-16,12.84
2012-01-13,12.63
2012-01-12,12.29
2012-01-11,12.63
2012-01-10,12.63
2012-01-09,12.43
2012-01-06,12.08
2012-01-05,12.56
2012-01-04,13.12
2012-01-03,13.12
2011-12-30,13.46
2011-12-29,13.12
2011-12-28,12.49
2011-12-27,11.94
2011-12-26,12.56
2011-12-23,13.18
2011-12-22,13.81
2011-12-21,14.5
2011-12-20,14.91
2011-12-19,15.39
2011-12-16,15.32
2011-12-15,14.63
2011-12-14,14.91
2011-12-13,15.19
2011-12-12,15.19
2011-12-09,15.19
2011-12-08,15.74
2011-12-07,16.43
2011-12-06,16.57
2011-12-05,16.64
2011-12-02,15.88
2011-12-01,15.32
2011-11-30,15.39
2011-11-29,15.46
2011-11-28,15.46
2011-11-25,15.39
2011-11-24,15.39
2011-11-23,15.74
2011-11-22,15.53
2011-11-21,15.53
2011-11-18,15.81
2011-11-17,16.22
2011-11-16,15.95
2011-11-15,15.19
2011-11-14,15.6
2011-11-11,16.15
2011-11-10,16.98
2011-11-09,17.53
2011-11-08,17.81
2011-11-07,18.29
2011-11-04,19.19
2011-11-03,19.26
2011-11-02,19.54
2011-11-01,20.16
2011-10-31,20.36
2011-10-28,20.98
2011-10-27,20.02
2011-10-26,19.67
2011-10-25,20.29
2011-10-24,20.5
2011-10-21,20.57
2011-10-20,20.5
2011-10-19,20.64
2011-10-18,20.71
2011-10-17,21.12
2011-10-14,21.19
2011-10-13,21.05
2011-10-12,21.05
2011-10-11,21.54
2011-10-10,21.54
2011-10-07,21.54
2011-10-06,21.81
2011-10-05,21.68
2011-10-04,21.74
2011-10-03,21.95
2011-09-30,22.3
2011-09-29,22.23
2011-09-28,22.71
2011-09-27,23.06
2011-09-26,23.19
2011-09-23,23.47
2011-09-22,23.82
2011-09-21,23.54
2011-09-20,23.95
2011-09-19,23.95
2011-09-16,22.85
2011-09-15,24.02
2011-09-14,24.78
2011-09-13,25.47
2011-09-12,25.61
2011-09-09,25.13
2011-09-08,24.78
2011-09-07,24.09
2011-09-06,23.54
2011-09-05,24.02
2011-09-01,24.57
2011-08-31,24.71
2011-08-30,24.78
2011-08-29,24.64
2011-08-26,23.47
2011-08-25,23.12
2011-08-24,23.06
2011-08-23,24.09
2011-08-22,24.3
2011-08-19,24.02
2011-08-18,24.23
2011-08-17,23.47
2011-08-16,22.37
2011-08-15,22.16
2011-08-12,22.02
2011-08-11,22.16
2011-08-10,22.3
2011-08-09,22.09
2011-08-08,22.99
2011-08-05,23.61
2011-08-04,23.47
2011-08-03,23.4
2011-08-02,23.47
2011-08-01,23.95
2011-07-29,23.82
2011-07-28,24.78
2011-07-27,24.78
2011-07-26,24.78
2011-07-25,24.92
2011-07-22,24.99
2011-07-21,24.85
2011-07-20,25.33
2011-07-19,24.16
2011-07-18,25.06
2011-07-15,25.33
2011-07-14,25.2
2011-07-13,24.85
2011-07-12,23.75
2011-07-11,24.57
2011-07-08,25.82
2011-07-07,26.37
2011-07-06,26.23
2011-07-05,26.92
2011-07-04,26.02
2011-07-01,26.3
2011-06-30,26.92
2011-06-29,27.34
2011-06-28,27.34
2011-06-27,27.61
2011-06-24,28.51
2011-06-23,28.99
2011-06-22,29.61
2011-06-21,29.54
2011-06-20,28.3
2011-06-17,28.99
2011-06-16,27.75
2011-06-15,27.4
2011-06-14,27.61
2011-06-13,27.34
2011-06-10,27.4
2011-06-09,27.61
2011-06-08,27.82
2011-06-07,27.89
2011-06-06,26.58
2011-06-03,26.58
2011-06-02,26.58
2011-06-01,25.33
2011-05-31,24.16
2011-05-30,23.54
2011-05-27,22.5
2011-05-26,21.47
2011-05-25,20.5
2011-05-24,21.54
2011-05-23,22.64
2011-05-20,23.82
2011-05-19,24.16
2011-05-18,25.4
2011-05-17,26.71
2011-05-16,28.09
2011-05-13,29.06
2011-05-12,28.99
2011-05-11,29.34
2011-05-10,29.13
2011-05-09,29.13
2011-05-06,29.13
2011-05-05,29.2
2011-05-04,29.54
2011-04-29,29.06
2011-04-28,28.65
2011-04-27,29.41
2011-04-26,29.89
2011-04-25,30.17
2011-04-22,29.68
2011-04-21,30.1
2011-04-20,30.37
2011-04-19,30.37
2011-04-18,31.62
2011-04-15,30.23
2011-04-14,30.51
2011-04-13,30.86
2011-04-08,31.27
2011-04-07,31.41
2011-04-06,31.34
2011-04-05,30.37
2011-04-04,30.51
2011-04-01,30.86
2011-03-31,31.13
2011-03-30,31.27
2011-03-29,31.55
2011-03-28,31.62
2011-03-25,31.34
2011-03-24,32.1
2011-03-23,32.24
2011-03-22,31.27
2011-03-21,32.24
2011-03-18,30.72
2011-03-17,31.41
2011-03-16,30.86
2011-03-15,32.44
2011-03-14,34.1
2011-03-11,35.9
2011-03-10,34.51
2011-03-09,33.2
2011-03-08,31.89
2011-03-07,30.37
2011-03-04,29.89
2011-03-03,30.1
2011-03-02,31.41
2011-03-01,33.0
2011-02-28,33.13
2011-02-25,33.96
2011-02-24,33.82
2011-02-23,34.86
2011-02-22,34.17
2011-02-21,34.86
2011-02-18,36.59
2011-02-17,37.62
2011-02-16,37.62
2011-02-15,38.66
2011-02-14,37.97
2011-02-11,38.66
2011-02-10,38.66
2011-02-09,39.35
2011-02-08,40.38
2011-01-28,38.66
2011-01-27,37.97
2011-01-26,37.28
2011-01-25,36.59
2011-01-24,37.28
2011-01-21,37.97
2011-01-20,37.97
2011-01-19,38.31
2011-01-18,36.59
2011-01-17,36.82
2011-01-14,36.59
2011-01-13,36.13
2011-01-12,36.36
2011-01-11,36.36
2011-01-10,36.82
2011-01-07,36.82
2011-01-06,36.82
2011-01-05,36.59
2011-01-04,36.59
2010-12-31,37.28
2010-12-30,35.67
2010-12-29,35.67
2010-12-28,35.44
2010-12-27,35.44
2010-12-24,35.67
2010-12-23,35.44
2010-12-22,35.2
2010-12-21,35.2
2010-12-20,36.13
2010-12-17,36.59
2010-12-16,36.13
2010-12-15,37.05
2010-12-14,37.05
2010-12-13,37.05
2010-12-10,35.9
2010-12-09,35.44
2010-12-08,35.2
2010-12-07,35.44
2010-12-06,35.2
2010-12-03,35.9
2010-12-02,35.44
2010-12-01,35.2
2010-11-30,35.2
2010-11-29,35.44
2010-11-26,35.44
2010-11-25,35.44
2010-11-24,35.67
2010-11-23,35.9
2010-11-22,35.44
2010-11-19,35.44
2010-11-18,35.44
2010-11-17,33.82
2010-11-16,35.2
2010-11-15,35.44
2010-11-12,35.67
2010-11-11,35.44
2010-11-10,35.67
2010-11-09,35.44
2010-11-08,35.44
2010-11-05,35.9
2010-11-04,35.9
2010-11-03,36.13
2010-11-02,36.36
2010-11-01,36.36
2010-10-29,36.36
2010-10-28,36.59
2010-10-27,36.59
2010-10-26,36.82
2010-10-25,36.82
2010-10-22,36.36
2010-10-21,36.36
2010-10-20,35.9
2010-10-19,36.82
2010-10-18,36.82
2010-10-15,36.13
2010-10-14,35.9
2010-10-13,35.44
2010-10-12,35.9
2010-10-11,36.13
2010-10-08,35.9
2010-10-07,35.9
2010-10-06,35.67
2010-10-05,34.74
2010-10-04,34.28
2010-10-01,34.05
2010-09-30,33.59
2010-09-29,33.36
2010-09-28,33.82
2010-09-27,33.13
2010-09-24,33.59
2010-09-23,33.82
2010-09-22,34.05
2010-09-21,34.05
2010-09-20,34.05
2010-09-17,34.05
2010-09-16,33.13
2010-09-15,33.36
2010-09-14,32.9
2010-09-13,33.13
2010-09-10,33.13
2010-09-09,34.28
2010-09-08,34.05
2010-09-07,34.05
2010-09-06,34.74
2010-09-01,34.74
2010-08-31,34.74
2010-08-30,33.82
2010-08-27,32.44
2010-08-26,32.67
2010-08-25,32.67
2010-08-24,32.67
2010-08-23,34.05
2010-08-20,33.82
2010-08-19,34.05
2010-08-18,34.51
2010-08-17,34.51
2010-08-16,35.67
2010-08-13,34.97
2010-08-12,34.97
2010-08-11,34.97
2010-08-10,35.2
2010-08-09,35.67
2010-08-06,36.36
2010-08-05,36.36
2010-08-04,36.36
2010-08-03,37.05
2010-08-02,36.36
2010-07-30,37.04
2010-07-29,36.81
2010-07-28,36.58
2010-07-27,36.58
2010-07-26,36.81
2010-07-23,36.81
2010-07-22,36.58
2010-07-21,37.04
2010-07-20,37.26
2010-07-19,37.04
2010-07-16,37.04
2010-07-15,36.81
2010-07-14,36.81
2010-07-13,36.58
2010-07-12,36.36
2010-07-09,36.13
2010-07-08,36.13
2010-07-07,35.45
2010-07-06,35.67
2010-07-05,36.13
2010-07-02,35.67
2010-07-01,35.9
2010-06-30,36.13
2010-06-29,36.36
2010-06-28,36.13
2010-06-25,35.9
2010-06-24,36.81
2010-06-23,37.04
2010-06-22,37.26
2010-06-21,37.72
2010-06-18,37.49
2010-06-17,37.72
2010-06-16,37.72
2010-06-15,37.04
2010-06-14,37.04
2010-06-11,36.58
2010-06-10,35.45
2010-06-09,35.22
2010-06-08,34.99
2010-06-07,34.99
2010-06-04,35.67
2010-06-03,35.9
2010-06-02,36.13
2010-06-01,35.9
2010-05-31,35.22
2010-05-28,34.99
2010-05-27,34.08
2010-05-26,33.86
2010-05-25,34.08
2010-05-24,34.31
2010-05-21,33.63
2010-05-20,35.22
2010-05-19,34.54
2010-05-18,35.45
2010-05-17,35.45
2010-05-14,36.13
2010-05-13,36.13
2010-05-12,35.9
2010-05-11,36.58
2010-05-10,36.36
2010-05-07,36.81
2010-05-06,38.17
2010-05-05,38.4
2010-05-04,38.63
2010-04-29,38.4
2010-04-28,38.63
2010-04-27,38.63
2010-04-26,38.4
2010-04-22,38.85
2010-04-21,37.72
2010-04-20,37.72
2010-04-19,37.72
2010-04-16,37.95
2010-04-15,38.17
2010-04-14,37.72
2010-04-13,37.95
2010-04-12,38.17
2010-04-09,37.95
2010-04-08,37.72
2010-04-07,38.17
2010-04-06,37.95
2010-04-05,38.17
2010-04-02,37.95
2010-04-01,37.72
2010-03-31,36.81
2010-03-30,36.36
2010-03-29,37.49
2010-03-26,37.26
2010-03-25,36.81
2010-03-24,38.17
2010-03-23,37.95
2010-03-22,38.85
2010-03-19,39.54
2010-03-18,39.54
2010-03-17,38.85
2010-03-16,39.08
2010-03-15,40.22
2010-03-12,40.67
2010-03-11,39.08
2010-03-10,38.17
2010-03-09,38.17
2010-03-08,38.17
2010-03-05,38.17
2010-03-04,37.49
2010-03-03,35.9
2010-03-02,35.9
2010-03-01,35.9
2010-02-26,35.9
2010-02-25,36.13
2010-02-24,35.9
2010-02-23,36.13
2010-02-22,37.26
2010-02-12,36.58
2010-02-11,36.36
2010-02-10,36.36
2010-02-09,36.36
2010-02-08,36.36
2010-02-05,36.36
2010-02-04,36.81
2010-02-03,36.36
2010-02-02,36.36
2010-02-01,36.36
2010-01-29,35.9
2010-01-28,35.45
2010-01-27,35.9
2010-01-26,37.04
2010-01-25,35.45
2010-01-22,35.67
2010-01-21,35.22
2010-01-20,36.13
2010-01-19,36.58
2010-01-18,35.22
2010-01-15,37.04
2010-01-14,37.26
2010-01-13,36.58
2010-01-12,34.99
2010-01-11,35.67
2010-01-08,36.36
2010-01-07,37.49
2010-01-06,38.4
2010-01-05,38.85
2010-01-04,37.04
2009-12-31,35.45
2009-12-30,34.99
2009-12-29,33.63
2009-12-28,34.76
2009-12-25,34.76
2009-12-24,33.17
2009-12-23,32.72
2009-12-22,31.36
2009-12-21,29.99
2009-12-18,28.63
2009-12-17,27.27
2009-12-16,27.04
2009-12-15,28.4
2009-12-14,27.49
2009-12-11,26.36
2009-12-10,27.72
2009-12-09,29.08
2009-12-08,30.22
2009-12-07,30.9
2009-12-04,29.54
2009-12-03,29.08
2009-12-02,29.54
2009-12-01,30.9
2009-11-30,30.67
2009-11-27,29.54
2009-11-26,29.31
2009-11-25,30.67
2009-11-24,32.27
2009-11-23,32.95
2009-11-20,34.54
2009-11-19,35.67
2009-11-18,34.08
2009-11-17,32.49
2009-11-16,32.27
2009-11-13,32.72
2009-11-12,33.17
2009-11-11,33.4
2009-11-10,32.72
2009-11-09,34.31
2009-11-06,35.9
2009-11-05,34.23
2009-11-04,33.33
2009-11-03,33.02
2009-11-02,34.54
2009-10-30,36.05
2009-10-29,36.05
2009-10-28,36.66
2009-10-27,36.36
2009-10-26,36.96
2009-10-23,37.87
2009-10-22,39.69
2009-10-21,39.99
2009-10-20,39.99
2009-10-19,38.17
2009-10-16,37.26
2009-10-15,37.87
2009-10-14,37.57
2009-10-13,37.57
2009-10-12,38.48
2009-10-09,37.26
2009-10-08,36.66
2009-10-07,36.66
2009-10-06,35.75
2009-10-05,36.36
2009-10-02,36.36
2009-10-01,37.57
2009-09-30,38.17
2009-09-29,38.48
2009-09-28,36.66
2009-09-25,37.57
2009-09-24,37.26
2009-09-23,38.17
2009-09-22,39.99
2009-09-21,39.08
2009-09-18,37.26
2009-09-17,36.05
2009-09-16,34.84
2009-09-15,36.36
2009-09-14,34.84
2009-09-11,33.33
2009-09-10,31.81
2009-09-09,30.3
2009-09-08,30.6
2009-09-07,30.14
2009-09-04,30.3
2009-09-03,31.81
2009-09-01,30.6
2009-08-31,29.24
2009-08-28,27.87
2009-08-27,26.66
2009-08-26,26.66
2009-08-25,26.81
2009-08-24,27.57
2009-08-21,26.36
2009-08-20,25.6
2009-08-19,24.84
2009-08-18,24.09
2009-08-17,24.09
2009-08-14,24.54
2009-08-13,24.09
2009-08-12,23.03
2009-08-11,22.72
2009-08-10,22.72
2009-08-07,22.27
2009-08-06,22.27
2009-08-05,22.12
2009-08-04,21.96
2009-08-03,21.81
2009-07-31,22.12
2009-07-30,21.51
2009-07-29,21.66
2009-07-28,21.96
2009-07-27,22.72
2009-07-24,22.72
2009-07-23,21.66
2009-07-22,20.9
2009-07-21,20.9
2009-07-20,20.3
2009-07-17,21.06
2009-07-16,21.21
2009-07-15,21.36
2009-07-14,21.51
2009-07-13,21.81
2009-07-10,21.66
2009-07-09,22.12
2009-07-08,21.21
2009-07-07,21.21
2009-07-06,21.36
2009-07-03,20.45
2009-07-02,20.15
2009-07-01,19.69
2009-06-30,20.6
2009-06-29,21.66
2009-06-26,21.96
2009-06-25,21.81
2009-06-24,21.51
2009-06-23,20.6
2009-06-22,21.51
2009-06-19,22.42
2009-06-18,22.27
2009-06-17,21.21
2009-06-16,20.3
2009-06-15,20.9
2009-06-12,21.96
2009-06-11,21.96
2009-06-10,21.96
2009-06-09,23.03
2009-06-08,22.27
2009-06-05,21.21
2009-06-04,20.3
2009-06-03,19.39
2009-06-02,18.78
2009-06-01,19.09
2009-05-29,18.63
2009-05-28,19.39
2009-05-27,20.3
2009-05-26,19.39
2009-05-25,18.94
2009-05-22,18.18
2009-05-21,18.94
2009-05-20,18.18
2009-05-19,18.18
2009-05-18,18.18
2009-05-15,18.18
2009-05-14,17.42
2009-05-13,16.97
2009-05-12,17.87
2009-05-11,17.72
2009-05-08,17.87
2009-05-07,17.42
2009-05-06,18.03
2009-05-05,18.94
2009-05-04,18.33
2009-04-29,17.57
2009-04-28,17.57
2009-04-27,17.57
2009-04-24,17.27
2009-04-23,16.51
2009-04-22,17.27
2009-04-21,16.66
2009-04-20,17.42
2009-04-17,18.33
2009-04-16,19.24
2009-04-15,20.15
2009-04-14,21.21
2009-04-13,20.45
2009-04-10,19.54
2009-04-09,18.63
2009-04-08,17.87
2009-04-07,17.72
2009-04-03,16.97
2009-04-02,16.21
2009-04-01,16.21
2009-03-31,16.36
2009-03-30,15.91
2009-03-27,16.06
2009-03-26,16.06
2009-03-25,16.06
2009-03-24,15.45
2009-03-23,15.45
2009-03-20,15.89
2009-03-19,15.89
2009-03-18,16.19
2009-03-17,15.89
2009-03-16,15.6
2009-03-13,15.6
2009-03-12,15.89
2009-03-11,15.89
2009-03-10,15.89
2009-03-09,15.89
2009-03-06,15.16
2009-03-05,15.16
2009-03-04,14.72
2009-03-03,14.27
2009-03-02,14.86
2009-02-27,15.3
2009-02-26,15.01
2009-02-25,14.66
2009-02-24,13.98
2009-02-23,14.72
2009-02-20,15.45
2009-02-19,15.75
2009-02-18,15.89
2009-02-17,16.48
2009-02-16,17.07
2009-02-13,17.22
2009-02-12,17.81
2009-02-11,17.07
2009-02-10,17.07
2009-02-09,17.22
2009-02-06,16.48
2009-02-05,16.33
2009-02-04,17.07
2009-02-03,17.36
2009-02-02,17.66
2009-01-23,17.81
2009-01-22,17.81
2009-01-21,17.66
2009-01-20,17.66
2009-01-19,17.66
2009-01-16,17.66
2009-01-15,17.36
2009-01-14,17.66
2009-01-13,17.51
2009-01-12,17.81
2009-01-09,17.95
2009-01-08,17.66
2009-01-07,17.95
2009-01-06,17.95
2009-01-05,17.95
2009-01-02,17.66
2008-12-31,18.54
2008-12-30,18.54
2008-12-29,17.66
2008-12-26,16.92
2008-12-25,16.19
2008-12-24,15.45
2008-12-23,14.72
