Item,Q4 2005,Q4 2006,Q1 2007,Q2 2007,Q3 2007,Q4 2007,Q1 2008,Q2 2008,Q3 2008,Q4 2008,Q1 2009,Q2 2009,Q3 2009,Q4 2009,Q1 2010,Q2 2010,Q3 2010,Q4 2010,Q1 2011,Q2 2011,Q3 2011,Q4 2011,Q1 2012,Q2 2012,Q3 2012,Q4 2012,Q1 2013,Q2 2013,Q3 2013,Q4 2013,Q1 2014,Q2 2014,Q3 2014,Q4 2014,Q1 2015,Q2 2015,Q3 2015,Q4 2015,Q1 2016,Q2 2016,Q3 2016,Q4 2016,Q1 2017,Q2 2017,Q3 2017,Q4 2017,Q1 2018,Q2 2018,Q3 2018,Q4 2018,Q1 2019,Q2 2019,Q3 2019,Q4 2019,Q1 2020,Q2 2020,Q3 2020,Q4 2020,Q1 2021,Q2 2021,Q3 2021,Q4 2021,Q1 2022,Q2 2022,Q3 2022,Q4 2022,Q1 2023,Q2 2023,Q3 2023
TÀI SẢN,,,,,,,,,,,,,,,,,,,,,,,,,,,,,,,,,,,,,,,,,,,,,,,,,,,,,,,,,,,,,,,,,,,,,
A. Tài sản lưu động và đầu tư ngắn hạn,7133061863.0,70875290258.0,90146055572.0,309709394774.0,300284672276.0,272575742188.0,225867993284.0,195503253294.0,195211315433.0,175912358774.0,172399508488.0,171943408719.0,202682122626.0,193354620881.0,195123751621.0,250385315465.0,281332147201.0,243767338975.0,235751977563.0,232886767814.0,237440808433.0,244838639521.0,250015842690.0,413480166329.0,201352182015.0,193071390501.0,351281988907.0,692099873873.0,622319553861.0,979110568617.0,1450968247165.0,1119460578968.0,1205159771471.0,1272008664441.0,1826505490270.0,2099024077376.0,2103309100636.0,2047506328910.0,1990808255652.0,2113180307538.0,1973215824000.0,2016531195178.0,2051613423244.0,2895115884290.0,3208819565942.0,3038990484596.0,3591184312618.0,4004187857362.0,5581275640982.0,5176607888854.0,4541559001179.0,5097148169718.0,5332806458916.0,5239029363285.0,6356626523984.0,7492281732966.0,8495030873614.0,6208882070733.0,6873390498336.0,7155732220236.0,6779666670912.0,10167059910979.0,10394981987880.0,8553437324296.0,8937655068249.0,10330798429957.0,10074058823779.0,13888739063544.0,13431851705683.0
I. Tiền và các khoản tương đương tiền,4231827323.0,34572707580.0,6579253665.0,6016768704.0,6766303548.0,16627606484.0,103646795723.0,66889616311.0,71994521367.0,54712981239.0,47088465114.0,52749636324.0,34986226811.0,83316276875.0,21690395464.0,46606366460.0,69581491818.0,56985569611.0,106711521763.0,100454247685.0,99840805227.0,68863635206.0,80146351582.0,183699832920.0,57508859700.0,49860270524.0,222447736513.0,137188050764.0,70123448271.0,171410865042.0,865814503125.0,522898236343.0,282010163735.0,343808397430.0,956890172918.0,806164047728.0,714876705498.0,729091664588.0,841799945244.0,901877123522.0,849754380219.0,557790038694.0,668263560317.0,979774647809.0,1005008858256.0,1118786997741.0,975426558572.0,1174115097915.0,2682696791297.0,2543290912306.0,2090041235492.0,1695892133334.0,1598305024655.0,2224414177826.0,3259010422649.0,2874251160606.0,3134014322901.0,2039356316777.0,2676966884678.0,3156885498978.0,2460135399351.0,2719612139056.0,5560574789234.0,2598219500490.0,2042381163466.0,1869288596653.0,1263463930197.0,1023136864911.0,864372626108.0
1. Tiền,4231827323.0,34572707580.0,6579253665.0,,,,,,,,,,,,15195395464.0,22106366460.0,34781491818.0,20225569611.0,10201521763.0,15295546726.0,13832138953.0,10418160277.0,16972535162.0,66519395624.0,19878130634.0,14157439736.0,202896434553.0,39315412993.0,31571699902.0,57932292545.0,31621265979.0,455191573317.0,78895243487.0,150530639435.0,244142800041.0,423046484577.0,436889797019.0,418391664588.0,600379899664.0,514546632652.0,447549209130.0,246129611813.0,441573578253.0,744478086818.0,760015798302.0,651286997741.0,409023988118.0,289490317534.0,1573864503299.0,1030566033965.0,495107175181.0,398429330311.0,719473847577.0,891083897876.0,444218761946.0,603069283621.0,1085818305683.0,628103177546.0,599178945567.0,337946135314.0,441260881695.0,940421505428.0,722764738676.0,785727794780.0,781469992351.0,1081333480667.0,745280582580.0,690081014570.0,525366461033.0
2. Các khoản tương đương tiền,0.0,0.0,0.0,,,,,,,,,,,,6495000000.0,24500000000.0,34800000000.0,36760000000.0,96510000000.0,85158700959.0,86008666274.0,58445474929.0,63173816420.0,117180437296.0,37630729066.0,35702830788.0,19551301960.0,97872637771.0,38551748369.0,113478572497.0,834193237146.0,67706663026.0,203114920248.0,193277757995.0,712747372877.0,383117563151.0,277986908479.0,310700000000.0,241420045580.0,387330490870.0,402205171089.0,311660426881.0,226689982064.0,235296560991.0,244993059954.0,467500000000.0,566402570454.0,884624780381.0,1108832287998.0,1512724878341.0,1594934060311.0,1297462803023.0,878831177078.0,1333330279950.0,2814791660703.0,2271181876985.0,2048196017218.0,1411253139231.0,2077787939111.0,2818939363664.0,2018874517656.0,1779190633628.0,4837810050558.0,1812491705710.0,1260911171115.0,787955115986.0,518183347617.0,333055850341.0,339006165075.0
II. Các khoản đầu tư tài chính ngắn hạn,0.0,26055562700.0,60574912700.0,291271712700.0,201629487700.0,234177687700.0,104578306700.0,109559306700.0,102513752200.0,97173761700.0,95693257800.0,92436742380.0,123741222775.0,59186101322.0,137781590565.0,164187631778.0,175138853594.0,127361473860.0,84105435650.0,37355162306.0,42171814226.0,78470269065.0,56624065326.0,63125358172.0,34851235183.0,37692832899.0,18033617884.0,228197425019.0,246901003222.0,535116519950.0,300209190357.0,288358362775.0,306567750257.0,202082760518.0,262524800531.0,114532266236.0,23627281109.0,4567703097.0,59935881175.0,20790233271.0,19363981871.0,443714523327.0,244241143827.0,264204044327.0,486557034342.0,511593097092.0,355261996386.0,362721845786.0,256416830036.0,240646997704.0,178487792786.0,748591020364.0,1165760923776.0,658639435759.0,729692597127.0,1849007028209.0,1828036822509.0,1239198531436.0,890752632747.0,116879422064.0,72926791888.0,2969112911677.0,247255129939.0,1288188769251.0,1480581869774.0,3156811721921.0,3971955111964.0,7675537668003.0,6976435265936.0
1. Chứng khoán kinh doanh,0.0,26055562700.0,60574912700.0,,,,,,,,,,,,139981590565.0,169583255778.0,176183477594.0,130131844407.0,86642097138.0,39946576759.0,44190295328.0,83436477609.0,61590273870.0,69013612292.0,40598189303.0,50117189303.0,30387951019.0,254891396395.0,274843582413.0,548964698851.0,310286543549.0,297594070127.0,313456234349.0,209151645437.0,273643763773.0,17050967422.0,27574010017.0,6961453629.0,69647541839.0,6211324023.0,3623074023.0,3445594023.0,2998936023.0,2998936023.0,7617680849.0,6617680849.0,6617680849.0,6617680849.0,6522230849.0,6522230849.0,6522230849.0,6522230849.0,6522230849.0,6522230849.0,406522230849.0,1656522230849.0,1655886068849.0,906681068849.0,755886068849.0,5886068849.0,5698391849.0,2901069168287.0,6112191849.0,1106112187386.0,1106082187386.0,2206112201485.0,3306112199978.0,6676112190342.0,6676112191849.0
2. Dự phòng giảm giá chứng khoán kinh doanh,0.0,0.0,0.0,,,,,,,,,,,,-2200000000.0,-5395624000.0,-1044624000.0,-2770370547.0,-2536661488.0,-2591414453.0,-2018481102.0,-4966208544.0,-4966208544.0,-5888254120.0,-5746954120.0,-12424356404.0,-12354333135.0,-26693971376.0,-27942579191.0,-13848178901.0,-10077353192.0,-9235707352.0,-6888484092.0,-7068884919.0,-11118963242.0,-2518701186.0,-3946728908.0,-3294639456.0,-9711660664.0,-2518410196.0,-1356411596.0,-1041070696.0,-1067792196.0,-1104891696.0,-2756424285.0,-2762361535.0,-3077472963.0,-2383327563.0,-3105400813.0,-3275233145.0,-3121963063.0,-2813935485.0,-3011931390.0,-3186570090.0,-3333408722.0,-3426052640.0,-3260096340.0,-2415739468.0,-2166638157.0,-2100222812.0,-2084799961.0,-1785249761.0,-1821561061.0,-2341885762.0,-2737082739.0,-3155720489.0,-2969989939.0,-2513082434.0,-2259225734.0
3. Đầu tư nắm giữ đến ngày đáo hạn,0.0,0.0,0.0,,,,,,,,,,,,0.0,0.0,0.0,0.0,0.0,0.0,0.0,0.0,0.0,0.0,0.0,0.0,0.0,0.0,0.0,0.0,0.0,0.0,0.0,0.0,0.0,100000000000.0,0.0,900888924.0,0.0,17097319444.0,17097319444.0,441310000000.0,242310000000.0,262310000000.0,481695777778.0,507737777778.0,351721788500.0,358487492500.0,253000000000.0,237400000000.0,175087525000.0,744882725000.0,1162250624317.0,655303775000.0,326503775000.0,195910850000.0,175410850000.0,334933202055.0,137033202055.0,113093576027.0,69313200000.0,69828993151.0,242964499151.0,184418467627.0,377236765127.0,953855240925.0,668812901925.0,1001938560095.0,302582299821.0
III. Các khoản phải thu ngắn hạn,2749057530.0,7240321366.0,10809242260.0,9124734112.0,89089294859.0,14073043836.0,14397374927.0,15921372403.0,17022982295.0,19071133263.0,21738520009.0,20504262511.0,36520341334.0,44177661395.0,26354121616.0,26745191617.0,24655249106.0,48628447640.0,30147192480.0,79846635755.0,78914897572.0,82874637462.0,96779369748.0,147926865480.0,91172518482.0,91329217529.0,94777914437.0,194673695011.0,184163556921.0,153301968636.0,166869565020.0,177662071580.0,306091722039.0,355425540053.0,319944010437.0,525880341497.0,483654754966.0,569531955601.0,434190543422.0,384204094777.0,417593865477.0,421850711033.0,529940758184.0,653681251600.0,733276551457.0,635483912040.0,814775268655.0,722938668091.0,925932374180.0,796679664180.0,817241071728.0,1011887284444.0,848632283876.0,816719364724.0,740380094809.0,798790080336.0,1434291739750.0,1378053243936.0,1613047596777.0,1376008801363.0,1873414879485.0,1747477931819.0,1849125895199.0,1530744882743.0,1988546988235.0,2082234824955.0,1635669810351.0,1237212287903.0,1656766538661.0
1. Phải thu ngắn hạn của khách hàng,2716953585.0,6670772285.0,9077909821.0,,,,,,,,,,,,25896143797.0,25595986388.0,24121534571.0,20073481769.0,27009876946.0,28088047000.0,28155482147.0,30268777185.0,45692041329.0,40774333259.0,40352869392.0,39915402531.0,44098503354.0,134346032943.0,113567349210.0,91882278456.0,97301537890.0,117044990494.0,210713422109.0,204419184975.0,213981128504.0,367287015163.0,396101522878.0,482010977838.0,333622082747.0,296427414754.0,331192411229.0,323326376510.0,341504819977.0,381313632623.0,466589580081.0,563251676527.0,670202648241.0,633439099095.0,846125212149.0,735137017125.0,690345128037.0,851467436565.0,664266563749.0,747032848751.0,563035759671.0,694501472628.0,890534666092.0,964243355814.0,743081018824.0,772169676281.0,1190204834738.0,994538015780.0,1241964738242.0,1341622839969.0,1513512135956.0,1357210937550.0,1328279850506.0,1056224221849.0,1429819089330.0
2. Trả trước cho người bán,32103945.0,381862771.0,1145738932.0,,,,,,,,,,,,568134859.0,1142699363.0,533452155.0,25983434260.0,512740834.0,51835180456.0,50489700894.0,51889929521.0,50995870614.0,50772340210.0,50375621588.0,51134848432.0,50678625712.0,60035719349.0,57570490563.0,53302610913.0,53749058132.0,53110910544.0,65619745910.0,68065313610.0,72047808198.0,77935047514.0,47490793860.0,27611079167.0,48177043589.0,42450429331.0,47383629392.0,53161058535.0,120912327603.0,219016159055.0,207797079789.0,43061136249.0,91566418738.0,69204731245.0,67906916000.0,78144464568.0,128394670801.0,164302767822.0,198087260978.0,71105374719.0,110049681793.0,45891388680.0,473505122102.0,43060227138.0,437086471061.0,213333644291.0,290447193189.0,146038953306.0,258418958727.0,158748223509.0,189919263703.0,128773219155.0,160659521232.0,113367733128.0,121095071651.0
3. Phải thu nội bộ ngắn hạn,0.0,0.0,400000000.0,,,,,,,,,,,,0.0,0.0,0.0,0.0,0.0,0.0,0.0,0.0,0.0,0.0,0.0,0.0,0.0,0.0,0.0,0.0,0.0,0.0,0.0,0.0,0.0,0.0,0.0,0.0,0.0,0.0,0.0,0.0,0.0,0.0,0.0,0.0,0.0,0.0,0.0,0.0,0.0,0.0,0.0,0.0,0.0,0.0,0.0,0.0,0.0,0.0,0.0,0.0,0.0,0.0,0.0,0.0,0.0,0.0,0.0
4. Phải thu theo tiến độ hợp đồng xây dựng,0.0,0.0,0.0,,,,,,,,,,,,0.0,0.0,0.0,0.0,1050000000.0,0.0,0.0,0.0,0.0,0.0,0.0,0.0,0.0,0.0,0.0,0.0,0.0,0.0,0.0,0.0,0.0,0.0,0.0,0.0,0.0,0.0,0.0,0.0,0.0,0.0,0.0,0.0,0.0,0.0,0.0,0.0,0.0,0.0,0.0,0.0,0.0,0.0,0.0,0.0,0.0,0.0,0.0,0.0,0.0,0.0,0.0,0.0,0.0,0.0,0.0
5. Phải thu về cho vay ngắn hạn,0.0,0.0,0.0,,,,,,,,,,,,0.0,0.0,0.0,0.0,0.0,0.0,0.0,0.0,0.0,0.0,0.0,0.0,0.0,0.0,0.0,0.0,0.0,0.0,0.0,0.0,0.0,365000000.0,200000000.0,200000000.0,200000000.0,200000000.0,200000000.0,200000000.0,200000000.0,160000000.0,0.0,0.0,0.0,0.0,0.0,0.0,0.0,600000000.0,0.0,0.0,0.0,0.0,3576744000.0,344747977683.0,350078093683.0,350078093683.0,383078093683.0,566978093683.0,295936762175.0,11248976000.0,263958976000.0,574428976000.0,74313976000.0,24613976000.0,66079288847.0
6. Phải thu ngắn hạn khác,0.0,187686310.0,185593507.0,,,,,,,,,,,,74072200.0,190735106.0,184491620.0,2771832851.0,1774875940.0,123709539.0,379285771.0,825501996.0,225137045.0,56513871251.0,577706742.0,416431473.0,138250278.0,1016274099.0,13750048528.0,8841410647.0,16543300378.0,8230501922.0,34189882845.0,87557667899.0,38571742853.0,86911159600.0,50438027770.0,69893845075.0,62116716741.0,55284941109.0,49712145524.0,55902936028.0,77680312401.0,64912852564.0,74496394156.0,61704088082.0,100603953594.0,66911570543.0,58543303219.0,49042204272.0,65143991676.0,62318774308.0,53066787325.0,69313855559.0,138733274333.0,134860738749.0,141734026548.0,99505857411.0,153211726449.0,108361590566.0,62826766393.0,109712846309.0,123298431777.0,88468024504.0,89363328397.0,75965251924.0,128655182608.0,96418727100.0,94858114173.0
7. Dự phòng phải thu ngắn hạn khó đòi,0.0,0.0,0.0,,,,,,,,,,,,-184229240.0,-184229240.0,-184229240.0,-200301240.0,-200301240.0,-200301240.0,-109571240.0,-109571240.0,-133679240.0,-133679240.0,-133679240.0,-137464907.0,-137464907.0,-724331380.0,-724331380.0,-724331380.0,-724331380.0,-724331380.0,-4431328825.0,-4616626431.0,-4656669118.0,-6617880780.0,-10575589542.0,-10183946479.0,-9925299655.0,-10158690417.0,-10894320668.0,-10739660040.0,-10356701797.0,-11721392642.0,-15606502569.0,-32532988818.0,-47597751918.0,-46616732792.0,-46643057188.0,-65644021785.0,-66642718786.0,-66801694251.0,-66788328176.0,-70732714305.0,-71438620988.0,-76463519721.0,-75058818992.0,-73504174110.0,-70409713240.0,-67934203458.0,-53142008518.0,-69789977259.0,-70492995722.0,-69343181239.0,-68206715821.0,-54143559674.0,-56238719995.0,-53412370174.0,-55085025340.0
IV. Tổng hàng tồn kho,115377010.0,1331426808.0,1481233012.0,1761917651.0,2085110690.0,2122138814.0,2406017418.0,2207095935.0,2354233585.0,2223897622.0,5690645305.0,5275070210.0,6690346553.0,5645193941.0,7742012179.0,8181356441.0,9562881783.0,8042761979.0,11420316329.0,11261352775.0,12768886341.0,11144054555.0,12589472076.0,14126795004.0,13445050509.0,9647817584.0,10945206610.0,116988505460.0,102949567660.0,98476461651.0,99163268156.0,108442060866.0,275473523476.0,334090608600.0,253844253630.0,636174367571.0,861160909105.0,722319473407.0,635327798089.0,788255970794.0,658276348484.0,550139086475.0,573993374724.0,957099253650.0,924851781142.0,720268480098.0,1374275675918.0,1663594590132.0,1628472957340.0,1504895828352.0,1380081455181.0,1547365974164.0,1621417988313.0,1438881198202.0,1511730999428.0,1850798566837.0,1957129039252.0,1456043959898.0,1586843320482.0,2384449360587.0,2229615341017.0,2591910503199.0,2583013138384.0,2977474382757.0,3242252752810.0,3041050074902.0,3018263260140.0,3747806597261.0,3747234749105.0
1. Hàng tồn kho,115377010.0,1331426808.0,1481233012.0,,,,,,,,,,,,7742012179.0,8181356441.0,9562881783.0,8042761979.0,11420316329.0,11261352775.0,12768886341.0,11144054555.0,12895478054.0,14263257585.0,13581513090.0,9772488102.0,11069877128.0,131234739583.0,117195801783.0,111105055648.0,113335404631.0,122614197341.0,291402113582.0,353521821637.0,266690766372.0,658796815795.0,876524792021.0,746120663005.0,640643023359.0,794807733617.0,665506616641.0,558072398831.0,583306555469.0,965408848745.0,943183402121.0,738491581938.0,1389948854604.0,1704359256230.0,1666309388869.0,1526779184589.0,1410415044601.0,1575759353870.0,1651388035085.0,1470480568495.0,1545477555043.0,1887814075609.0,1993161980159.0,1491038542633.0,1617215027330.0,2415866282375.0,2259972262805.0,2690618600059.0,2680878285754.0,3075856136390.0,3351943911411.0,3132704001927.0,3109027794630.0,3835277752352.0,3835449829508.0
2. Dự phòng giảm giá hàng tồn kho,0.0,0.0,0.0,,,,,,,,,,,,0.0,0.0,0.0,0.0,0.0,0.0,0.0,0.0,-306005978.0,-136462581.0,-136462581.0,-124670518.0,-124670518.0,-14246234123.0,-14246234123.0,-12628593997.0,-14172136475.0,-14172136475.0,-15928590106.0,-19431213037.0,-12846512742.0,-22622448224.0,-15363882916.0,-23801189598.0,-5315225270.0,-6551762823.0,-7230268157.0,-7933312356.0,-9313180745.0,-8309595095.0,-18331620979.0,-18223101840.0,-15673178686.0,-40764666098.0,-37836431529.0,-21883356237.0,-30333589420.0,-28393379706.0,-29970046772.0,-31599370293.0,-33746555615.0,-37015508772.0,-36032940907.0,-34994582735.0,-30371706848.0,-31416921788.0,-30356921788.0,-98708096860.0,-97865147370.0,-98381753633.0,-109691158601.0,-91653927025.0,-90764534490.0,-87471155091.0,-88215080403.0
V. Tài sản ngắn hạn khác,36800000.0,1675271804.0,10701413935.0,1534261607.0,714475479.0,5575265354.0,839498516.0,925861945.0,1325825986.0,2730584950.0,2188620260.0,977697294.0,743985153.0,1029387348.0,1555631797.0,4664769169.0,2393670900.0,2749085885.0,3367511341.0,3969369293.0,3744405067.0,3486043233.0,3876583958.0,4601314753.0,4374518141.0,4541251965.0,5077513463.0,15052197619.0,18181977787.0,20804753338.0,18911720507.0,22099847404.0,35016611964.0,36601357840.0,33302252754.0,16273054344.0,19989449958.0,21995532217.0,19554087722.0,18052885174.0,28227247949.0,43036835649.0,35174586192.0,40356686904.0,59125340745.0,52857997625.0,71444813087.0,80817655438.0,87756688129.0,91094486312.0,75707445992.0,93411757412.0,98690238296.0,100375186774.0,115812409971.0,119434896978.0,141558949202.0,96230018686.0,105780063652.0,121509137244.0,143574259171.0,138946425228.0,155013035124.0,158809789055.0,183892293964.0,181413211526.0,184706711127.0,205045645466.0,187042525873.0
1. Chi phí trả trước ngắn hạn,36800000.0,426017307.0,0.0,,,,,,,,,,,,5216208.0,699430.0,0.0,178658830.0,11847122.0,794133164.0,465960503.0,303000419.0,599995654.0,1993168512.0,1692250213.0,873333743.0,988674244.0,1945902750.0,2321561183.0,3145401201.0,1567707944.0,2675892822.0,3423167276.0,4762983293.0,2074377085.0,5153893681.0,6066206548.0,7594461836.0,7760743138.0,5866732357.0,11700998209.0,21564109670.0,6344730062.0,8357077050.0,10996713138.0,15098823916.0,14426077531.0,18779708366.0,20800411979.0,16253401083.0,14417267887.0,17694899170.0,18899139808.0,19145333074.0,22577842585.0,31448604635.0,29269873581.0,25483714941.0,25760588625.0,21618001707.0,19241178840.0,20004834657.0,29342432731.0,25555563210.0,36184595936.0,39894573870.0,40022729656.0,78057515538.0,66649893930.0
2. Thuế giá trị gia tăng được khấu trừ,0.0,0.0,0.0,,,,,,,,,,,,197860945.0,85816066.0,189308691.0,366488273.0,342498018.0,299397947.0,275101832.0,608883278.0,221325582.0,149895494.0,211971523.0,86195631.0,170019207.0,8297547538.0,10722483958.0,14800740105.0,13892448445.0,17132262329.0,10769575505.0,11507264571.0,9811611713.0,10874726276.0,13479477586.0,13200546540.0,11558200367.0,11270951036.0,15732028596.0,20762218244.0,27941770618.0,31210673888.0,46426263564.0,37590584703.0,55890303307.0,61763142400.0,65815060850.0,73819603992.0,59582712943.0,75004520674.0,78596192259.0,76609449282.0,74382770259.0,80244188745.0,104658317863.0,65532906796.0,73044598133.0,90868561601.0,115787297506.0,113842633527.0,117387294281.0,118571478411.0,141515184410.0,128144079986.0,123878462341.0,109623324211.0,103046373279.0
3. Thuế và các khoản phải thu Nhà nước,0.0,0.0,0.0,,,,,,,,,,,,0.0,0.0,929200754.0,1228614921.0,1241297800.0,1241297800.0,1452295220.0,1241297800.0,879882248.0,0.0,0.0,995015078.0,736726858.0,647232499.0,995015078.0,995015078.0,1073174217.0,22763737.0,126160292.0,0.0,30126928.0,182843277.0,443765824.0,1200523841.0,235144217.0,915201781.0,789887626.0,710507735.0,884015897.0,788935966.0,755301773.0,168589006.0,545341265.0,274804672.0,193277177.0,420521117.0,814144682.0,712337568.0,417370879.0,4185820681.0,18851797127.0,7742103598.0,7630757758.0,5213396949.0,6198760664.0,9022573936.0,7688905995.0,5098957044.0,8283308112.0,14682747434.0,6192513618.0,13374557670.0,20805519130.0,17364805717.0,17346258664.0
4. Giao dịch mua bán lại trái phiếu chính phủ,0.0,0.0,0.0,,,,,,,,,,,,0.0,0.0,0.0,0.0,0.0,0.0,0.0,0.0,0.0,0.0,0.0,0.0,0.0,0.0,0.0,0.0,0.0,0.0,0.0,0.0,0.0,0.0,0.0,0.0,0.0,0.0,0.0,0.0,0.0,0.0,0.0,0.0,0.0,0.0,947938123.0,0.0,0.0,0.0,0.0,0.0,0.0,0.0,0.0,0.0,0.0,0.0,0.0,0.0,0.0,0.0,0.0,0.0,0.0,0.0,0.0
5. Tài sản ngắn hạn khác,0.0,1249254497.0,10701413935.0,,,,,,,,,,,,1352554644.0,4578253673.0,1275161455.0,975323861.0,1771868401.0,1634540382.0,1551047512.0,1332861736.0,2175380474.0,2458250747.0,2470296405.0,2586707513.0,3182093154.0,4161514832.0,4142917568.0,1863596954.0,2378389901.0,2268928516.0,20697708891.0,20331109976.0,21386137028.0,61591110.0,0.0,0.0,0.0,0.0,4333518.0,0.0,4069615.0,0.0,947062270.0,0.0,583090984.0,0.0,0.0,600960120.0,893320480.0,0.0,777535350.0,434583737.0,0.0,0.0,0.0,0.0,776116230.0,0.0,856876830.0,0.0,0.0,0.0,0.0,0.0,0.0,0.0,0.0
B. Tài sản cố định và đầu tư dài hạn,3593348130.0,18920931995.0,20481877835.0,29503437069.0,28370934256.0,28764297094.0,30679916714.0,31386438740.0,32184147488.0,38259556425.0,35862201959.0,42584083368.0,40774799249.0,40862273492.0,43964768671.0,43834323278.0,43831324188.0,52798011667.0,50155564094.0,49175713941.0,48851425364.0,46313434094.0,44270034089.0,42375054583.0,171190778149.0,175508134522.0,282807197945.0,273349829078.0,282552569683.0,141897463900.0,146169436960.0,443010345174.0,774785362209.0,921321933804.0,1173638827962.0,1532614560311.0,1633136839941.0,1647801041961.0,1618596553683.0,1659290947731.0,1689754173382.0,1745446596553.0,1814519774634.0,1842233708196.0,2555474192652.0,2960018397246.0,3625495793818.0,3600811240662.0,3573826424641.0,4261588576689.0,4503246734760.0,4574325837508.0,4784090213515.0,5573573972241.0,5567387396798.0,5188473674463.0,5138433522686.0,5170522322623.0,5055620428599.0,4992850813033.0,4981834579856.0,4959738843639.0,4800025225657.0,5138349074677.0,5326751805416.0,5723444099718.0,5938295557168.0,5975180674601.0,5897297584682.0
I. Các khoản phải thu dài hạn,238174658.0,417332079.0,805667440.0,1666284990.0,1016987990.0,962192990.0,177865281.0,177865281.0,177865281.0,177865281.0,0.0,0.0,0.0,0.0,0.0,0.0,0.0,0.0,0.0,0.0,0.0,0.0,0.0,0.0,0.0,0.0,0.0,0.0,0.0,0.0,0.0,0.0,0.0,0.0,0.0,572090208.0,579224208.0,819823208.0,464620560.0,497620560.0,497870560.0,215020000.0,189880000.0,189535000.0,157535000.0,150955000.0,178915000.0,178915000.0,104200000.0,147160000.0,147360000.0,3315210000.0,147360000.0,397211000.0,1892311000.0,377211000.0,307011000.0,4507011000.0,8087868113.0,4530011000.0,4530011000.0,5966179891.0,5953118930.0,1684209160.0,1491910036.0,1253650148.0,1960234385.0,1977763582.0,3964495329.0
1. Phải thu dài hạn của khách hàng,0.0,0.0,0.0,,,,,,,,0.0,0.0,0.0,0.0,0.0,0.0,0.0,0.0,0.0,0.0,0.0,0.0,0.0,0.0,0.0,0.0,0.0,0.0,0.0,0.0,0.0,0.0,0.0,0.0,0.0,0.0,0.0,0.0,0.0,0.0,0.0,0.0,0.0,0.0,0.0,0.0,0.0,0.0,0.0,0.0,0.0,0.0,0.0,0.0,0.0,0.0,0.0,0.0,0.0,0.0,0.0,0.0,0.0,0.0,0.0,0.0,0.0,0.0,0.0
2. Vốn kinh doanh tại các đơn vị trực thuộc,0.0,0.0,0.0,,,,,,,,0.0,0.0,0.0,0.0,0.0,0.0,0.0,0.0,0.0,0.0,0.0,0.0,0.0,0.0,0.0,0.0,0.0,0.0,0.0,0.0,0.0,0.0,0.0,0.0,0.0,0.0,0.0,0.0,0.0,0.0,0.0,0.0,0.0,0.0,0.0,0.0,0.0,0.0,0.0,0.0,0.0,0.0,0.0,0.0,0.0,0.0,0.0,0.0,0.0,0.0,0.0,0.0,0.0,0.0,0.0,0.0,0.0,0.0,0.0
3. Phải thu dài hạn nội bộ,0.0,0.0,0.0,,,,,,,,0.0,0.0,0.0,0.0,0.0,0.0,0.0,0.0,0.0,0.0,0.0,0.0,0.0,0.0,0.0,0.0,0.0,0.0,0.0,0.0,0.0,0.0,0.0,0.0,0.0,0.0,0.0,0.0,0.0,0.0,0.0,0.0,0.0,0.0,0.0,0.0,0.0,0.0,0.0,0.0,0.0,0.0,0.0,0.0,0.0,0.0,0.0,0.0,0.0,0.0,0.0,0.0,0.0,0.0,0.0,0.0,0.0,0.0,0.0
4. Phải thu về cho vay dài hạn,0.0,0.0,0.0,,,,,,,,0.0,0.0,0.0,0.0,0.0,0.0,0.0,0.0,0.0,0.0,0.0,0.0,0.0,0.0,0.0,0.0,0.0,0.0,0.0,0.0,0.0,0.0,0.0,0.0,0.0,0.0,0.0,0.0,0.0,0.0,0.0,0.0,0.0,0.0,0.0,0.0,0.0,0.0,0.0,0.0,0.0,0.0,0.0,0.0,0.0,0.0,0.0,0.0,0.0,0.0,0.0,0.0,0.0,0.0,0.0,0.0,0.0,0.0,0.0
5. Phải thu dài hạn khác,238174658.0,417332079.0,805667440.0,,,,,,,,0.0,0.0,0.0,0.0,0.0,0.0,0.0,0.0,0.0,0.0,0.0,0.0,0.0,0.0,0.0,0.0,0.0,0.0,0.0,0.0,0.0,0.0,0.0,0.0,0.0,572090208.0,579224208.0,819823208.0,464620560.0,497620560.0,497870560.0,215020000.0,189880000.0,189535000.0,157535000.0,150955000.0,178915000.0,178915000.0,104200000.0,147160000.0,147360000.0,3315210000.0,147360000.0,397211000.0,1892311000.0,377211000.0,307011000.0,4507011000.0,8087868113.0,4530011000.0,4530011000.0,5966179891.0,5953118930.0,1684209160.0,1491910036.0,1433650148.0,1960234385.0,1977763582.0,3964495329.0
6. Dự phòng phải thu dài hạn khó đòi,0.0,0.0,0.0,,,,,,,,0.0,0.0,0.0,0.0,0.0,0.0,0.0,0.0,0.0,0.0,0.0,0.0,0.0,0.0,0.0,0.0,0.0,0.0,0.0,0.0,0.0,0.0,0.0,0.0,0.0,0.0,0.0,0.0,0.0,0.0,0.0,0.0,0.0,0.0,0.0,0.0,0.0,0.0,0.0,0.0,0.0,0.0,0.0,0.0,0.0,0.0,0.0,0.0,0.0,0.0,0.0,0.0,0.0,0.0,0.0,-180000000.0,0.0,0.0,0.0
II. Tài sản cố định,3355173472.0,17262201954.0,6851454245.0,9478423255.0,20085816415.0,19609089517.0,9881675753.0,9772891488.0,9474781226.0,12229967481.0,10992799394.0,24110938594.0,23288291192.0,23766862047.0,23102904265.0,22217542427.0,23705741747.0,24098904642.0,22590147430.0,21439475726.0,20614129970.0,20032553975.0,19321352446.0,18310770326.0,17986678508.0,18054028765.0,18160194769.0,57133553476.0,66364985447.0,71893440512.0,70826003869.0,68661248253.0,126691096374.0,123373885904.0,235200296767.0,540964294239.0,588352458532.0,693933419764.0,673256232744.0,669296766940.0,668507803870.0,668302084468.0,676879492244.0,672497371598.0,1436097626781.0,1712323857838.0,2594237774136.0,2678941641305.0,2675465089580.0,3125643569011.0,3088004481999.0,3035955342982.0,3059385760606.0,3051025640773.0,3242201602972.0,3547801818332.0,3572121392124.0,3521304521230.0,3439102896644.0,3373563071203.0,3297882779076.0,3402058684884.0,3233708558078.0,3318526271470.0,3536676021305.0,4187023174333.0,4067314042509.0,4156262050905.0,4171040000763.0
1. Tài sản cố định hữu hình,2161430139.0,4022859907.0,2793208128.0,3221588481.0,3337589557.0,3206936675.0,3822801391.0,4063148339.0,4115404872.0,6717754723.0,5909854410.0,19414849648.0,19065115534.0,19925028978.0,20361911350.0,19565828307.0,20612429808.0,22013789735.0,20467431084.0,21008478226.0,20243487898.0,19715874116.0,19321352446.0,18310770326.0,17969178508.0,18038028765.0,18145694769.0,50305644611.0,51121794532.0,56813521117.0,55909355994.0,53907871898.0,105650905927.0,102780464618.0,99186882360.0,193695301313.0,242111547327.0,348734837224.0,328863253393.0,326366337464.0,326932858448.0,319672900353.0,329505118024.0,334019562700.0,524436618599.0,806991734047.0,1075531556082.0,1160019309559.0,1168476283644.0,1177360154935.0,1152849772166.0,1128846210335.0,1161325376069.0,1160959068072.0,1380421883225.0,1783431359185.0,1827780187673.0,1796242031101.0,1747367346734.0,1705690971250.0,1650592186933.0,1721197639787.0,1644579331241.0,1747716181742.0,1981574326280.0,1990694314449.0,2262203515092.0,2373800704944.0,2406094237288.0
Nguyên giá,3563830484.0,6926837672.0,5959060850.0,,,,,,,,,,,,24263718274.0,27330561867.0,29229342066.0,31719088384.0,29598942277.0,32810094425.0,35177722184.0,33582831033.0,36033272783.0,35700173995.0,36935353452.0,38020777613.0,38933286883.0,117696457265.0,121098454599.0,122819657521.0,124358411944.0,124967238624.0,229729579517.0,230209570390.0,231251077807.0,388635614655.0,474211081406.0,589095370213.0,563437380665.0,571065301574.0,581351213160.0,583130949640.0,601744722489.0,612903377103.0,1222373955055.0,1521607982247.0,2182806502176.0,2306126490309.0,2356150783753.0,2406880687938.0,2418347925331.0,2436448149150.0,2526520546001.0,2571197720979.0,2834018282256.0,3300503801680.0,3402042419294.0,3356213139522.0,3255037908685.0,3381164445434.0,3384477843419.0,3619291992615.0,3356323382037.0,3519563292271.0,3869066025599.0,3943404219055.0,4286921791011.0,4465187453088.0,4589806071946.0
Giá trị hao mòn lũy kế,-1402400345.0,-2903977765.0,-3165852722.0,,,,,,,,,,,,-3901806924.0,-7764733560.0,-8616912258.0,-9705298649.0,-9131511193.0,-11801616199.0,-14934234286.0,-13866956917.0,-16711920337.0,-17389403669.0,-18966174944.0,-19982748848.0,-20787592114.0,-67390812654.0,-69976660067.0,-66006136404.0,-68449055950.0,-71059366726.0,-124078673590.0,-127429105772.0,-132064195447.0,-194940313342.0,-232099534079.0,-240360532989.0,-234574127272.0,-244698964110.0,-254418354712.0,-263458049287.0,-272239604465.0,-278883814403.0,-697937336456.0,-714616248200.0,-1107274946094.0,-1146107180750.0,-1187674500109.0,-1229520533003.0,-1265498153165.0,-1307601938815.0,-1365195169932.0,-1410238652907.0,-1453596399031.0,-1517072442495.0,-1574262231621.0,-1559971108421.0,-1507670561951.0,-1675473474184.0,-1733885656486.0,-1898094352828.0,-1711744050796.0,-1771847110529.0,-1887491699319.0,-1952709904606.0,-2024718275919.0,-2091386748144.0,-2183711834658.0
2. Tài sản cố định thuê tài chính,1193743333.0,3274950923.0,4058246117.0,6256834774.0,5629570877.0,5287018219.0,6030703506.0,5685093651.0,5338248214.0,5494605976.0,5031552679.0,4651879780.0,4186149630.0,3811990180.0,2718333163.0,2632716149.0,3077975748.0,2073440497.0,2114703716.0,424319808.0,365829034.0,316058308.0,0.0,0.0,0.0,0.0,0.0,0.0,0.0,0.0,0.0,0.0,0.0,0.0,0.0,0.0,0.0,0.0,0.0,0.0,0.0,0.0,0.0,0.0,0.0,0.0,0.0,0.0,0.0,0.0,0.0,0.0,0.0,0.0,0.0,0.0,0.0,0.0,0.0,0.0,0.0,0.0,0.0,0.0,0.0,0.0,0.0,0.0,0.0
Nguyên giá,1318354421.0,4010505606.0,4708388003.0,,,,,,,,,,,,4216094794.0,5859726300.0,8464688774.0,5859726300.0,5859726300.0,2306264929.0,2306264929.0,2218051234.0,0.0,0.0,0.0,0.0,0.0,0.0,0.0,0.0,0.0,0.0,0.0,0.0,0.0,0.0,0.0,0.0,0.0,0.0,0.0,0.0,0.0,0.0,0.0,0.0,0.0,0.0,0.0,0.0,0.0,0.0,0.0,0.0,0.0,0.0,0.0,0.0,0.0,0.0,0.0,0.0,0.0,0.0,0.0,0.0,0.0,0.0,0.0
Giá trị hao mòn lũy kế,-124611088.0,-735554683.0,-650141886.0,,,,,,,,,,,,-1497761631.0,-3227010151.0,-5386713026.0,-3786285803.0,-3745022584.0,-1881945121.0,-1940435895.0,-1901992926.0,0.0,0.0,0.0,0.0,0.0,0.0,0.0,0.0,0.0,0.0,0.0,0.0,0.0,0.0,0.0,0.0,0.0,0.0,0.0,0.0,0.0,0.0,0.0,0.0,0.0,0.0,0.0,0.0,0.0,0.0,0.0,0.0,0.0,0.0,0.0,0.0,0.0,0.0,0.0,0.0,0.0,0.0,0.0,0.0,0.0,0.0,0.0
3. Tài sản cố định vô hình,0.0,9964391124.0,0.0,0.0,11118655981.0,11115134623.0,28170856.0,24649498.0,21128140.0,17606782.0,51392305.0,44209166.0,37026028.0,29842889.0,22659752.0,18997971.0,15336191.0,11674410.0,8012630.0,6677692.0,4813038.0,621551.0,0.0,0.0,17500000.0,16000000.0,14500000.0,6827908865.0,15243190915.0,15079919395.0,14916647875.0,14753376355.0,21040190447.0,20593421286.0,136013414407.0,347268992926.0,346240911205.0,345198582540.0,344392979351.0,342930429476.0,341574945422.0,348629184115.0,347374374220.0,338477808898.0,911661008182.0,905332123791.0,1518706218054.0,1518922331746.0,1506988805936.0,1948283414076.0,1935154709833.0,1907109132647.0,1898060384537.0,1890066572701.0,1861779719747.0,1764370459147.0,1744341204451.0,1725062490129.0,1691735549910.0,1667872099953.0,1647290592143.0,1680861045097.0,1589129226837.0,1570810089728.0,1555101695025.0,2196328859884.0,1805110527417.0,1782461345961.0,1764945763475.0
Nguyên giá,0.0,9964391124.0,0.0,0.0,,,,,,,,,,,86197649.0,86197649.0,86197649.0,86197649.0,86197649.0,86197649.0,86197649.0,86197649.0,86197649.0,86197649.0,104197649.0,104197649.0,104197649.0,8120361076.0,16593006576.0,16593006576.0,16593006576.0,16593006576.0,27635393576.0,27736811376.0,143950431087.0,360212240764.0,360408870264.0,360823214774.0,361148100686.0,361179540686.0,361179540686.0,369473620846.0,369473620846.0,361853690686.0,947682048274.0,948524048274.0,1572863626649.0,1602952211313.0,1605994000918.0,2083645988613.0,2090786592773.0,2083752293474.0,2095118045300.0,2109661957042.0,2102293013639.0,2017813671794.0,2017430796039.0,2018830796039.0,2006179851039.0,2003585796530.0,2003060377358.0,2071028017010.0,1989487186183.0,1991232498183.0,1996813686379.0,2670312113765.0,2301068404089.0,2301600977084.0,2305759727085.0
Giá trị hao mòn lũy kế,0.0,0.0,0.0,0.0,,,,,,,,,,,-63537897.0,-67199678.0,-70861458.0,-74523239.0,-78185019.0,-79519957.0,-81384611.0,-85576098.0,-86197649.0,-86197649.0,-86697649.0,-88197649.0,-89697649.0,-1292452211.0,-1349815661.0,-1513087181.0,-1676358701.0,-1839630221.0,-6595203129.0,-7143390090.0,-7937016680.0,-12943247838.0,-14167959059.0,-15624632234.0,-16755121335.0,-18249111210.0,-19604595264.0,-20844436731.0,-22099246626.0,-23375881788.0,-36021040092.0,-43191924483.0,-54157408595.0,-84029879567.0,-99005194982.0,-135362574537.0,-155631882940.0,-176643160827.0,-197057660763.0,-219595384341.0,-240513293892.0,-253443212647.0,-273089591588.0,-293768305910.0,-314444301129.0,-335713696577.0,-355769785215.0,-390166971913.0,-400357959346.0,-420422408455.0,-441711991354.0,-473983253881.0,-495957876672.0,-519139631123.0,-540813963610.0
III. Bất động sản đầu tư,0.0,0.0,0.0,0.0,0.0,0.0,0.0,0.0,0.0,0.0,0.0,0.0,0.0,0.0,0.0,0.0,0.0,0.0,0.0,0.0,0.0,0.0,0.0,0.0,0.0,0.0,0.0,0.0,0.0,0.0,0.0,0.0,0.0,0.0,0.0,0.0,4388507638.0,4242966547.0,2149364187.0,2098454139.0,2047544091.0,1996634043.0,1945723995.0,1894813947.0,1843903899.0,1792993898.0,1841915184.0,1782522665.0,1731966044.0,74150913.0,70028139.0,65905365.0,61782591.0,57659817.0,53537043.0,49414269.0,45291495.0,41168721.0,23264271209.0,23377051329.0,22957831449.0,42988719520.0,42379498327.0,41771651392.0,37093776200.0,53774719287.0,413656473246.0,412991438945.0,412356836683.0
Nguyên giá,0.0,0.0,0.0,0.0,0.0,0.0,0.0,0.0,0.0,0.0,0.0,0.0,0.0,0.0,0.0,0.0,0.0,0.0,0.0,0.0,0.0,0.0,0.0,0.0,0.0,0.0,0.0,0.0,0.0,0.0,0.0,0.0,0.0,0.0,0.0,0.0,13249634175.0,13249634175.0,4515304012.0,4515304012.0,4515304012.0,4515304012.0,4515304012.0,4515304012.0,4515304012.0,4515304012.0,5183449448.0,5183449448.0,5183449448.0,668145436.0,668145436.0,668145436.0,668145436.0,668145436.0,668145436.0,668145436.0,668145436.0,668145436.0,25931006918.0,26463006918.0,26463006918.0,58179640929.0,58179640929.0,58179640929.0,54110986929.0,71366525120.0,434914879941.0,434914879941.0,434914879941.0
Giá trị hao mòn lũy kế,0.0,0.0,0.0,0.0,0.0,0.0,0.0,0.0,0.0,0.0,0.0,0.0,0.0,0.0,0.0,0.0,0.0,0.0,0.0,0.0,0.0,0.0,0.0,0.0,0.0,0.0,0.0,0.0,0.0,0.0,0.0,0.0,0.0,0.0,0.0,0.0,-8861126537.0,-9006667628.0,-2365939825.0,-2416849873.0,-2467759921.0,-2518669969.0,-2569580017.0,-2620490065.0,-2671400113.0,-2722310114.0,-3341534264.0,-3400926783.0,-3451483404.0,-593994523.0,-598117297.0,-602240071.0,-606362845.0,-610485619.0,-614608393.0,-618731167.0,-622853941.0,-626976715.0,-2666735709.0,-3085955589.0,-3505175469.0,-15190921409.0,-15800142602.0,-16407989537.0,-17017210729.0,-17591805833.0,-21258406695.0,-21923440996.0,-22558043258.0
IV. Tài sản dở dang dài hạn,0.0,0.0,0.0,0.0,0.0,0.0,5943861.0,132812952.0,1536449316.0,2582831755.0,5945227664.0,94737974.0,229458081.0,0.0,0.0,45642702.0,242519579.0,58766046.0,241354590.0,206675775.0,1239257752.0,0.0,0.0,0.0,0.0,0.0,0.0,0.0,0.0,0.0,0.0,0.0,19857241132.0,28501536132.0,61063614228.0,79296247725.0,85866797677.0,16374800625.0,15391172578.0,27731303662.0,22219987021.0,27529883589.0,33756177663.0,82855922752.0,257838696295.0,167876803954.0,166676338585.0,56168745672.0,43313982236.0,152842848643.0,152116836032.0,266896831459.0,497437539796.0,802033129282.0,530463931729.0,128043783178.0,39813347676.0,42849424454.0,80008416933.0,165850693367.0,294488914740.0,470937317708.0,526709034661.0,596057843238.0,345260984975.0,534517647937.0,277582162653.0,209524364643.0,134775030383.0
"1. Chi phí sản xuất, kinh doanh dở dang dài hạn",0.0,0.0,0.0,0.0,0.0,0.0,,,,,,,,0.0,0.0,,,,,,,0.0,0.0,0.0,0.0,0.0,0.0,0.0,0.0,0.0,0.0,0.0,,,,0.0,0.0,0.0,0.0,0.0,0.0,0.0,0.0,0.0,0.0,0.0,0.0,0.0,0.0,0.0,0.0,0.0,0.0,0.0,0.0,0.0,0.0,400000000.0,0.0,0.0,0.0,0.0,0.0,0.0,0.0,117800000.0,0.0,0.0,0.0
2. chi phí xây dựng cơ bản dở dang,0.0,0.0,0.0,0.0,0.0,0.0,,,,,,,,0.0,0.0,,,,,,,0.0,0.0,0.0,0.0,0.0,0.0,0.0,0.0,0.0,0.0,0.0,,,,79296247725.0,85866797677.0,16374800625.0,15391172578.0,27731303662.0,22219987021.0,27529883589.0,33756177663.0,82855922752.0,257838696295.0,167876803954.0,166676338585.0,56168745672.0,43313982236.0,152842848643.0,152116836032.0,266896831459.0,497437539796.0,802033129282.0,530463931729.0,128043783178.0,39813347676.0,42449424454.0,80008416933.0,165850693367.0,294488914740.0,470937317708.0,526709034661.0,596057843238.0,345260984975.0,534399847937.0,277582162653.0,209524364643.0,134775030383.0
V. Các khoản đầu tư tài chính dài hạn,0.0,0.0,0.0,5000000000.0,5000000000.0,5900000000.0,5900000000.0,6700000000.0,6700000000.0,19097153189.0,5900000000.0,5900000000.0,5000000000.0,5000000000.0,9250000000.0,9697400000.0,9698000000.0,17198000000.0,17198000000.0,17198000000.0,17198000000.0,17198000000.0,17198000000.0,16369568774.0,146380580289.0,149866168254.0,257255653405.0,148209843511.0,148413739942.0,13106889391.0,14313522748.0,312219956847.0,286902830823.0,430404680101.0,600249611754.0,416040333077.0,410201527979.0,391047894527.0,403397302109.0,443950522540.0,454713270275.0,464020399388.0,472012076240.0,464208960632.0,58791392363.0,296078779814.0,69986585395.0,79205876485.0,83593923924.0,352159847799.0,630417277065.0,625917704845.0,538019125835.0,1048524550204.0,1044477012732.0,759207760981.0,764958168322.0,884937068865.0,895781814901.0,728850433211.0,732725339278.0,207805055478.0,207130899478.0,411361353690.0,461562179983.0,254367298064.0,516560797870.0,518896269979.0,521217170804.0
1. Đầu tư vào công ty con,0.0,0.0,0.0,,,,,,,,,,,,0.0,0.0,0.0,0.0,0.0,0.0,0.0,0.0,0.0,0.0,0.0,0.0,0.0,0.0,0.0,0.0,0.0,0.0,0.0,0.0,0.0,0.0,0.0,0.0,0.0,0.0,0.0,0.0,0.0,0.0,0.0,0.0,0.0,0.0,0.0,0.0,0.0,0.0,0.0,0.0,0.0,0.0,0.0,0.0,0.0,0.0,0.0,0.0,0.0,0.0,0.0,0.0,0.0,0.0,0.0
"2. Đầu tư vào công ty liên kết, liên doanh",0.0,0.0,0.0,,,,,,,,,,,,0.0,0.0,0.0,0.0,0.0,0.0,0.0,0.0,0.0,0.0,130011011515.0,133482005906.0,245871491057.0,144435326713.0,144639223144.0,9250445815.0,10457079172.0,308363513271.0,46058437262.0,416250156525.0,586260116469.0,398575277792.0,391176472694.0,375593285183.0,388125537722.0,406306882540.0,417069630275.0,450686759388.0,458678436240.0,450875320632.0,45457752363.0,282745139814.0,56652945395.0,53156856485.0,57544903924.0,326110827799.0,604368257065.0,599868684845.0,511970105835.0,522475530204.0,518427992732.0,533158740981.0,538909148322.0,658875333485.0,669720079521.0,702728697831.0,706603603898.0,179514814098.0,179514814098.0,183952618310.0,184255444603.0,228245562684.0,290439062490.0,292774534599.0,295095435424.0
3. Đầu tư khác vào công cụ vốn,0.0,0.0,0.0,,,,,,,,,,,,9250000000.0,0.0,9698000000.0,17198000000.0,17198000000.0,17198000000.0,17198000000.0,17198000000.0,17198000000.0,17198000000.0,17198000000.0,17198000000.0,12198000000.0,4698000000.0,4698000000.0,4698000000.0,4698000000.0,4698000000.0,243229955985.0,14996080000.0,14996080000.0,18471640000.0,20031640000.0,15333640000.0,15333640000.0,15333640000.0,15333640000.0,13333640000.0,13333640000.0,13333640000.0,13333640000.0,13333640000.0,13333640000.0,26049020000.0,26049020000.0,26049020000.0,26049020000.0,26049020000.0,26049020000.0,26049020000.0,26049020000.0,26049020000.0,26049020000.0,26061735380.0,26061735380.0,26121735380.0,26121735380.0,28371125380.0,28371125380.0,28371125380.0,26121735380.0,26121735380.0,26121735380.0,26121735380.0,26121735380.0
4. Dự phòng giảm giá đầu tư tài chính dài hạn,0.0,0.0,0.0,,,,,,,,,,,,0.0,9697400000.0,0.0,0.0,0.0,0.0,0.0,0.0,0.0,-828431226.0,-828431226.0,-813837652.0,-813837652.0,-923483202.0,-923483202.0,-841556424.0,-841556424.0,-841556424.0,-2385562424.0,-841556424.0,-1006584715.0,-1006584715.0,-1006584715.0,169830115.0,-61875613.0,0.0,0.0,0.0,0.0,0.0,0.0,0.0,0.0,0.0,0.0,0.0,0.0,0.0,0.0,0.0,0.0,200000000000.0,0.0,0.0,0.0,0.0,0.0,-368940000.0,-755040000.0,-962390000.0,0.0,0.0,0.0,0.0,0.0
5. Đầu tư nắm giữ đến ngày đáo hạn,0.0,0.0,0.0,,,,,,,,,,,,0.0,0.0,0.0,0.0,0.0,0.0,0.0,0.0,0.0,0.0,0.0,0.0,0.0,0.0,0.0,0.0,0.0,0.0,0.0,0.0,0.0,0.0,0.0,-48860771.0,0.0,22310000000.0,22310000000.0,0.0,0.0,0.0,0.0,0.0,0.0,0.0,0.0,0.0,0.0,0.0,0.0,500000000000.0,500000000000.0,0.0,200000000000.0,200000000000.0,200000000000.0,0.0,0.0,288056000.0,0.0,200000000000.0,251185000000.0,0.0,200000000000.0,200000000000.0,200000000000.0
VI. Tổng tài sản dài hạn khác,0.0,1241397962.0,1741313741.0,2275286415.0,2268129851.0,2293014587.0,3580886476.0,3469323677.0,3161506323.0,3185417324.0,3248475409.0,3027915298.0,3131766464.0,3295335923.0,3137777880.0,3724078603.0,3011027285.0,3943097413.0,2952026498.0,3482734854.0,3276418046.0,2884468513.0,1877478027.0,2146719857.0,1600731716.0,2690357857.0,2818978115.0,44501207675.0,44861188560.0,42623328202.0,39302391973.0,40994190390.0,41558504729.0,38183885722.0,38405230331.0,44041265016.0,63863028357.0,69752656763.0,65649321924.0,70768681254.0,110161039876.0,165116858321.0,224811648692.0,229003269410.0,269265221555.0,267861327209.0,296124767564.0,304728092893.0,306801396812.0,280714931086.0,296929095594.0,320908528538.0,317922969046.0,305802589275.0,398623005932.0,421504015760.0,444405943507.0,418202423050.0,408018693847.0,430702924330.0,379625114072.0,350006466419.0,329312178903.0,333754813783.0,532007232053.0,506585420708.0,509204505018.0,539607006058.0,533575742985.0
1. Chi phí trả trước dài hạn,0.0,1241397962.0,1741313741.0,,,,,,,,,,,,2227826302.0,2731578065.0,2016945529.0,2817045132.0,2046093083.0,2432724755.0,1865642269.0,1541981620.0,878308739.0,1104490196.0,591673625.0,334752824.0,415129094.0,42051913037.0,41719078244.0,41594253673.0,38474270569.0,39664612801.0,40032817980.0,35634911443.0,35655195332.0,38997278850.0,58764891834.0,64427692212.0,61489129835.0,68479362656.0,107165421864.0,159176090441.0,222305226293.0,224883746942.0,262222776926.0,257760284230.0,286433848382.0,292573527236.0,295525974639.0,266854389092.0,281416496611.0,302133138982.0,299352021120.0,284081686008.0,376056049017.0,397050530868.0,418625702704.0,392974252010.0,390834107719.0,410952613918.0,364583722772.0,335428773546.0,314620948428.0,315828143111.0,512941893390.0,487123188664.0,486812754231.0,521827719705.0,514713999736.0
2. Tài sản Thuế thu nhập hoãn lại,0.0,0.0,0.0,,,,,,,,,,,,202232209.0,412201220.0,474028438.0,747170439.0,527051573.0,640015615.0,972359849.0,976167245.0,632849640.0,675910013.0,645338443.0,2097415385.0,2067707373.0,2093152990.0,2659169268.0,682093481.0,481140356.0,982596541.0,982596541.0,2005884071.0,2196944791.0,5043986166.0,5098136523.0,5324964551.0,4160192089.0,2289318598.0,2995618012.0,5930767880.0,2496422399.0,4104522468.0,7027444629.0,10086042979.0,9690919182.0,12154565657.0,11210707173.0,12855425763.0,14507482753.0,17770273326.0,17397981696.0,20547937037.0,21785840685.0,23667368662.0,24994124573.0,21557799810.0,17174586128.0,18964194182.0,15031391300.0,13791576643.0,13905114245.0,17140554442.0,18279222433.0,18676115814.0,21605634557.0,16993170123.0,18075627018.0
3. Tài sản dài hạn khác,0.0,0.0,0.0,,,,,,,,,,,,707719369.0,580299318.0,520053318.0,378881842.0,378881842.0,409994484.0,438415928.0,366319648.0,366319648.0,366319648.0,363719648.0,258189648.0,336141648.0,356141648.0,482941048.0,346981048.0,346981048.0,346981048.0,543090208.0,543090208.0,553090208.0,0.0,0.0,0.0,0.0,0.0,0.0,10000000.0,10000000.0,15000000.0,15000000.0,15000000.0,0.0,0.0,64715000.0,1005116231.0,1005116230.0,1005116230.0,1172966230.0,1172966230.0,781116230.0,786116230.0,786116230.0,3670371230.0,10000000.0,786116230.0,10000000.0,786116230.0,786116230.0,786116230.0,786116230.0,786116230.0,786116230.0,786116230.0,786116231.0
VII. Lợi thế thương mại,0.0,0.0,11083442409.0,11083442409.0,0.0,0.0,11133545343.0,11133545342.0,11133545342.0,986321395.0,9775699492.0,9450491502.0,9125283512.0,8800075522.0,8474086526.0,8149659546.0,7174035577.0,7499243566.0,7174035576.0,6848827586.0,6523619596.0,6198411606.0,5873203616.0,5547995626.0,5222787636.0,4897579646.0,4572371656.0,23505224416.0,22912655734.0,14273805795.0,21727518370.0,21134949684.0,299775689151.0,300857945945.0,238720074882.0,451700330046.0,479885295550.0,471629480527.0,458288539581.0,444947598636.0,431606657689.0,418265716744.0,404924775800.0,391583834857.0,531479816759.0,513933679533.0,496449497954.0,479805446642.0,462815866045.0,350006069237.0,335561655931.0,321266314319.0,371115675641.0,365733191890.0,349675995390.0,331489670943.0,316782368562.0,298680705303.0,201356466952.0,265976628593.0,249624590241.0,479976419739.0,454831937280.0,435192931944.0,412659700864.0,185922189241.0,152017341487.0,135921780489.0,120368307735.0
TỔNG CỘNG TÀI SẢN,10726409993.0,89796222253.0,110627933407.0,339212831843.0,328655606532.0,301340039282.0,256547909998.0,226889692034.0,227395462921.0,214171915199.0,208261710447.0,214527492087.0,243456921875.0,234216894373.0,239088520292.0,294219638743.0,325163471389.0,296565350642.0,285907541657.0,282062481755.0,286292233797.0,291152073615.0,294285876779.0,455855220912.0,372542960164.0,368579525023.0,634089186852.0,965449702951.0,904872123544.0,1121008032517.0,1597137684125.0,1562470924142.0,1979945133680.0,2193330598245.0,3000144318232.0,3631638637687.0,3736445940577.0,3695307370871.0,3609404809335.0,3772471255269.0,3662969997382.0,3761977791731.0,3866133197878.0,4737349592486.0,5764293758594.0,5999008881842.0,7216680106436.0,7604999098024.0,9155102065623.0,9438196465543.0,9044805735939.0,9671474007226.0,10116896672431.0,10812603335526.0,11924013920782.0,12680755407429.0,13633464396300.0,11379404393356.0,11929010926935.0,12148583033269.0,11761501250768.0,15126798754618.0,15195007213537.0,13691786398973.0,14264406873665.0,16054242529675.0,16012354380947.0,19863919738145.0,19329149290365.0
NGUỒN VỐN,,,,,,,,,,,,,,,,,,,,,,,,,,,,,,,,,,,,,,,,,,,,,,,,,,,,,,,,,,,,,,,,,,,,,
A. Nợ phải trả,4049925085.0,18303574404.0,22613205823.0,243569990181.0,124109085189.0,92443241916.0,31530968696.0,28919107497.0,23876774123.0,21016737251.0,22666517480.0,27991478705.0,42529030488.0,35378168334.0,33588538891.0,31029223872.0,59058048242.0,36449311122.0,26226715560.0,38962617629.0,37686068465.0,36862471690.0,34133016679.0,187342103257.0,40903474985.0,41336453802.0,114813285241.0,229605326606.0,161714023751.0,363698733889.0,256961023891.0,197193925684.0,337959805758.0,507996304552.0,505404046267.0,915802519191.0,955338968282.0,980230041105.0,827452365290.0,976749890192.0,821214206329.0,838819723435.0,904898609471.0,1362801877418.0,1493089983087.0,1834575550721.0,2520004784391.0,3003195329376.0,3678560906697.0,3465919363883.0,3207028598699.0,3797524142041.0,4175756164107.0,4643484960777.0,5760593335436.0,6720593658758.0,7600022006587.0,5210869763841.0,5840519733965.0,5908524625519.0,5484183538338.0,7547506377317.0,7534579395094.0,6493439058778.0,6972459949227.0,8204700254603.0,8122175787908.0,11999358446208.0,11306019016641.0
I. Nợ ngắn hạn,2436070169.0,16100117622.0,20501396897.0,239744822055.0,119912060063.0,90368613003.0,28499118602.0,26308900139.0,21273866770.0,19244216478.0,20898703498.0,26499979723.0,41048324378.0,34623720571.0,32835250918.0,30283021624.0,57894485041.0,35483699948.0,25205110215.0,38201062314.0,37039621317.0,35943692444.0,33123366438.0,186435262401.0,40011013724.0,40876562742.0,114434107783.0,227938628556.0,159903877543.0,361379255389.0,254641545391.0,192595100889.0,332833902007.0,498707420802.0,456922496837.0,811175164926.0,832656043567.0,852157620851.0,691796199588.0,883020955678.0,731431099142.0,758605055100.0,811870059334.0,1169503231470.0,1080773601095.0,1400710069317.0,1950514676180.0,2357320686206.0,2002667352711.0,1778963486693.0,1531720779550.0,2288818615460.0,2642412211268.0,2583111735026.0,3610236172385.0,5201074419591.0,6072255395871.0,3695633376555.0,4328358498282.0,4400801320752.0,4061932651611.0,6096004664698.0,6128950112778.0,5117405245057.0,6723127044417.0,7825423117067.0,7733063368255.0,11416532143904.0,10726149246876.0
1. Vay và nợ thuê tài chính ngắn hạn,15027981.0,753307280.0,4238195014.0,,,,,,,,,,,,635067206.0,350914742.0,219170960.0,198645897.0,126506947.0,17770947.0,17770947.0,0.0,0.0,0.0,0.0,0.0,0.0,135593339175.0,61655500179.0,238712408260.0,178002836308.0,112703081346.0,144589843898.0,221604631678.0,267419834705.0,410529264489.0,517757725502.0,481295368353.0,393453291074.0,611430066542.0,505282408424.0,476289699954.0,583158688770.0,892612996981.0,533058126888.0,681935013734.0,1263884395697.0,1645244145472.0,1148281543655.0,842521759836.0,819230038174.0,1533075049398.0,1738931051262.0,1318574293595.0,2644908327592.0,4406970495430.0,4452841285935.0,2569074189911.0,3368957195625.0,3423974105019.0,2775071023147.0,3853571547868.0,4571931475355.0,3365699060183.0,4668366992305.0,5120934554467.0,5832780968948.0,9169798190081.0,8511368551784.0
2. Vay và nợ dài hạn đến hạn phải trả,0.0,0.0,0.0,,,,,,,,,,,,0.0,0.0,0.0,0.0,0.0,0.0,0.0,0.0,0.0,0.0,0.0,0.0,0.0,0.0,0.0,0.0,0.0,0.0,0.0,0.0,0.0,0.0,0.0,0.0,0.0,0.0,0.0,0.0,0.0,0.0,0.0,0.0,0.0,0.0,0.0,0.0,0.0,0.0,0.0,0.0,0.0,0.0,0.0,0.0,0.0,0.0,0.0,0.0,0.0,0.0,0.0,0.0,0.0,0.0,0.0
3. Phải trả người bán ngắn hạn,0.0,1159001285.0,751154017.0,,,,,,,,,,,,5183008994.0,4403601558.0,30988808954.0,4384458932.0,2697842965.0,5202821584.0,7130045143.0,5488625865.0,5894145235.0,3953090778.0,4406915055.0,4349497899.0,4643698946.0,22594410583.0,16180509800.0,13881958436.0,17229370048.0,13822679115.0,46892924408.0,105038706578.0,82828752544.0,182694223742.0,103188201141.0,134207513638.0,122858835912.0,89215502536.0,91457719216.0,108000472443.0,108344494176.0,120802224021.0,192477496245.0,264249203101.0,284201708106.0,291842761095.0,372289412654.0,338353953609.0,260478715941.0,248730189022.0,287475482681.0,399676773805.0,358791518456.0,232463966073.0,584878320678.0,354990631080.0,256986644631.0,246593658021.0,502909479006.0,856700534410.0,367014087432.0,528385135266.0,625469788473.0,1108150567867.0,479237182941.0,882955165831.0,815203196603.0
4. Người mua trả tiền trước,0.0,84242363.0,77406563.0,,,,,,,,,,,,293004547.0,1585080347.0,1111704189.0,458256756.0,412399562.0,1687922737.0,255517081.0,586948673.0,560722703.0,150017217810.0,514252308.0,99276387.0,1010881439.0,1559870421.0,518649374.0,67189519.0,160964794.0,741630438.0,1961044390.0,18726665958.0,5443796772.0,10084569476.0,29754608981.0,32645002623.0,11660227107.0,20790334629.0,11833096965.0,46953315813.0,10709669315.0,22801226074.0,27375736042.0,130281537684.0,22801129205.0,64155026891.0,21486754417.0,123048128687.0,18143924716.0,74594332109.0,216628174049.0,226894823455.0,88561119460.0,87180512894.0,395379723368.0,152009740967.0,285711748066.0,249148451115.0,285833415297.0,218106500326.0,50861497870.0,36042463091.0,42575856931.0,58970165865.0,47633664043.0,36629735142.0,53709506532.0
5. Thuế và các khoản phải nộp nhà nước,452536908.0,8833280039.0,11466852728.0,,,,,,,,,,,,8280498100.0,3989254965.0,3535097828.0,4851926388.0,4143279453.0,2767297537.0,3418370557.0,2654635728.0,4243725114.0,6795427781.0,5775273017.0,5511379638.0,4936467660.0,7698162340.0,10425307138.0,11377759207.0,6700603801.0,9040620924.0,11158780585.0,14110685551.0,10336754153.0,23600683228.0,25556671679.0,14230543866.0,31437773413.0,6078504007.0,9647274769.0,15756656884.0,11365356658.0,10027123794.0,23691350337.0,32399558418.0,15603543944.0,22697578924.0,32153197565.0,64201691821.0,14538226606.0,32450176301.0,38329940460.0,65999433401.0,17658749502.0,33293573208.0,83451716657.0,48407364299.0,18704136489.0,28040672449.0,48514126018.0,68460124802.0,106640271909.0,72626887271.0,92576436005.0,73716344874.0,61603985067.0,44322767024.0,45759604938.0
6. Phải trả người lao động,1968505280.0,3595703051.0,3767653290.0,,,,,,,,,,,,10180834043.0,13045841546.0,11768642423.0,18356803344.0,13437202704.0,16282049032.0,19692147812.0,21890851175.0,18471307823.0,19097789304.0,21924299107.0,24946402511.0,17494997189.0,39032090034.0,41745046507.0,52073410936.0,32970739999.0,36252654593.0,70416562280.0,83567078985.0,46341380762.0,70452021434.0,57511056982.0,96803359149.0,31499221590.0,45117246728.0,28903424609.0,42020286516.0,32617344727.0,28397628821.0,39759597640.0,58157905677.0,69610361932.0,104353078673.0,69680015440.0,143200727761.0,78469455549.0,125934474208.0,73880607085.0,208162606444.0,37692779613.0,93726756759.0,93631199822.0,121670439887.0,48617955847.0,85826334057.0,77729835833.0,246323750443.0,132359489872.0,200569235272.0,167244216532.0,334268680812.0,134943506103.0,185249456036.0,216940005867.0
7. Chi phí phải trả ngắn hạn,0.0,1501724775.0,0.0,,,,,,,,,,,,1648568598.0,355186504.0,4812813900.0,94498730.0,482514665.0,826984402.0,618613640.0,306049728.0,620134719.0,239811110.0,232299997.0,155868626.0,3249700000.0,512500000.0,684050000.0,482990154.0,7995554154.0,1188317655.0,5156496107.0,1078481586.0,1659671580.0,18545537039.0,19000092975.0,12258319548.0,18523261974.0,8841414232.0,14829960743.0,11380399438.0,13985436310.0,12728429141.0,119759504098.0,163988880909.0,115819219130.0,110118293281.0,160176073097.0,179527756232.0,85520150629.0,80198716066.0,123685488635.0,201270689011.0,133297319272.0,104741710588.0,140313965094.0,226008067768.0,181426142200.0,115148211631.0,100148595283.0,421358183050.0,458588955154.0,399244973677.0,577913577666.0,634920123235.0,685037584685.0,544329926931.0,526939981565.0
8. Phải trả nội bộ ngắn hạn,0.0,0.0,0.0,,,,,,,,,,,,0.0,0.0,0.0,0.0,0.0,0.0,0.0,0.0,0.0,0.0,0.0,0.0,0.0,0.0,0.0,0.0,0.0,0.0,0.0,0.0,0.0,0.0,0.0,0.0,0.0,0.0,0.0,0.0,0.0,0.0,0.0,0.0,0.0,0.0,0.0,0.0,0.0,0.0,0.0,0.0,0.0,0.0,0.0,0.0,0.0,0.0,0.0,0.0,0.0,0.0,0.0,0.0,0.0,0.0,0.0
9. Phải trả theo tiến độ kế hoạch hợp đồng xây dựng,0.0,0.0,0.0,,,,,,,,,,,,0.0,0.0,0.0,0.0,0.0,0.0,0.0,0.0,0.0,0.0,0.0,0.0,0.0,0.0,0.0,0.0,0.0,0.0,0.0,0.0,0.0,0.0,0.0,0.0,0.0,0.0,0.0,0.0,0.0,0.0,0.0,0.0,0.0,0.0,0.0,0.0,0.0,0.0,0.0,0.0,0.0,0.0,0.0,0.0,0.0,0.0,0.0,0.0,0.0,0.0,0.0,0.0,0.0,0.0,0.0
10. Doanh thu chưa thực hiện ngắn hạn,0.0,0.0,0.0,,,,,,,,,,,,0.0,0.0,0.0,0.0,0.0,0.0,0.0,0.0,0.0,0.0,0.0,0.0,0.0,0.0,0.0,0.0,0.0,0.0,0.0,0.0,0.0,124664000.0,343553000.0,139739000.0,147671000.0,82820000.0,71493000.0,70730000.0,98275000.0,68145000.0,273434000.0,337530000.0,1107546030.0,138188000.0,193077000.0,328878000.0,313745700.0,259356700.0,296985149.0,186417600.0,145149250.0,98667500.0,85538750.0,16614000.0,5037000.0,5036998.0,2061000.0,2459340440.0,2612920405.0,2152180510.0,1691440615.0,1230700720.0,1444960825.0,2139337663.0,551089320.0
11. Phải trả ngắn hạn khác,0.0,383796829.0,808711906.0,,,,,,,,,,,,748306633.0,711282439.0,1909004789.0,2575739060.0,1562345490.0,6746951718.0,2065462801.0,1412237439.0,911063548.0,1725270387.0,3195742800.0,1976397442.0,80384806584.0,13466636086.0,22143130811.0,38843976883.0,5630464663.0,9953758182.0,26665187651.0,29151206608.0,21734536150.0,49033646095.0,37163504439.0,40789287519.0,53947188623.0,49593572920.0,37338299908.0,27907644665.0,29224215880.0,38864507795.0,101928518574.0,29584856142.0,133008999351.0,48568883587.0,138960125464.0,40709882006.0,194534982266.0,115373577179.0,91712237874.0,90968610692.0,275490955832.0,146798477980.0,232382054916.0,158049791147.0,123556214297.0,177874514952.0,199969362089.0,319490868087.0,326023970598.0,370810036514.0,400622104321.0,355488553343.0,342061445961.0,364725143749.0,388197203401.0
12. Dự phòng phải trả ngắn hạn,0.0,0.0,0.0,,,,,,,,,,,,0.0,313000000.0,0.0,125000000.0,0.0,193428921.0,0.0,0.0,0.0,22030032.0,14355980.0,124806879.0,0.0,0.0,0.0,0.0,0.0,0.0,0.0,0.0,0.0,0.0,0.0,0.0,0.0,0.0,0.0,0.0,0.0,0.0,0.0,0.0,0.0,0.0,0.0,0.0,0.0,0.0,0.0,0.0,0.0,0.0,0.0,0.0,0.0,0.0,0.0,9769755760.0,11190759916.0,9769755760.0,9769755760.0,9769755760.0,9769755760.0,9769755760.0,9769755760.0
13. Quỹ khen thưởng phúc lợi,0.0,-210938000.0,-608576621.0,640557379.0,-18101308.0,9532825662.0,8640833042.0,8891895324.0,6056901563.0,0.0,6123408724.0,6364977877.0,4997981821.0,9127526219.0,5865962797.0,5528859523.0,3549241998.0,4438370841.0,2343018429.0,4475835436.0,3841693336.0,3604343836.0,2422267296.0,4584625199.0,3947875460.0,3712933360.0,2713555965.0,7481619917.0,6551683734.0,5939561994.0,5951011624.0,8892358636.0,25993062688.0,25429963858.0,21157770171.0,46110555423.0,42380628868.0,39788487155.0,28268728895.0,51871494084.0,32067421508.0,30225849387.0,22366578498.0,43200949843.0,42449837271.0,39775583652.0,44477772785.0,70202730283.0,59447153419.0,47070708741.0,60491539969.0,78202744477.0,71472244073.0,71378087023.0,53690253408.0,95800259159.0,89291590651.0,65406537496.0,44393424127.0,74190336510.0,71754753938.0,99764059512.0,101726684267.0,132105517513.0,136896875809.0,127973670124.0,138550313922.0,176612665687.0,157710351106.0
14. Quỹ bình ổn giá,0.0,0.0,0.0,,,,,,,,,,,,0.0,0.0,0.0,0.0,0.0,0.0,0.0,0.0,0.0,0.0,0.0,0.0,0.0,0.0,0.0,0.0,0.0,0.0,0.0,0.0,0.0,0.0,0.0,0.0,0.0,0.0,0.0,0.0,0.0,0.0,0.0,0.0,0.0,0.0,0.0,0.0,0.0,0.0,0.0,0.0,0.0,0.0,0.0,0.0,0.0,0.0,0.0,0.0,0.0,0.0,0.0,0.0,0.0,0.0,0.0
15. Giao dịch mua bán lại trái phiếu chính phủ,0.0,0.0,0.0,,,,,,,,,,,,0.0,0.0,0.0,0.0,0.0,0.0,0.0,0.0,0.0,0.0,0.0,0.0,0.0,0.0,0.0,0.0,0.0,0.0,0.0,0.0,0.0,0.0,0.0,0.0,0.0,0.0,0.0,0.0,0.0,0.0,0.0,0.0,0.0,0.0,0.0,0.0,0.0,0.0,0.0,0.0,0.0,0.0,0.0,0.0,0.0,0.0,0.0,0.0,0.0,0.0,0.0,0.0,0.0,0.0,0.0
II. Nợ dài hạn,1613854916.0,2203456782.0,2111808926.0,3825168126.0,4197025126.0,2074628913.0,3031850094.0,2610207358.0,2602907353.0,1772520773.0,1767813982.0,1491498982.0,1480706110.0,754447763.0,753287973.0,746202248.0,1163563201.0,965611174.0,1021605345.0,761555315.0,646447148.0,918779246.0,1009650241.0,906840856.0,892461261.0,459891060.0,379177458.0,1666698050.0,1810146208.0,2319478500.0,2319478500.0,4598824795.0,5125903751.0,9288883750.0,48481549430.0,104627354265.0,122682924715.0,128072420254.0,135656165702.0,93728934514.0,89783107187.0,80214668335.0,93028550137.0,193298645948.0,412316381992.0,433865481404.0,569490108211.0,645874643170.0,1675893553986.0,1686955877190.0,1675307819149.0,1508705526581.0,1533343952839.0,2060373225751.0,2150357163051.0,1519519239167.0,1527766610716.0,1515236387286.0,1512161235683.0,1507723304767.0,1422250886727.0,1451501712619.0,1405629282316.0,1376033813721.0,249332904810.0,379277137536.0,389112419653.0,582826302304.0,579869769765.0
1. Phải trả người bán dài hạn,0.0,0.0,0.0,,,,,,,,,,,,157766500.0,0.0,0.0,0.0,0.0,0.0,0.0,0.0,0.0,0.0,0.0,0.0,0.0,0.0,0.0,0.0,0.0,0.0,0.0,0.0,0.0,0.0,0.0,0.0,0.0,0.0,0.0,0.0,0.0,0.0,0.0,0.0,0.0,0.0,0.0,0.0,0.0,0.0,0.0,0.0,0.0,0.0,0.0,0.0,0.0,0.0,0.0,0.0,0.0,0.0,0.0,0.0,0.0,0.0,0.0
2. Chi phí phải trả dài hạn,0.0,0.0,0.0,,,,,,,,,,,,0.0,0.0,0.0,0.0,0.0,0.0,0.0,0.0,0.0,0.0,0.0,0.0,0.0,0.0,0.0,0.0,0.0,0.0,0.0,0.0,0.0,0.0,0.0,0.0,0.0,0.0,0.0,0.0,0.0,0.0,0.0,0.0,0.0,0.0,0.0,0.0,0.0,0.0,0.0,0.0,0.0,0.0,0.0,0.0,0.0,0.0,0.0,0.0,0.0,0.0,0.0,0.0,0.0,0.0,0.0
3. Phải trả nội bộ về vốn kinh doanh,0.0,0.0,0.0,,,,,,,,,,,,0.0,0.0,0.0,0.0,0.0,0.0,0.0,0.0,0.0,0.0,0.0,0.0,0.0,0.0,0.0,0.0,0.0,0.0,0.0,0.0,0.0,0.0,0.0,0.0,0.0,0.0,0.0,0.0,0.0,0.0,0.0,0.0,0.0,0.0,0.0,0.0,0.0,0.0,0.0,0.0,0.0,0.0,0.0,0.0,0.0,0.0,0.0,0.0,0.0,0.0,0.0,0.0,0.0,0.0,0.0
4. Phải trả nội bộ dài hạn,0.0,0.0,0.0,,,,,,,,,,,,0.0,0.0,0.0,0.0,0.0,0.0,0.0,0.0,0.0,0.0,0.0,0.0,0.0,0.0,0.0,0.0,0.0,0.0,0.0,0.0,0.0,0.0,0.0,0.0,0.0,0.0,0.0,0.0,0.0,0.0,0.0,0.0,0.0,0.0,0.0,0.0,0.0,0.0,0.0,0.0,0.0,0.0,0.0,0.0,0.0,0.0,0.0,0.0,0.0,0.0,0.0,0.0,0.0,0.0,0.0
5. Phải trả dài hạn khác,0.0,0.0,0.0,,,,,,,,,,,,0.0,157466500.0,157466500.0,157466500.0,157466500.0,157466500.0,206715700.0,157466500.0,157466500.0,157466500.0,235729300.0,235729300.0,235729300.0,1666698050.0,235729300.0,284978500.0,2319478500.0,4598824795.0,5125903751.0,9288883750.0,9487692325.0,344583300.0,1307017667.0,3622777895.0,2104541095.0,1438409750.0,1168834033.0,1371641063.0,1416497100.0,2214723363.0,7766002432.0,5832302232.0,5965165853.0,7594906853.0,4875540020.0,4853771599.0,5185342126.0,4823512966.0,6638997207.0,6596990607.0,4721311272.0,6250032607.0,6212032607.0,6207732607.0,6594297580.0,6107532607.0,6107532607.0,42175033208.0,43009001208.0,8214511208.0,7992517008.0,8228380283.0,7745590183.0,8027951183.0,6198405848.0
6. Vay và nợ thuê tài chính dài hạn,1613854916.0,2203456782.0,2111808926.0,,,,,,,,,,,,35541897.0,35541897.0,456881897.0,258236000.0,258236000.0,0.0,0.0,0.0,0.0,0.0,0.0,0.0,0.0,0.0,0.0,0.0,0.0,0.0,0.0,0.0,15748133163.0,37928205265.0,55038356400.0,57888237200.0,67431900200.0,25854068075.0,17240290700.0,12206579471.0,25038079471.0,125786450288.0,210323685620.0,236160625455.0,243557881141.0,353662236188.0,1447941951781.0,1397884666529.0,1384368534298.0,1221826226860.0,1247937272334.0,1776788152279.0,1871067100360.0,1259212697613.0,1268124975000.0,1249797459617.0,1248776150690.0,1247457416030.0,1164389657094.0,1152802872246.0,1123021076206.0,1128106298718.0,2787000000.0,4215000000.0,4215000000.0,201789735978.0,203343590971.0
7. Trái phiếu chuyển đổi,0.0,0.0,0.0,,,,,,,,,,,,0.0,0.0,0.0,0.0,0.0,0.0,0.0,0.0,0.0,0.0,0.0,0.0,0.0,0.0,0.0,0.0,0.0,0.0,0.0,0.0,0.0,0.0,0.0,0.0,0.0,0.0,0.0,0.0,0.0,0.0,0.0,0.0,0.0,0.0,0.0,0.0,0.0,0.0,0.0,0.0,0.0,0.0,0.0,0.0,0.0,0.0,0.0,0.0,0.0,0.0,0.0,0.0,0.0,0.0,0.0
8. Thuế thu nhập hoãn lại phải trả,0.0,0.0,0.0,,,,,,,,,,,,58844776.0,123691201.0,157094354.0,42578224.0,121755695.0,169452931.0,40325614.0,242115737.0,242115737.0,283931155.0,224161760.0,224161760.0,143448158.0,0.0,143448158.0,0.0,0.0,0.0,0.0,0.0,23245723942.0,58193224950.0,58176209898.0,57352404927.0,57307216175.0,57227456457.0,57164982222.0,57102507987.0,57040033752.0,56977559517.0,170795156877.0,169408506414.0,291873787338.0,256238573654.0,195088089475.0,254802781051.0,256482292024.0,250781168134.0,247626792928.0,245073255934.0,242688985688.0,222050490958.0,222836643923.0,229355338974.0,227042871439.0,224818843906.0,222512756417.0,228264540198.0,211806981299.0,212156524759.0,211133306978.0,339505598624.0,348343559749.0,345515205030.0,343305286297.0
9. Dự phòng trợ cấp mất việc làm,0.0,0.0,0.0,,,,,,,,,,,,501134800.0,429502650.0,392120450.0,507330450.0,484147150.0,434635884.0,399405834.0,519197009.0,507707909.0,465443201.0,432570201.0,0.0,0.0,0.0,1430968750.0,2034500000.0,0.0,0.0,0.0,0.0,0.0,8161340750.0,0.0,0.0,0.0,0.0,0.0,0.0,0.0,0.0,0.0,0.0,0.0,0.0,0.0,0.0,0.0,0.0,0.0,0.0,0.0,0.0,0.0,0.0,0.0,0.0,0.0,0.0,0.0,0.0,0.0,0.0,0.0,0.0,0.0
10. Dự phòng phải trả dài hạn,0.0,0.0,0.0,,,,,,,,,,,,0.0,0.0,0.0,0.0,0.0,0.0,0.0,0.0,102360095.0,0.0,0.0,0.0,0.0,0.0,0.0,0.0,0.0,0.0,0.0,0.0,0.0,0.0,8161340750.0,9209000232.0,8812508232.0,9209000232.0,14209000232.0,9533939814.0,9533939814.0,8319912780.0,23431537063.0,22464047303.0,28093273879.0,28378926475.0,27987972710.0,29414658011.0,29271650701.0,31274618621.0,31140890370.0,31914826931.0,31879765731.0,32006017989.0,30592959186.0,29875856088.0,29747915974.0,29339512224.0,29240940609.0,28259266967.0,27792223603.0,27556479036.0,27420080824.0,27328158629.0,28808269721.0,27493410113.0,27022486649.0
11. Doanh thu chưa thực hiện dài hạn,0.0,0.0,0.0,,,,,,,,,,,,0.0,0.0,0.0,0.0,0.0,0.0,0.0,0.0,0.0,0.0,0.0,0.0,0.0,0.0,0.0,0.0,0.0,0.0,0.0,0.0,0.0,0.0,0.0,0.0,0.0,0.0,0.0,0.0,0.0,0.0,0.0,0.0,0.0,0.0,0.0,0.0,0.0,0.0,0.0,0.0,0.0,0.0,0.0,0.0,0.0,0.0,0.0,0.0,0.0,0.0,0.0,0.0,0.0,0.0,0.0
12. Quỹ phát triển khoa học và công nghệ,0.0,0.0,0.0,,,,,,,,,,,,0.0,0.0,0.0,0.0,0.0,0.0,0.0,0.0,0.0,0.0,0.0,0.0,0.0,0.0,0.0,0.0,0.0,0.0,0.0,0.0,0.0,0.0,0.0,0.0,0.0,0.0,0.0,0.0,0.0,0.0,0.0,0.0,0.0,0.0,0.0,0.0,0.0,0.0,0.0,0.0,0.0,0.0,0.0,0.0,0.0,0.0,0.0,0.0,0.0,0.0,0.0,0.0,0.0,0.0,0.0
B. Nguồn vốn chủ sở hữu,6676484908.0,71492647849.0,88014727584.0,95642841662.0,204546521343.0,208896797366.0,225016941302.0,197970584537.0,203518688798.0,193155177948.0,185595192967.0,186536013382.0,200927891387.0,198838726039.0,205499981401.0,263190414871.0,266105423147.0,260116039520.0,259680826097.0,243099864126.0,248606165332.0,254289601925.0,260152860100.0,268513117655.0,331639485179.0,327243071221.0,519275901611.0,735844376345.0,743158099793.0,757309298628.0,1340176660234.0,1365276998458.0,1641985327922.0,1685334293693.0,2494740271965.0,2715836118496.0,2781106972295.0,2715077329766.0,2781952444045.0,2795721365077.0,2841755791053.0,2923158068296.0,2961234588407.0,3374547715068.0,4271203775507.0,4164433331121.0,4696675322045.0,4601803768648.0,5476541158926.0,5972277101660.0,5837777137240.0,5873949865185.0,5941140508324.0,6169118374749.0,6163420585346.0,5960161748671.0,6033442389713.0,6168534629515.0,6088491192970.0,6240058407750.0,6277317712430.0,7579292377301.0,7660427818443.0,7198347340195.0,7291946924438.0,7849542275072.0,7890178593039.0,7864561291937.0,8023130273724.0
I. Vốn chủ sở hữu,6676484908.0,71492647849.0,88014727584.0,95530841662.0,204434521343.0,208784797366.0,225016941302.0,197970584537.0,203518688798.0,185190506482.0,185595192967.0,186536013382.0,200927891387.0,198838726039.0,205499981401.0,263190414871.0,266105423147.0,260116039520.0,259680826097.0,243099864126.0,248606165332.0,254289601925.0,260152860100.0,268513117655.0,331639485179.0,327243071221.0,519275901611.0,735844376345.0,743158099793.0,757309298628.0,1340176660234.0,1365276998458.0,1641985327922.0,1685334293693.0,2494740271965.0,2715836118496.0,2781106972295.0,2715077329766.0,2781952444045.0,2795721365077.0,2841755791053.0,2923158068296.0,2961234588407.0,3374547715068.0,4271203775507.0,4164433331121.0,4696675322045.0,4601803768648.0,5476541158926.0,5972277101660.0,5837777137240.0,5873949865185.0,5941140508324.0,6169118374749.0,6163420585346.0,5960161748671.0,6033442389713.0,6168534629515.0,6088491192970.0,6240058407750.0,6277317712430.0,7579292377301.0,7660427818443.0,7198347340195.0,7291946924438.0,7849542275072.0,7890178593039.0,7864561291937.0,8023130273724.0
1. Vốn đầu tư của chủ sở hữu,5914396015.0,32000000000.0,32000000000.0,32000000000.0,70000000000.0,70000000000.0,70000000000.0,70000000000.0,70000000000.0,70000000000.0,70000000000.0,70000000000.0,70000000000.0,70000000000.0,70000000000.0,115500000000.0,115500000000.0,115500000000.0,115500000000.0,115500000000.0,115500000000.0,115500000000.0,115500000000.0,115500000000.0,115500000000.0,115500000000.0,192000000000.0,200500000000.0,200500000000.0,200500000000.0,403625000000.0,403625000000.0,605437480000.0,616437480000.0,831437480000.0,831437480000.0,831437480000.0,1008724970000.0,1008724970000.0,1008724970000.0,1008724970000.0,1023724970000.0,1023724970000.0,1023724970000.0,1177236300000.0,1177236300000.0,1202016300000.0,1202016300000.0,1336016300000.0,1361016300000.0,1701011410000.0,1701011410000.0,1701011410000.0,1731011410000.0,2163585800000.0,2163585800000.0,2163585800000.0,2163585800000.0,2163585800000.0,2163585800000.0,2163585800000.0,2163585800000.0,2163585800000.0,2163585800000.0,2163585800000.0,2163585800000.0,2163585800000.0,2162945800000.0,2162945800000.0
2. Thặng dư vốn cổ phần,0.0,22000000000.0,22000000000.0,22000000000.0,96000000000.0,96000000000.0,96000000000.0,96000000000.0,96000000000.0,96000000000.0,96000000000.0,96000000000.0,96000000000.0,96000000000.0,96000000000.0,108248900000.0,108248900000.0,108248900000.0,108248900000.0,108248900000.0,108248900000.0,108248900000.0,108248900000.0,108425218004.0,108518904236.0,108518904236.0,214338904236.0,226238904236.0,226238904236.0,226238904236.0,668503548236.0,668503548236.0,466691068236.0,477636068236.0,1011363099736.0,1011363099736.0,1011363099736.0,1021203143351.0,1021203143351.0,1021203143351.0,1021203143351.0,1021071143351.0,1021071143351.0,1021071143351.0,1021071143351.0,1021071143351.0,1020651143351.0,1020651143351.0,1677485643351.0,1677421643351.0,1337406533351.0,1337401533351.0,1337401533351.0,1337369533351.0,904770143351.0,904770143351.0,904770143351.0,904737143351.0,904737143351.0,904737143351.0,904737143351.0,904737143351.0,904737143351.0,904737143351.0,904737143351.0,904737143351.0,904737143351.0,904737143351.0,904737143351.0
3. Quyền chọn chuyển đổi trái phiếu,0.0,0.0,0.0,0.0,0.0,0.0,0.0,0.0,0.0,0.0,0.0,0.0,0.0,0.0,0.0,0.0,0.0,0.0,0.0,0.0,0.0,0.0,0.0,0.0,0.0,0.0,0.0,0.0,0.0,0.0,0.0,0.0,0.0,0.0,0.0,0.0,0.0,0.0,0.0,0.0,0.0,0.0,0.0,0.0,0.0,0.0,0.0,0.0,0.0,0.0,0.0,0.0,0.0,0.0,0.0,0.0,0.0,0.0,0.0,0.0,0.0,0.0,0.0,0.0,0.0,0.0,0.0,0.0,0.0
4. Vốn khác của chủ sở hữu,0.0,0.0,0.0,0.0,0.0,0.0,0.0,0.0,0.0,0.0,0.0,0.0,0.0,0.0,0.0,0.0,0.0,0.0,0.0,0.0,0.0,0.0,0.0,0.0,0.0,0.0,0.0,0.0,0.0,0.0,0.0,0.0,0.0,0.0,0.0,0.0,0.0,0.0,0.0,0.0,0.0,0.0,0.0,0.0,0.0,0.0,0.0,0.0,0.0,15042973511.0,15042973511.0,15042973511.0,15042973511.0,15042973511.0,15042973511.0,15042973511.0,15042973511.0,15042973512.0,15042973512.0,15042973511.0,15042973512.0,15042973512.0,15042973512.0,15042973511.0,55454310526.0,55454310527.0,55454310526.0,55454310526.0,55454310526.0
5. Cổ phiếu quỹ,0.0,0.0,0.0,0.0,0.0,0.0,0.0,0.0,0.0,0.0,0.0,0.0,0.0,0.0,0.0,0.0,0.0,-16904100720.0,-16904100720.0,-16904100720.0,-16904100720.0,-16904100720.0,-16904100720.0,-8232466092.0,0.0,0.0,0.0,0.0,0.0,0.0,0.0,0.0,0.0,0.0,0.0,0.0,0.0,0.0,0.0,-561000000.0,-561000000.0,-561000000.0,-561000000.0,-561000000.0,-561000000.0,-561000000.0,0.0,-350000000.0,-1020000000.0,-1020000000.0,0.0,-590000000.0,-590000000.0,-690000000.0,-690000000.0,-166038836328.0,-167188836328.0,-167828836328.0,-167828836328.0,-167828836328.0,-167828836328.0,-167828836328.0,-167828836328.0,-167828836328.0,-167828836328.0,-167828836328.0,0.0,-167188836328.0,-167188836328.0
6. Chênh lệch đánh giá lại tài sản,0.0,0.0,0.0,0.0,0.0,0.0,0.0,0.0,0.0,0.0,0.0,0.0,0.0,0.0,0.0,0.0,0.0,0.0,0.0,0.0,0.0,0.0,0.0,0.0,0.0,0.0,0.0,0.0,0.0,0.0,0.0,0.0,0.0,0.0,0.0,0.0,0.0,0.0,0.0,0.0,0.0,0.0,0.0,0.0,0.0,0.0,0.0,0.0,0.0,0.0,0.0,0.0,0.0,0.0,0.0,0.0,0.0,0.0,0.0,0.0,0.0,0.0,0.0,0.0,0.0,0.0,-167828836328.0,0.0,0.0
7. Chênh lệch tỷ giá hối đoái,0.0,0.0,0.0,0.0,0.0,0.0,0.0,0.0,0.0,0.0,0.0,0.0,0.0,0.0,0.0,0.0,0.0,0.0,0.0,0.0,0.0,0.0,0.0,0.0,0.0,0.0,0.0,0.0,0.0,0.0,0.0,0.0,0.0,0.0,0.0,0.0,0.0,0.0,0.0,0.0,0.0,0.0,0.0,0.0,0.0,0.0,0.0,0.0,0.0,0.0,0.0,0.0,0.0,0.0,0.0,0.0,0.0,0.0,0.0,0.0,0.0,0.0,0.0,0.0,0.0,0.0,0.0,0.0,0.0
8. Quỹ đầu tư phát triển,0.0,0.0,0.0,200000000.0,200000000.0,2612438992.0,2643640007.0,2643640007.0,2643640007.0,3953889777.0,3956132933.0,4135865951.0,4135865951.0,5697345752.0,5697345752.0,5978041786.0,5978041786.0,6417328186.0,6417328186.0,6905188560.0,6905188560.0,6905188560.0,6905188560.0,6905188560.0,6905188560.0,6905188560.0,6905188560.0,6905188560.0,6905188560.0,6905188560.0,6836132890.0,6836132890.0,6266242920.0,6836132890.0,15360655797.0,49959381642.0,49898826037.0,47708067259.0,45847426830.0,110254216488.0,108683969370.0,95275044866.0,97726142058.0,135173279407.0,132652175784.0,128226531546.0,130950737952.0,217879829024.0,206184504330.0,200532332920.0,199243748564.0,284226516225.0,238442716023.0,242109812185.0,238578848452.0,308959152095.0,305537573008.0,303132913324.0,302912828807.0,371519240885.0,350135112776.0,347143480941.0,351488914036.0,358306059027.0,356824287661.0,350547911750.0,364347444951.0,390041241048.0,388836608059.0
9. Quỹ dự phòng tài chính,0.0,0.0,0.0,96234087.0,96234087.0,2508673079.0,2539874094.0,2645586863.0,2582441305.0,3877391400.0,3958079790.0,4137812807.0,4137812807.0,5699292608.0,5746596965.0,6027292999.0,6027292999.0,6457118528.0,6466579399.0,6944978901.0,6944978901.0,6944978901.0,6944978901.0,6944978901.0,6944978901.0,6944978901.0,6944978901.0,6944978901.0,6944978901.0,6944978901.0,7543379358.0,7543992811.0,7543992811.0,7543992811.0,0.0,0.0,0.0,0.0,0.0,0.0,0.0,0.0,0.0,0.0,0.0,0.0,0.0,0.0,0.0,0.0,0.0,0.0,0.0,0.0,0.0,0.0,0.0,0.0,0.0,0.0,0.0,0.0,0.0,0.0,0.0,0.0,0.0,0.0,0.0
10. Quỹ khác thuộc vốn chủ sở hữu,0.0,0.0,0.0,0.0,0.0,0.0,0.0,0.0,0.0,0.0,0.0,0.0,0.0,0.0,0.0,0.0,0.0,0.0,0.0,0.0,0.0,0.0,0.0,0.0,0.0,0.0,0.0,0.0,0.0,0.0,0.0,0.0,0.0,0.0,0.0,0.0,0.0,0.0,0.0,0.0,0.0,0.0,0.0,0.0,0.0,0.0,0.0,0.0,0.0,0.0,0.0,0.0,0.0,0.0,0.0,0.0,0.0,0.0,0.0,0.0,0.0,0.0,0.0,0.0,0.0,0.0,0.0,0.0,0.0
11. Lợi nhuận sau thuế chưa phân phối,762088893.0,16467670598.0,32903725364.0,40054952507.0,36879945245.0,36094741254.0,52268398196.0,25126169242.0,30600067074.0,11359225305.0,11216135523.0,11797489903.0,26156783209.0,20946888408.0,27546530964.0,26845098961.0,29485899800.0,38745186937.0,38880265063.0,21421129341.0,26451776232.0,31889462242.0,37801765347.0,37422051186.0,92247207854.0,87647188496.0,97551695454.0,99244313607.0,113560737843.0,128259780483.0,64800641857.0,89522697776.0,69083073884.0,102613813641.0,0.0,114034117593.0,162088250591.0,34967703707.0,133932187234.0,83604294812.0,128516139396.0,179509284557.0,212266407579.0,316880210034.0,427484613731.0,389734102858.0,411716667486.0,285802402726.0,359821014671.0,425839373555.0,391491809404.0,322515570475.0,410106046970.0,460648153009.0,475623093916.0,395466502511.0,441174157674.0,520011283238.0,408729614349.0,373859823912.0,425796716779.0,860268046999.0,944217877770.0,1045361805074.0,1050299333250.0,1186279594985.0,1177150053303.0,1167575284855.0,1260721204960.0
LNST chưa phân phối lũy kế đến cuối kỳ trước,,,,,,,,,,,,,,,,,,,,,,,,,,,,,,,,,,,0.0,49836280723.0,49836280723.0,49836280723.0,36789665713.0,36789665713.0,36789665713.0,36789665713.0,179317987321.0,112168214338.0,179317987321.0,179317987321.0,390694081881.0,251669332935.0,267408967800.0,247361524112.0,415363160536.0,290184310472.0,336117901302.0,319551970538.0,461480523682.0,345061294947.0,343730552299.0,333831873698.0,387819673194.0,292827050465.0,309250326402.0,309845854893.0,838261359068.0,795577017615.0,745039177850.0,746431367906.0,1137117745467.0,1065290955280.0,1059597425980.0
LNST chưa phân phối kỳ này,,,,,,,,,,,,,,,,,,,,,,,,,,,,,,,,,,,0.0,64197836870.0,112251969868.0,-14868577016.0,97142521521.0,46814629099.0,91726473683.0,142719618844.0,32948420258.0,204711995696.0,248166626410.0,210416115537.0,21022585605.0,34133069791.0,92412046871.0,178477849443.0,-23871351132.0,32331260003.0,73988145668.0,141096182471.0,14142570234.0,50405207564.0,97443605375.0,186179409540.0,20909941155.0,81032773447.0,116546390377.0,550422192106.0,105956518702.0,249784787459.0,305260155400.0,439848227079.0,40032307836.0,102284329575.0,201123778980.0
12. Nguồn vốn đầu tư xây dựng cơ bản,0.0,0.0,0.0,0.0,0.0,0.0,0.0,0.0,0.0,0.0,0.0,0.0,0.0,0.0,0.0,0.0,0.0,0.0,0.0,0.0,0.0,0.0,0.0,0.0,0.0,0.0,0.0,0.0,0.0,0.0,0.0,0.0,2758757461.0,0.0,129728142445.0,0.0,0.0,0.0,0.0,0.0,0.0,0.0,0.0,0.0,0.0,0.0,0.0,0.0,0.0,0.0,0.0,0.0,0.0,0.0,0.0,0.0,0.0,0.0,0.0,0.0,0.0,0.0,0.0,0.0,0.0,0.0,0.0,0.0,0.0
13. Quỹ hỗ trợ sắp xếp doanh nghiệp,0.0,0.0,0.0,0.0,0.0,0.0,0.0,0.0,0.0,0.0,0.0,0.0,0.0,0.0,0.0,0.0,0.0,0.0,0.0,0.0,0.0,0.0,0.0,0.0,0.0,0.0,0.0,0.0,0.0,0.0,0.0,0.0,0.0,0.0,0.0,0.0,0.0,0.0,0.0,0.0,0.0,0.0,0.0,0.0,0.0,0.0,0.0,0.0,0.0,0.0,0.0,0.0,0.0,0.0,0.0,0.0,0.0,0.0,0.0,0.0,0.0,0.0,0.0,0.0,0.0,0.0,0.0,0.0,0.0
14. Lợi ích của cổ đông không kiểm soát,0.0,1024977251.0,1111002220.0,1179655068.0,1258342011.0,1568944041.0,1565029005.0,1555188425.0,1692540412.0,0.0,464844721.0,464844721.0,497429420.0,495199271.0,509507720.0,591081125.0,865288562.0,1651606589.0,1071854169.0,983768044.0,1459422359.0,1705172942.0,1656128012.0,1548147096.0,1523205628.0,1726811028.0,1535134460.0,196010991041.0,189008290253.0,188460446448.0,188867957893.0,189245626745.0,484204712610.0,474266806115.0,506850893987.0,709042039525.0,726319315931.0,602473445449.0,572244716630.0,572495740426.0,575188568936.0,604138625522.0,607006925419.0,878259112276.0,1513320542641.0,1448726253366.0,1931340473256.0,1875804093547.0,1898053696574.0,2293444478323.0,2193580662410.0,2214341861623.0,2239725828469.0,2383626492693.0,2366509726116.0,2338376013531.0,2370520578497.0,2429853352418.0,2461311669279.0,2579142262419.0,2585848802340.0,3456343768826.0,3449183946102.0,2879142395560.0,2928874885978.0,3356766350787.0,3392732677236.0,3350996348485.0,3417624043156.0
II. Nguồn kinh phí và quỹ khác,0.0,0.0,0.0,112000000.0,112000000.0,112000000.0,0.0,0.0,0.0,7964671466.0,0.0,0.0,0.0,0.0,0.0,0.0,0.0,0.0,0.0,0.0,0.0,0.0,0.0,0.0,0.0,0.0,0.0,0.0,0.0,0.0,0.0,0.0,0.0,0.0,0.0,0.0,0.0,0.0,0.0,0.0,0.0,0.0,0.0,0.0,0.0,0.0,0.0,0.0,0.0,0.0,0.0,0.0,0.0,0.0,0.0,0.0,0.0,0.0,0.0,0.0,0.0,0.0,0.0,0.0,0.0,0.0,0.0,0.0,0.0
1. Nguồn kinh phí ,0.0,0.0,0.0,112000000.0,112000000.0,112000000.0,0.0,0.0,0.0,,0.0,0.0,0.0,0.0,0.0,0.0,0.0,0.0,0.0,0.0,0.0,0.0,0.0,0.0,0.0,0.0,0.0,0.0,0.0,0.0,0.0,0.0,0.0,0.0,0.0,0.0,0.0,0.0,0.0,0.0,0.0,0.0,0.0,0.0,0.0,0.0,0.0,0.0,0.0,0.0,0.0,0.0,0.0,0.0,0.0,0.0,0.0,0.0,0.0,0.0,0.0,0.0,0.0,0.0,0.0,0.0,0.0,0.0,0.0
2. Nguồn kinh phí đã hình thành tài sản cố định,0.0,0.0,0.0,0.0,0.0,0.0,0.0,0.0,0.0,,0.0,0.0,0.0,0.0,0.0,0.0,0.0,0.0,0.0,0.0,0.0,0.0,0.0,0.0,0.0,0.0,0.0,0.0,0.0,0.0,0.0,0.0,0.0,0.0,0.0,0.0,0.0,0.0,0.0,0.0,0.0,0.0,0.0,0.0,0.0,0.0,0.0,0.0,0.0,0.0,0.0,0.0,0.0,0.0,0.0,0.0,0.0,0.0,0.0,0.0,0.0,0.0,0.0,0.0,0.0,0.0,0.0,0.0,0.0
3. Quỹ dự phòng trợ cấp mất việc làm,0.0,0.0,0.0,0.0,0.0,0.0,0.0,0.0,0.0,,0.0,0.0,0.0,0.0,0.0,0.0,0.0,0.0,0.0,0.0,0.0,0.0,0.0,0.0,0.0,0.0,0.0,0.0,0.0,0.0,0.0,0.0,0.0,0.0,0.0,0.0,0.0,0.0,0.0,0.0,0.0,0.0,0.0,0.0,0.0,0.0,0.0,0.0,0.0,0.0,0.0,0.0,0.0,0.0,0.0,0.0,0.0,0.0,0.0,0.0,0.0,0.0,0.0,0.0,0.0,0.0,0.0,0.0,0.0
TỔNG CỘNG NGUỒN VỐN,10726409993.0,89796222253.0,110627933407.0,339212831843.0,328655606532.0,301340039282.0,256547909998.0,226889692034.0,227395462921.0,214171915199.0,208261710447.0,214527492087.0,243456921875.0,234216894373.0,239088520292.0,294219638743.0,325163471389.0,296565350642.0,285907541657.0,282062481755.0,286292233797.0,291152073615.0,294285876779.0,455855220912.0,372542960164.0,368579525023.0,634089186852.0,965449702951.0,904872123544.0,1121008032517.0,1597137684125.0,1562470924142.0,1979945133680.0,2193330598245.0,3000144318232.0,3631638637687.0,3736445940577.0,3695307370871.0,3609404809335.0,3772471255269.0,3662969997382.0,3761977791731.0,3866133197878.0,4737349592486.0,5764293758594.0,5999008881842.0,7216680106436.0,7604999098024.0,9155102065623.0,9438196465543.0,9044805735939.0,9671474007226.0,10116896672431.0,10812603335526.0,11924013920782.0,12680755407429.0,13633464396300.0,11379404393356.0,11929010926935.0,12148583033269.0,11761501250768.0,15126798754618.0,15195007213537.0,13691786398973.0,14264406873665.0,16054242529675.0,16012354380947.0,19863919738145.0,19329149290365.0
