Item,Q4 2006,Q4 2007,Q1 2008,Q2 2008,Q4 2008,Q1 2009,Q2 2009,Q3 2009,Q4 2009,Q1 2010,Q2 2010,Q3 2010,Q4 2010,Q1 2011,Q2 2011,Q3 2011,Q4 2011,Q1 2012,Q2 2012,Q3 2012,Q4 2012,Q1 2013,Q2 2013,Q3 2013,Q4 2013,Q1 2014,Q2 2014,Q3 2014,Q4 2014,Q1 2015,Q2 2015,Q3 2015,Q4 2015,Q1 2016,Q2 2016,Q3 2016,Q4 2016,Q1 2017,Q2 2017,Q3 2017,Q4 2017,Q1 2018,Q2 2018,Q3 2018,Q4 2018,Q1 2019,Q2 2019,Q3 2019,Q4 2019,Q1 2020,Q2 2020,Q3 2020,Q4 2020,Q1 2021,Q2 2021,Q3 2021,Q4 2021,Q1 2022,Q2 2022,Q3 2022,Q4 2022,Q1 2023,Q2 2023,Q3 2023
TÀI SẢN,,,,,,,,,,,,,,,,,,,,,,,,,,,,,,,,,,,,,,,,,,,,,,,,,,,,,,,,,,,,,,,,
A. Tài sản lưu động và đầu tư ngắn hạn,132196287924.0,192721264671.0,163968024829.0,191698397646.0,279571888704.0,286779849504.0,323836453940.0,548098481717.0,623531455216.0,992458743324.0,1281239301040.0,1698083087455.0,1504725283346.0,1832890023932.0,1799343339926.0,1801619446469.0,1936790426443.0,1918012289200.0,1931217819218.0,1674475683887.0,1509195950317.0,1383731035838.0,1326440497808.0,1226213360519.0,1350999578959.0,1369167779688.0,1262692707241.0,1196553875471.0,1966981157973.0,1263399279279.0,1574021336414.0,2018106727095.0,1975190602956.0,2043539808803.0,2148582288932.0,2155162517087.0,2110035004915.0,2360133551258.0,1936329947397.0,1783876417542.0,1789831452027.0,2068716388289.0,2271514498303.0,1143686652273.0,2117560373052.0,2100040705327.0,2114481472750.0,2205520769768.0,2311130883461.0,2380527569160.0,2315947889089.0,2350750062700.0,1462839215580.0,1447699161377.0,1338583548768.0,1144792147989.0,2316172391449.0,2385300809481.0,2854777096448.0,3300891412667.0,3181497329496.0,2851208018093.0,2918120430552.0,8953647624769.0
I. Tiền và các khoản tương đương tiền,22923992928.0,27587233120.0,6785278846.0,7152097659.0,40002162023.0,53095948305.0,53723029766.0,59488104125.0,162997584053.0,204340224230.0,249747763703.0,133017682687.0,125196917663.0,226526018075.0,265867559721.0,110374753632.0,154520948747.0,97345754642.0,237275897126.0,67924858020.0,63446806706.0,60212481412.0,62642319830.0,39748521729.0,298805737348.0,193116350388.0,207403030926.0,232821038611.0,360060918592.0,92598446993.0,173041622466.0,626351634440.0,576880129477.0,524486183320.0,454208613221.0,515120227351.0,428688075454.0,567449820337.0,615498770529.0,260262987377.0,324184082083.0,178888223422.0,319443431083.0,220335676462.0,142526664337.0,147792118302.0,133323453352.0,167882994045.0,146076986910.0,210242851576.0,159689866053.0,244578692610.0,219322711611.0,329136378556.0,329814461490.0,323084151130.0,641553582230.0,613070213571.0,793126124154.0,784068909071.0,953430125623.0,978643224333.0,1037972543837.0,1582069843068.0
1. Tiền,22923992928.0,27587233120.0,,7152097659.0,40002162023.0,,,59488104125.0,,94863224230.0,67460763703.0,64530682687.0,60998417663.0,39207018075.0,118525134190.0,55588916474.0,21316948747.0,48145754642.0,12945897126.0,63994858020.0,29016806706.0,40412481412.0,35755319830.0,20661521729.0,298548737348.0,192859350388.0,107146030926.0,145931038611.0,302860918592.0,32898446993.0,130482535210.0,546151634440.0,295680129477.0,179462183320.0,99214809981.0,152991599700.0,84155056489.0,97150249671.0,347395610756.0,65632656417.0,120435157462.0,69956468224.0,69835455042.0,62257535358.0,45772170869.0,101550002404.0,76036119475.0,111457865474.0,115602160741.0,120634892043.0,123389311258.0,232278137815.0,198909108118.0,298135823761.0,290309095618.0,252935874976.0,404156054780.0,598045189392.0,738123775848.0,784066542965.0,936427741777.0,972452073796.0,1037972543837.0,1455359981882.0
2. Các khoản tương đương tiền,0.0,0.0,,0.0,0.0,,,0.0,,109477000000.0,182287000000.0,68487000000.0,64198500000.0,187319000000.0,147342425531.0,54785837158.0,133204000000.0,49200000000.0,224330000000.0,3930000000.0,34430000000.0,19800000000.0,26887000000.0,19087000000.0,257000000.0,257000000.0,100257000000.0,86890000000.0,57200000000.0,59700000000.0,42559087256.0,80200000000.0,281200000000.0,345024000000.0,354993803240.0,362128627651.0,344533018965.0,470299570666.0,268103159773.0,194630330960.0,203748924621.0,108931755198.0,249607976041.0,158078141104.0,96754493468.0,46242115898.0,57287333877.0,56425128571.0,30474826169.0,89607959533.0,36300554795.0,12300554795.0,20413603493.0,31000554795.0,39505365872.0,70148276154.0,237397527450.0,15025024179.0,55002348306.0,2366106.0,17002383846.0,6191150537.0,0.0,126709861186.0
II. Các khoản đầu tư tài chính ngắn hạn,0.0,0.0,0.0,16487000000.0,11887000000.0,0.0,387000000.0,110287000000.0,30249500000.0,3500000000.0,20045000000.0,154652000000.0,68214032703.0,72915981903.0,59143638991.0,59383931315.0,45797649751.0,44151474051.0,34758974051.0,34758974051.0,5077309615.0,7907309615.0,4629510005.0,3579510005.0,38929510005.0,56829510005.0,18679510005.0,17639510005.0,76362165051.0,101561879550.0,120290084189.0,63658421480.0,45249232122.0,45249232122.0,315049232122.0,194397190322.0,134298370409.0,169298370409.0,59815677076.0,404297430548.0,246331476176.0,138231476176.0,58478302811.0,57278302811.0,60399980583.0,58276150607.0,58250519579.0,61362019362.0,61403931812.0,61403931812.0,10538331485.0,10390000000.0,46920000000.0,71558398516.0,38558398516.0,24921300000.0,618144607184.0,299260000000.0,0.0,0.0,596530000000.0,190210000000.0,204226746505.0,741207895204.0
1. Chứng khoán kinh doanh,0.0,0.0,0.0,16487000000.0,11887000000.0,0.0,,110287000000.0,,3500000000.0,20045000000.0,154652000000.0,68214032703.0,72915981903.0,59143638991.0,59383931315.0,46024490521.0,44151474051.0,34758974051.0,34758974051.0,5077309615.0,7907309615.0,4629510005.0,3579510005.0,38929510005.0,56829510005.0,18679510005.0,17639510005.0,76362165051.0,101561879550.0,0.0,0.0,0.0,0.0,0.0,0.0,0.0,0.0,0.0,0.0,0.0,0.0,0.0,0.0,0.0,0.0,0.0,0.0,0.0,0.0,0.0,0.0,0.0,0.0,0.0,0.0,0.0,0.0,0.0,0.0,359320000000.0,0.0,0.0,27452052543.0
2. Dự phòng giảm giá chứng khoán kinh doanh,0.0,0.0,0.0,0.0,0.0,0.0,,0.0,,0.0,0.0,0.0,0.0,0.0,0.0,0.0,-226840770.0,0.0,0.0,0.0,0.0,0.0,0.0,0.0,0.0,0.0,0.0,0.0,0.0,0.0,0.0,0.0,0.0,0.0,0.0,0.0,0.0,0.0,0.0,0.0,0.0,0.0,0.0,0.0,0.0,0.0,0.0,0.0,0.0,0.0,0.0,0.0,0.0,0.0,0.0,0.0,0.0,0.0,0.0,0.0,0.0,0.0,0.0,-15221858622.0
3. Đầu tư nắm giữ đến ngày đáo hạn,0.0,0.0,0.0,0.0,0.0,0.0,,0.0,,0.0,0.0,0.0,0.0,0.0,0.0,0.0,0.0,0.0,0.0,0.0,0.0,0.0,0.0,0.0,0.0,0.0,0.0,0.0,0.0,0.0,120290084189.0,63658421480.0,45249232122.0,45249232122.0,315049232122.0,194397190322.0,134298370409.0,169298370409.0,59815677076.0,404297430548.0,246331476176.0,138231476176.0,58478302811.0,57278302811.0,60399980583.0,58276150607.0,58250519579.0,61362019362.0,61403931812.0,61403931812.0,10538331485.0,10390000000.0,46920000000.0,71558398516.0,38558398516.0,24921300000.0,618144607184.0,299260000000.0,0.0,0.0,237210000000.0,190210000000.0,204226746505.0,728977701283.0
III. Các khoản phải thu ngắn hạn,75713171022.0,111237575359.0,68546254694.0,46715891284.0,104797951358.0,77023364306.0,76545168880.0,125762034278.0,245227042467.0,525035326391.0,360218456050.0,768574931162.0,983581001342.0,1173561021911.0,1088234975831.0,1218685656333.0,1376931743533.0,1385714887821.0,1221943365727.0,1153367802376.0,1061579424953.0,905717922060.0,883228841661.0,782801542904.0,840689368527.0,923112795895.0,874567619473.0,762570944087.0,1383841951985.0,940779184245.0,1157740541270.0,1176000640750.0,1220713013767.0,1325812271103.0,1198537961603.0,1244988089731.0,1311592792249.0,1361622899658.0,1097679059961.0,926349342429.0,995954574876.0,1526231552465.0,1677549876245.0,689165971524.0,1667038767749.0,1652120888062.0,1714289700837.0,1691486443826.0,1851735542157.0,1854054355356.0,1926181917044.0,1886547205199.0,975469626587.0,845024875633.0,785678430709.0,613615246767.0,822160342764.0,1334034162338.0,1877133369852.0,2326731265286.0,1481893388016.0,1564544400504.0,1524435057011.0,3490344576056.0
1. Phải thu ngắn hạn của khách hàng,70709315242.0,98343781727.0,,32256052730.0,93515243098.0,,,60678187917.0,,149915140854.0,222092676500.0,240995294321.0,275098755657.0,307070796564.0,406874144355.0,502275706463.0,746956418143.0,720059151399.0,599420161142.0,590697172209.0,720215225105.0,495762605098.0,523709710442.0,458505239760.0,512415724924.0,364089704808.0,384799682438.0,372571071559.0,1243161820581.0,751324344003.0,809799583306.0,817103719717.0,763979970700.0,614808859342.0,368400828562.0,384037303028.0,513538720952.0,514356802076.0,477224683468.0,451539725009.0,611303376283.0,1146618615115.0,1310251363525.0,407508395232.0,1425563311150.0,1397866443182.0,1464492155774.0,1451161133395.0,1596666648884.0,1620127524800.0,1611445133094.0,1525053685404.0,731919464938.0,643116717582.0,568139615194.0,441926592031.0,607576212601.0,425118460647.0,422158404602.0,423893238844.0,445167907710.0,485738635184.0,500475680540.0,1255640832529.0
2. Trả trước cho người bán,3394920710.0,10375015099.0,,9229628495.0,8015812674.0,,,52039664520.0,,373163264341.0,135954913343.0,524155216477.0,638733407755.0,821225673675.0,662346986298.0,691837952181.0,610689758280.0,648846650909.0,559556648610.0,505017471259.0,305620224464.0,366653171561.0,298322992468.0,244919781704.0,278493450000.0,374353691719.0,276245631649.0,211837765928.0,107593297891.0,120048336313.0,243711098971.0,220090910091.0,320272170741.0,481492258189.0,343716668940.0,383541566434.0,253385738480.0,276581728677.0,150151858335.0,133126004135.0,103519118356.0,105314433955.0,114654835814.0,84340564909.0,84901960836.0,92385858362.0,96307477064.0,95777593232.0,108173410146.0,97143726019.0,98967964322.0,95829027240.0,48878129457.0,52715627049.0,66081768186.0,36881143827.0,47065858805.0,73723263838.0,157610310159.0,117965825328.0,56864182754.0,74376945020.0,79514117978.0,351711207980.0
3. Phải thu nội bộ ngắn hạn,851757150.0,0.0,,0.0,0.0,,,0.0,,0.0,0.0,0.0,0.0,0.0,0.0,0.0,0.0,0.0,0.0,0.0,0.0,0.0,0.0,0.0,0.0,0.0,0.0,0.0,0.0,0.0,0.0,0.0,0.0,0.0,0.0,0.0,0.0,0.0,0.0,0.0,0.0,0.0,0.0,0.0,0.0,0.0,0.0,0.0,0.0,0.0,0.0,0.0,0.0,0.0,0.0,0.0,0.0,0.0,0.0,0.0,0.0,0.0,0.0,0.0
4. Phải thu theo tiến độ hợp đồng xây dựng,0.0,0.0,,0.0,0.0,,,0.0,,0.0,0.0,0.0,0.0,0.0,0.0,0.0,0.0,0.0,0.0,0.0,0.0,0.0,0.0,0.0,0.0,0.0,0.0,0.0,0.0,0.0,0.0,0.0,0.0,0.0,0.0,0.0,0.0,0.0,0.0,0.0,0.0,0.0,0.0,0.0,0.0,0.0,0.0,0.0,0.0,0.0,0.0,0.0,0.0,0.0,0.0,0.0,0.0,0.0,0.0,0.0,0.0,0.0,0.0,0.0
5. Phải thu về cho vay ngắn hạn,0.0,0.0,,0.0,0.0,,,0.0,,0.0,0.0,0.0,0.0,0.0,0.0,0.0,0.0,0.0,0.0,0.0,0.0,0.0,0.0,0.0,0.0,0.0,0.0,0.0,0.0,0.0,1662000000.0,1462000000.0,10130000000.0,75230000000.0,300308000000.0,228387500000.0,238920765480.0,148709202203.0,70309202203.0,97001202203.0,50932232203.0,39645232203.0,29642202203.0,53600500000.0,41711579797.0,36297129048.0,31661385712.0,35547485712.0,33810385712.0,33450385712.0,30335979000.0,33335979000.0,32625979000.0,30425979000.0,12460285000.0,12550285000.0,33349285000.0,70315000000.0,72873073506.0,15339073506.0,15299000000.0,15299000000.0,15299000000.0,17799000000.0
6. Phải thu ngắn hạn khác,757177920.0,2739798446.0,,5451229972.0,3833737734.0,,,13557576138.0,,2313798098.0,2527743109.0,3781297266.0,70290852314.0,45806566056.0,19555859562.0,25114012073.0,20106393826.0,17563207425.0,63720677887.0,58407280820.0,36962783411.0,44520953428.0,62414946778.0,80595329467.0,50539336068.0,185299972921.0,214152878939.0,178792680153.0,33443383831.0,69763054247.0,102924409311.0,137700561260.0,126653633499.0,154603914745.0,186435225274.0,249344481442.0,306368428036.0,422596027401.0,400614176654.0,245303271781.0,230435098034.0,234888521192.0,223236724703.0,149202243783.0,139648215623.0,150357757127.0,143464981944.0,130636531144.0,145009796925.0,135257418335.0,217357540138.0,264253213065.0,171460470742.0,128180969552.0,148411179879.0,153429637804.0,148557848414.0,779147799909.0,1238761943641.0,1783803489664.0,1101651527785.0,1140089129603.0,1075332430257.0,2014264348210.0
7. Dự phòng phải thu ngắn hạn khó đòi,0.0,-221019913.0,,-221019913.0,-566842148.0,,,-513394297.0,,-356876902.0,-356876902.0,-356876902.0,-542014384.0,-542014384.0,-542014384.0,-542014384.0,-820826716.0,-754121912.0,-754121912.0,-754121912.0,-1218808027.0,-1218808027.0,-1218808027.0,-1218808027.0,-759142465.0,-630573553.0,-630573553.0,-630573553.0,-356550318.0,-356550318.0,-356550318.0,-356550318.0,-322761173.0,-322761173.0,-322761173.0,-322761173.0,-620860699.0,-620860699.0,-620860699.0,-620860699.0,-235250000.0,-235250000.0,-235250000.0,-5485732400.0,-24786299657.0,-24786299657.0,-21636299657.0,-21636299657.0,-31924699510.0,-31924699510.0,-31924699510.0,-31924699510.0,-9414417550.0,-9414417550.0,-9414417550.0,-31172411895.0,-14388862056.0,-14270362056.0,-14270362056.0,-14270362056.0,-137089230233.0,-150959309303.0,-146186171764.0,-149070812663.0
IV. Tổng hàng tồn kho,31576843609.0,40220788727.0,54040076091.0,76711308449.0,88764868088.0,119955401520.0,147090499546.0,174476455564.0,137238215438.0,159158821253.0,471198827732.0,453721700666.0,169710990294.0,202002759563.0,223377755444.0,227762175857.0,212049818544.0,244171371511.0,280132149459.0,263869575971.0,237783119484.0,264353796441.0,258123960650.0,271100108240.0,119392833473.0,145198103767.0,121677847438.0,111908173799.0,59535634994.0,66914862039.0,53961269810.0,65447285952.0,56384765377.0,57553660921.0,60402865371.0,61054099769.0,41507715279.0,48877454461.0,47552510207.0,50248567648.0,48421852629.0,50341561310.0,36798728805.0,31464353429.0,78661264649.0,51515191834.0,25761435056.0,40329782340.0,38274159075.0,34687461204.0,108348748139.0,114243903021.0,124428336566.0,107290690907.0,93132114009.0,92487016106.0,78065202671.0,61233836775.0,107047573800.0,109924050575.0,80084046479.0,57490139977.0,95935334925.0,2948067432241.0
1. Hàng tồn kho,31576843609.0,40220788727.0,,76711308449.0,88764868088.0,,,174476455564.0,,159158821253.0,471198827732.0,453721700666.0,169710990294.0,202002759563.0,223377755444.0,227762175857.0,212049818544.0,244171371511.0,280132149459.0,263869575971.0,237783119484.0,264353796441.0,258123960650.0,271100108240.0,119392833473.0,145198103767.0,121677847438.0,111908173799.0,59535634994.0,66914862039.0,53961269810.0,65447285952.0,56384765377.0,57553660921.0,60402865371.0,61054099769.0,41507715279.0,48877454461.0,47552510207.0,50248567648.0,48421852629.0,50341561310.0,36798728805.0,31464353429.0,78661264649.0,51515191834.0,25761435056.0,40329782340.0,38274159075.0,34687461204.0,108348748139.0,114243903021.0,124428336566.0,107290690907.0,93132114009.0,92487016106.0,78065202671.0,61233836775.0,107047573800.0,109924050575.0,80084046479.0,57490139977.0,95935334925.0,2950545309610.0
2. Dự phòng giảm giá hàng tồn kho,0.0,0.0,,0.0,0.0,,,0.0,,0.0,0.0,0.0,0.0,0.0,0.0,0.0,0.0,0.0,0.0,0.0,0.0,0.0,0.0,0.0,0.0,0.0,0.0,0.0,0.0,0.0,0.0,0.0,0.0,0.0,0.0,0.0,0.0,0.0,0.0,0.0,0.0,0.0,0.0,0.0,0.0,0.0,0.0,0.0,0.0,0.0,0.0,0.0,0.0,0.0,0.0,0.0,0.0,0.0,0.0,0.0,0.0,0.0,0.0,-2477877369.0
V. Tài sản ngắn hạn khác,1982280365.0,13675667465.0,34596415198.0,44632100254.0,34119907235.0,36705135373.0,46090755748.0,78084887750.0,47819113258.0,100424371450.0,180029253555.0,188116772940.0,158022341344.0,157884242480.0,162719409939.0,185412929332.0,147490265868.0,146628801175.0,157107432855.0,154554473469.0,141309289559.0,145539526310.0,117815865662.0,128983677641.0,53182129606.0,50911019633.0,40364699399.0,71614208969.0,87180487351.0,61544906452.0,68987818679.0,86648744473.0,75963462213.0,90438461337.0,120383616615.0,139602909914.0,193948051524.0,212885006393.0,115783929624.0,142718089540.0,174939466263.0,175023574916.0,179244159359.0,145442348047.0,168933695734.0,190336356522.0,182856363926.0,244459530195.0,213640263507.0,220138969212.0,111189026368.0,94990261870.0,96698540816.0,94688817765.0,91400144044.0,90684433986.0,156248656600.0,77702596797.0,77470028642.0,80167187735.0,69559769378.0,60320253279.0,55550748274.0,191957878200.0
1. Chi phí trả trước ngắn hạn,605662919.0,2367374701.0,,4439031140.0,3038130284.0,,,1640385118.0,,4545040027.0,3074167300.0,3464917075.0,297106347.0,1014520299.0,2914343684.0,325816876.0,106405336.0,575842500.0,472625571.0,1267576641.0,13425189219.0,2017033255.0,3202962215.0,3293419596.0,205100501.0,107348279.0,77999544.0,54052231.0,19428789.0,1839509976.0,2032723120.0,2496635053.0,2497322813.0,3387699070.0,1213044003.0,1167996727.0,733130886.0,7027348842.0,17372360123.0,25136582246.0,33278225798.0,41830359892.0,47334817718.0,54425631771.0,64629867891.0,89436361550.0,82894351268.0,90344387961.0,98840332500.0,106296265350.0,1094082312.0,1219935154.0,1211092152.0,1224120734.0,905982466.0,626016606.0,1022853597.0,220768828.0,1048041739.0,2648484269.0,3813617343.0,3692417405.0,2401865146.0,40379417368.0
2. Thuế giá trị gia tăng được khấu trừ,213154777.0,24144878.0,,1658111978.0,2548506944.0,,,17172751062.0,,28524017671.0,64535517694.0,63918889766.0,80569755910.0,86011311837.0,83559495469.0,89925902445.0,99549579026.0,83418309633.0,87357390983.0,83361878928.0,78979324299.0,82769594813.0,75230281453.0,98716666485.0,30176070338.0,27684170086.0,18953250375.0,33210337900.0,47035578193.0,49384896865.0,57199081479.0,75797380119.0,68900589570.0,84170925409.0,116270866954.0,135535207529.0,190288614098.0,202930161762.0,95493133602.0,114664746202.0,132220976929.0,124960027306.0,128876242523.0,87965077350.0,96063056205.0,92717040665.0,91779891467.0,92313328557.0,94991086190.0,94035821691.0,92341622128.0,90174671301.0,91331226990.0,89282879150.0,86450368778.0,85944276614.0,84149378904.0,77129441371.0,74478458816.0,76457798234.0,64830309596.0,56129930642.0,52648544900.0,143442043402.0
3. Thuế và các khoản phải thu Nhà nước,4200000.0,6720000.0,,107320238.0,19738322.0,,,1260106494.0,,2544261110.0,1587697058.0,1191087390.0,1124703943.0,1189238943.0,1219999143.0,406704564.0,0.0,4272000.0,2292000.0,60145499.0,3577979.0,0.0,47152818.0,1315637130.0,2292294692.0,1018924500.0,2696337965.0,5403214691.0,11543189745.0,10320499611.0,9756014080.0,8354729301.0,4565549830.0,2879836858.0,2899705658.0,2899705658.0,2926306540.0,2927495789.0,2918435899.0,2916761092.0,9440263536.0,8233187718.0,3033099118.0,3051638926.0,8240771638.0,8182954307.0,8182121191.0,61801813677.0,19808844817.0,19806882171.0,17753321928.0,3595655415.0,4156221674.0,4181817881.0,4043792800.0,4114140766.0,7576424099.0,352386598.0,1943528087.0,1060905232.0,915842439.0,497905232.0,500338228.0,8136417430.0
4. Giao dịch mua bán lại trái phiếu chính phủ,0.0,0.0,,0.0,0.0,,,0.0,,0.0,0.0,0.0,0.0,0.0,0.0,0.0,0.0,0.0,0.0,0.0,0.0,0.0,0.0,0.0,0.0,0.0,0.0,0.0,0.0,0.0,0.0,0.0,0.0,0.0,0.0,0.0,0.0,0.0,0.0,0.0,0.0,0.0,0.0,0.0,0.0,0.0,0.0,0.0,0.0,0.0,0.0,0.0,0.0,0.0,0.0,0.0,0.0,0.0,0.0,0.0,0.0,0.0,0.0,0.0
5. Tài sản ngắn hạn khác,1159262669.0,11277427886.0,,38427636898.0,28513531685.0,,,58011645076.0,,64811052642.0,110831871503.0,119541878709.0,76030775144.0,69669171401.0,75025571643.0,94754505447.0,47834281506.0,62630377042.0,69275124301.0,69864872401.0,48901198062.0,60752898242.0,39335469176.0,25657954430.0,20508664075.0,22100576768.0,18637111515.0,32946604147.0,28582290624.0,0.0,0.0,0.0,0.0,0.0,0.0,0.0,0.0,0.0,0.0,0.0,0.0,0.0,0.0,0.0,0.0,0.0,0.0,0.0,0.0,0.0,0.0,0.0,0.0,0.0,0.0,0.0,63500000000.0,0.0,0.0,0.0,0.0,0.0,0.0,0.0
B. Tài sản cố định và đầu tư dài hạn,28305507765.0,29210490190.0,30806489577.0,35592229759.0,51456419034.0,80067146888.0,218724550849.0,270002710236.0,524163447166.0,731519621566.0,995460436717.0,1080765651408.0,1673807776138.0,1850811197887.0,2024660932861.0,2266749585129.0,2485546158772.0,2522241056670.0,2975994364099.0,3184598957797.0,2658674242256.0,2548409974006.0,2580079101877.0,2887181905977.0,3419423317827.0,3866325496888.0,4349101185634.0,4790068097271.0,4246356127077.0,4524200688726.0,5022165874061.0,5384427180285.0,5111160271020.0,5436823400871.0,5969019080053.0,6303727223725.0,7209817657567.0,7448636400558.0,8026530848220.0,8888754756445.0,8978995180576.0,8504879571030.0,8582438146858.0,9633203263993.0,8713539788828.0,8701520810517.0,8748682136580.0,8797261569653.0,8706869287306.0,8645174359036.0,8740272095118.0,8543336120887.0,8695631385992.0,8650520913589.0,8618412745127.0,8698062628524.0,8515096644136.0,8471489543599.0,8426158967710.0,8297200064559.0,8451153584287.0,8748912889743.0,8753120964461.0,16135734688757.0
I. Các khoản phải thu dài hạn,0.0,0.0,0.0,0.0,0.0,0.0,31344395.0,1305000000.0,996252668.0,92606000.0,0.0,0.0,0.0,0.0,0.0,0.0,0.0,0.0,0.0,0.0,0.0,0.0,0.0,0.0,0.0,0.0,0.0,0.0,0.0,3150000000.0,3248000000.0,3248000000.0,250642124472.0,391142124472.0,330922537032.0,329187032090.0,339787328285.0,354945799897.0,281117140816.0,287854549202.0,287293124712.0,239239497607.0,227288409047.0,1202645668253.0,227542226459.0,217616806429.0,206665549533.0,285917972176.0,142934080353.0,149182801283.0,149232963270.0,59290685496.0,122984283349.0,122984403038.0,122984524117.0,215766044869.0,128400304638.0,126152975742.0,129484275742.0,124394626536.0,126747483752.0,146732400156.0,149891601501.0,314759722295.0
1. Phải thu dài hạn của khách hàng,0.0,0.0,0.0,0.0,0.0,0.0,,1305000000.0,,92606000.0,0.0,0.0,0.0,0.0,0.0,0.0,0.0,0.0,0.0,0.0,0.0,0.0,0.0,0.0,0.0,0.0,0.0,0.0,0.0,0.0,0.0,0.0,250519019957.0,250519019957.0,250519019957.0,250519019957.0,250519019957.0,250519019957.0,186819019957.0,187543789957.0,187543789957.0,167543789957.0,167543789957.0,1142724297389.0,167543789957.0,157543789957.0,147543789957.0,226743012600.0,83683500000.0,89903800000.0,89903800000.0,0.0,0.0,0.0,0.0,89903800000.0,0.0,0.0,0.0,0.0,0.0,0.0,0.0,0.0
2. Vốn kinh doanh tại các đơn vị trực thuộc,0.0,0.0,0.0,0.0,0.0,0.0,,0.0,,0.0,0.0,0.0,0.0,0.0,0.0,0.0,0.0,0.0,0.0,0.0,0.0,0.0,0.0,0.0,0.0,0.0,0.0,0.0,0.0,0.0,0.0,0.0,0.0,0.0,0.0,0.0,0.0,0.0,0.0,0.0,0.0,0.0,0.0,0.0,0.0,0.0,0.0,0.0,0.0,0.0,0.0,0.0,0.0,0.0,0.0,0.0,0.0,0.0,0.0,0.0,0.0,0.0,0.0,0.0
3. Phải thu dài hạn nội bộ,0.0,0.0,0.0,0.0,0.0,0.0,,0.0,,0.0,0.0,0.0,0.0,0.0,0.0,0.0,0.0,0.0,0.0,0.0,0.0,0.0,0.0,0.0,0.0,0.0,0.0,0.0,0.0,0.0,0.0,0.0,0.0,0.0,0.0,0.0,0.0,0.0,0.0,0.0,0.0,0.0,0.0,0.0,0.0,0.0,0.0,0.0,0.0,0.0,0.0,0.0,0.0,0.0,0.0,0.0,0.0,0.0,0.0,0.0,0.0,0.0,0.0,0.0
4. Phải thu về cho vay dài hạn,0.0,0.0,0.0,0.0,0.0,0.0,,0.0,,0.0,0.0,0.0,0.0,0.0,0.0,0.0,0.0,0.0,0.0,0.0,0.0,0.0,0.0,0.0,0.0,0.0,0.0,0.0,0.0,0.0,0.0,0.0,0.0,140500000000.0,30500000000.0,28680745000.0,16180745000.0,2200000000.0,2200000000.0,2200000000.0,0.0,0.0,0.0,0.0,0.0,0.0,0.0,0.0,0.0,0.0,0.0,0.0,0.0,0.0,0.0,0.0,0.0,0.0,0.0,0.0,0.0,0.0,0.0,0.0
5. Phải thu dài hạn khác,0.0,0.0,0.0,0.0,0.0,0.0,,0.0,,0.0,0.0,0.0,0.0,0.0,0.0,0.0,0.0,0.0,0.0,0.0,0.0,0.0,0.0,0.0,0.0,0.0,0.0,0.0,0.0,3150000000.0,3248000000.0,3248000000.0,3273104515.0,3273104515.0,53053517075.0,53137267133.0,76237563328.0,105376779940.0,95248120859.0,101260759245.0,102899334755.0,74845707650.0,62894619090.0,63071370864.0,59998436502.0,60073016472.0,62271759576.0,62324959576.0,62400580353.0,62429001283.0,62479163270.0,62440685496.0,126134283349.0,126134403038.0,126134524117.0,129012244869.0,131550304638.0,129302975742.0,132634275742.0,127544626536.0,129897483752.0,149882400156.0,153041601501.0,319744754121.0
6. Dự phòng phải thu dài hạn khó đòi,0.0,0.0,0.0,0.0,0.0,0.0,,0.0,,0.0,0.0,0.0,0.0,0.0,0.0,0.0,0.0,0.0,0.0,0.0,0.0,0.0,0.0,0.0,0.0,0.0,0.0,0.0,0.0,0.0,0.0,0.0,-3150000000.0,-3150000000.0,-3150000000.0,-3150000000.0,-3150000000.0,-3150000000.0,-3150000000.0,-3150000000.0,-3150000000.0,-3150000000.0,-3150000000.0,-3150000000.0,0.0,0.0,-3150000000.0,-3150000000.0,-3150000000.0,-3150000000.0,-3150000000.0,-3150000000.0,-3150000000.0,-3150000000.0,-3150000000.0,-3150000000.0,-3150000000.0,-3150000000.0,-3150000000.0,-3150000000.0,-3150000000.0,-3150000000.0,-3150000000.0,-4985031826.0
II. Tài sản cố định,18007328267.0,15223300034.0,14798394736.0,20536115352.0,17238023146.0,16238457349.0,22501081103.0,26686068714.0,25183156439.0,40856961936.0,51570351129.0,37582497470.0,43900396975.0,49174192460.0,53598629081.0,53701814360.0,53001137007.0,50569975920.0,48180045201.0,47144539103.0,46513125458.0,739202129318.0,733224462214.0,734407381473.0,711268592311.0,712879729946.0,705244673311.0,709107618889.0,685620674856.0,667280492400.0,647949947762.0,2189996263562.0,2440807716569.0,2404136373041.0,2362543165460.0,2314708332773.0,2263324433562.0,2649588824426.0,2767400017459.0,2693666508823.0,2754790147057.0,2666023961024.0,2946334103253.0,2927847789750.0,2913206723089.0,5933049642220.0,5876373331376.0,5820975964302.0,5762835154589.0,5831081549985.0,5781396556146.0,5777512029875.0,6238520709686.0,6174799062661.0,6111058889730.0,6117228150477.0,6044520750744.0,5872439943319.0,5801130692630.0,5901510275736.0,5822704380675.0,5742131977085.0,5669987930362.0,7145779034437.0
1. Tài sản cố định hữu hình,11886713227.0,8997001883.0,9036976835.0,14308743500.0,11994291098.0,11513968437.0,15272075886.0,19921421242.0,18195244954.0,31022753003.0,42441042903.0,32795191868.0,37365346217.0,42515811706.0,44046278376.0,44713407799.0,43695703307.0,42087302665.0,40252626377.0,39760706843.0,39622506510.0,733524371978.0,728616215823.0,730217850387.0,710800668658.0,712458835408.0,704877662632.0,708737391391.0,685279532526.0,666968423746.0,647666952783.0,2189637186253.0,2440517138500.0,2403867764545.0,2362107385418.0,2314297772303.0,2262819064887.0,2647179156508.0,2765768485781.0,2691896910378.0,2748740929056.0,2660287946648.0,2940384663767.0,2921864355376.0,2907338550613.0,5794274773310.0,5739974376290.0,5687121007479.0,5631548393651.0,5702346751151.0,5655215369234.0,5653627290810.0,6104093281543.0,6042952974450.0,5981792114590.0,5990485468369.0,5920408747077.0,5754393618182.0,5648633533901.0,5752027247417.0,5676446423627.0,5598625807436.0,5529731531983.0,6377594880275.0
Nguyên giá,35686330788.0,34880003544.0,,41928651513.0,40935717822.0,,,50512906564.0,,64360455479.0,68118004142.0,56004670233.0,61347018456.0,65549006849.0,68632122736.0,70659942854.0,69817043962.0,68829391090.0,68927954725.0,70005578011.0,71111732012.0,814824476280.0,814329292620.0,821787274503.0,792226224906.0,801402588545.0,800951431121.0,811332374715.0,811112480738.0,813029480738.0,813614480738.0,2379302528435.0,2662264380872.0,2663292711775.0,2661487384703.0,2660882014789.0,2660889516691.0,3119550431626.0,3314702865087.0,3314238453095.0,3505542125050.0,3510252839916.0,3826426776031.0,3824523774413.0,3839931786001.0,6778098992834.0,6777880915517.0,6774970318149.0,6771544992523.0,6891479104280.0,6890010704328.0,6937378894206.0,7477102910079.0,7478709025232.0,7477948598869.0,7540835599684.0,7518230145220.0,7370570472630.0,7332575128497.0,7489019365347.0,7491880123432.0,7485433468059.0,7491742367563.0,9075201829248.0
Giá trị hao mòn lũy kế,-23799617561.0,-25883001661.0,,-27619908013.0,-28941426724.0,,,-30591485322.0,,-33337702476.0,-25676961239.0,-23209478365.0,-23981672239.0,-23033195143.0,-24585844360.0,-25946535055.0,-26121340655.0,-26742088425.0,-28675328348.0,-30244871168.0,-31489225502.0,-81300104302.0,-85713076797.0,-91569424116.0,-81425556248.0,-88943753137.0,-96073768489.0,-102594983324.0,-125832948212.0,-146061056992.0,-165947527955.0,-189665342182.0,-221747242372.0,-259424947230.0,-299379999285.0,-346584242486.0,-398070451804.0,-472371275118.0,-548934379306.0,-622341542717.0,-756801195994.0,-849964893268.0,-886042112264.0,-902659419037.0,-932593235388.0,-983824219524.0,-1037906539227.0,-1087849310670.0,-1139996598872.0,-1189132353129.0,-1234795335094.0,-1283751603396.0,-1373009628536.0,-1435756050782.0,-1496156484279.0,-1550350131315.0,-1597821398143.0,-1616176854448.0,-1683941594596.0,-1736992117930.0,-1815433699805.0,-1886807660623.0,-1962010835580.0,-2697606948973.0
2. Tài sản cố định thuê tài chính,5992614567.0,5553544570.0,5104194249.0,5574478128.0,4554282099.0,4023951005.0,6533244969.0,5927160762.0,6568449812.0,6115454693.0,5467533602.0,4489395490.0,6146963482.0,5814130190.0,8680073854.0,8186349404.0,8379128825.0,7718720332.0,7215042263.0,6711364194.0,6207686125.0,5044305956.0,4047292440.0,3672722982.0,0.0,0.0,0.0,0.0,0.0,0.0,0.0,0.0,0.0,0.0,0.0,0.0,0.0,0.0,0.0,0.0,0.0,0.0,0.0,0.0,0.0,0.0,0.0,0.0,0.0,0.0,0.0,0.0,0.0,0.0,0.0,0.0,0.0,0.0,0.0,0.0,0.0,0.0,0.0,39452289428.0
Nguyên giá,9410639959.0,8379678920.0,,9174460586.0,8620361451.0,,,10178301279.0,,9650113602.0,7786116739.0,6660873792.0,8477245909.0,8477245909.0,11695069062.0,11695069062.0,12420578835.0,11169758155.0,11169758155.0,11169758155.0,11169758155.0,9998329584.0,7770460199.0,7770460199.0,0.0,0.0,0.0,0.0,0.0,0.0,0.0,0.0,0.0,0.0,0.0,0.0,0.0,0.0,0.0,0.0,0.0,0.0,0.0,0.0,0.0,0.0,0.0,0.0,0.0,0.0,0.0,0.0,0.0,0.0,0.0,0.0,0.0,0.0,0.0,0.0,0.0,0.0,0.0,41504594168.0
Giá trị hao mòn lũy kế,-3418025392.0,-2826134350.0,,-3599982458.0,-4066079352.0,,,-4251140517.0,,-3534658909.0,-2318583137.0,-2171478302.0,-2330282427.0,-2663115719.0,-3014995208.0,-3508719658.0,-4041450010.0,-3451037823.0,-3954715892.0,-4458393961.0,-4962072030.0,-4954023628.0,-3723167759.0,-4097737217.0,0.0,0.0,0.0,0.0,0.0,0.0,0.0,0.0,0.0,0.0,0.0,0.0,0.0,0.0,0.0,0.0,0.0,0.0,0.0,0.0,0.0,0.0,0.0,0.0,0.0,0.0,0.0,0.0,0.0,0.0,0.0,0.0,0.0,0.0,0.0,0.0,0.0,0.0,0.0,-2052304740.0
3. Tài sản cố định vô hình,128000473.0,672753581.0,657223652.0,652893724.0,689449949.0,700537907.0,695760248.0,837486710.0,419461673.0,3718754240.0,3661774624.0,297910112.0,388087276.0,844250564.0,872276851.0,802057157.0,926304875.0,763952923.0,712376561.0,672468066.0,682932823.0,633451384.0,560953951.0,516808104.0,467923653.0,420894538.0,367010679.0,370227498.0,341142330.0,312068654.0,282994979.0,359077309.0,290578069.0,268608496.0,435780042.0,410560470.0,505368675.0,2409667918.0,1631531678.0,1769598445.0,6049218001.0,5736014376.0,5949439486.0,5983434374.0,5868172476.0,138774868910.0,136398955086.0,133854956823.0,131286760938.0,128734798834.0,126181186912.0,123884739065.0,134427428143.0,131846088211.0,129266775140.0,126742682108.0,124112003667.0,118046325137.0,152497158729.0,149483028319.0,146257957048.0,143506169649.0,140256398379.0,728731864734.0
Nguyên giá,160878251.0,740826951.0,,738826951.0,808831951.0,,,1034283588.0,,3948764730.0,3948764730.0,598453837.0,721453837.0,1230323088.0,1297643088.0,1297643088.0,1480018488.0,1357018488.0,1357018488.0,1357018488.0,1425262488.0,1425262488.0,1324524088.0,1324524088.0,1279831888.0,1279831888.0,1152694888.0,1185694888.0,1185694888.0,1185694888.0,1185694888.0,1293551888.0,1250694888.0,1250694888.0,1441862888.0,1441862888.0,1566862888.0,3506862888.0,2868862888.0,3171262888.0,7685157188.0,7735157188.0,8251292188.0,8563416388.0,8748458388.0,144219115868.0,144409115868.0,144439115868.0,144439115868.0,144456115868.0,144456115868.0,144512510344.0,157561710462.0,157561710462.0,157561710462.0,157611710462.0,157439431893.0,152587572893.0,196871884864.0,197081884864.0,197908214702.0,197812411065.0,197812411065.0,825342696934.0
Giá trị hao mòn lũy kế,-32877778.0,-68073370.0,,-85933227.0,-119382002.0,,,-196796878.0,,-230010490.0,-286990106.0,-300543725.0,-333366561.0,-386072524.0,-425366237.0,-495585931.0,-553713613.0,-593065565.0,-644641927.0,-684550422.0,-742329665.0,-791811104.0,-763570137.0,-807715984.0,-811908235.0,-858937350.0,-785684209.0,-815467390.0,-844552558.0,-873626234.0,-902699909.0,-934474579.0,-960116819.0,-982086392.0,-1006082846.0,-1031302418.0,-1061494213.0,-1097194970.0,-1237331210.0,-1401664443.0,-1635939187.0,-1999142812.0,-2301852702.0,-2579982014.0,-2880285912.0,-5444246958.0,-8010160782.0,-10584159045.0,-13152354930.0,-15721317034.0,-18274928956.0,-20627771279.0,-23134282319.0,-25715622251.0,-28294935322.0,-30869028354.0,-33327428226.0,-34541247756.0,-44374726135.0,-47598856545.0,-51650257654.0,-54306241416.0,-57556012686.0,-96610832200.0
III. Bất động sản đầu tư,0.0,0.0,0.0,0.0,0.0,0.0,0.0,0.0,0.0,0.0,0.0,0.0,0.0,0.0,0.0,0.0,0.0,0.0,0.0,0.0,0.0,0.0,0.0,0.0,0.0,0.0,0.0,0.0,0.0,0.0,0.0,0.0,0.0,0.0,0.0,0.0,0.0,0.0,0.0,0.0,0.0,0.0,0.0,0.0,0.0,0.0,0.0,0.0,0.0,0.0,0.0,0.0,0.0,0.0,0.0,0.0,0.0,0.0,0.0,0.0,0.0,0.0,0.0,1361193137987.0
Nguyên giá,0.0,0.0,0.0,0.0,0.0,0.0,0.0,0.0,0.0,0.0,0.0,0.0,0.0,0.0,0.0,0.0,0.0,0.0,0.0,0.0,0.0,0.0,0.0,0.0,0.0,0.0,0.0,0.0,0.0,0.0,0.0,0.0,0.0,0.0,0.0,0.0,0.0,0.0,0.0,0.0,0.0,0.0,0.0,0.0,0.0,0.0,0.0,0.0,0.0,0.0,0.0,0.0,0.0,0.0,0.0,0.0,0.0,0.0,0.0,0.0,0.0,0.0,0.0,1709949900214.0
Giá trị hao mòn lũy kế,0.0,0.0,0.0,0.0,0.0,0.0,0.0,0.0,0.0,0.0,0.0,0.0,0.0,0.0,0.0,0.0,0.0,0.0,0.0,0.0,0.0,0.0,0.0,0.0,0.0,0.0,0.0,0.0,0.0,0.0,0.0,0.0,0.0,0.0,0.0,0.0,0.0,0.0,0.0,0.0,0.0,0.0,0.0,0.0,0.0,0.0,0.0,0.0,0.0,0.0,0.0,0.0,0.0,0.0,0.0,0.0,0.0,0.0,0.0,0.0,0.0,0.0,0.0,-348756762227.0
IV. Tài sản dở dang dài hạn,8532634648.0,11905753245.0,13258904750.0,12427067918.0,32400658911.0,62106754730.0,192315414216.0,238574039583.0,488299494505.0,668538144008.0,915064810009.0,1008457197098.0,1606534496562.0,1776957364506.0,1914573444630.0,2166410831405.0,2385751626166.0,2436338139752.0,2877521980263.0,3084096879450.0,1873062576570.0,1756947069772.0,1783601669238.0,2088008410596.0,2649330135400.0,3092245714010.0,3502850830133.0,3936272060169.0,3422135642724.0,3717933282259.0,4125749108580.0,2865262543898.0,2038634741149.0,2240626574798.0,2847828442863.0,3213008160665.0,4145822652518.0,3981616743076.0,4488078921245.0,5393281124349.0,5367931244796.0,5008671394894.0,4777396587154.0,4836542740050.0,4764734435981.0,1719563596528.0,1773838403933.0,1754440820900.0,1800047920309.0,1734425998787.0,1692656030716.0,1545175941949.0,1136982809271.0,1126639773919.0,1135851321180.0,1071643226621.0,1056043753134.0,998677735005.0,953945273094.0,944727651441.0,930432995260.0,886674900822.0,901978087513.0,2548400041716.0
"1. Chi phí sản xuất, kinh doanh dở dang dài hạn",,,,,,,,,,,,,,,,,,,,,,,,,,,,,,,0.0,0.0,0.0,0.0,0.0,0.0,0.0,0.0,0.0,0.0,0.0,0.0,0.0,0.0,0.0,0.0,0.0,0.0,0.0,0.0,0.0,0.0,614726749147.0,583285090049.0,561186920267.0,713312024739.0,687620444660.0,677457794732.0,641548678073.0,622753673371.0,610782218159.0,555473257625.0,568840515374.0,550833232432.0
2. chi phí xây dựng cơ bản dở dang,,,,,,,,,,,,,,,,,,,,,,,,,,,,,,,4125749108580.0,2865262543898.0,2038634741149.0,2240626574798.0,2847828442863.0,3213008160665.0,4145822652518.0,3981616743076.0,4488078921245.0,5393281124349.0,5367931244796.0,5008671394894.0,4777396587154.0,4836542740050.0,4764734435981.0,1719563596528.0,1773838403933.0,1754440820900.0,1800047920309.0,1734425998787.0,1692656030716.0,1545175941949.0,522256060124.0,543354683870.0,574664400913.0,358331201882.0,368423308474.0,321219940273.0,312396595021.0,321973978070.0,319650777101.0,331201643197.0,333137572139.0,1997566809284.0
V. Các khoản đầu tư tài chính dài hạn,61000000.0,61000000.0,61000000.0,61000000.0,10000000.0,10000000.0,1310000000.0,1310000000.0,6073000000.0,17610000000.0,19410000000.0,28580000000.0,18406543633.0,20620000000.0,22060000000.0,21060000000.0,30646462173.0,27776184867.0,46937854933.0,45646481084.0,44914653991.0,44658439691.0,55428634583.0,55735642512.0,52137407498.0,53012418725.0,132549673078.0,136890769860.0,132096969269.0,132052708429.0,240270036382.0,294237246008.0,321821249053.0,325935648563.0,336363241010.0,339789768121.0,325406167622.0,324320135147.0,325011545454.0,325717857748.0,319652803472.0,322466780065.0,339640970156.0,358009128827.0,483788137557.0,493943320547.0,485954168501.0,491261440265.0,500164965951.0,370193363939.0,373000993522.0,349128609608.0,350744115288.0,350284694889.0,348887260995.0,351039571838.0,344929847457.0,523757157557.0,515474717227.0,261523611422.0,348812484759.0,747783778075.0,764704393317.0,1027469411812.0
1. Đầu tư vào công ty con,61000000.0,0.0,,0.0,0.0,,,0.0,,0.0,0.0,0.0,0.0,0.0,0.0,0.0,0.0,0.0,0.0,0.0,0.0,0.0,0.0,0.0,0.0,0.0,0.0,0.0,0.0,0.0,0.0,0.0,0.0,0.0,0.0,0.0,0.0,0.0,0.0,0.0,0.0,0.0,0.0,0.0,0.0,0.0,0.0,0.0,0.0,0.0,0.0,0.0,0.0,0.0,0.0,0.0,0.0,0.0,0.0,0.0,0.0,0.0,0.0,0.0
"2. Đầu tư vào công ty liên kết, liên doanh",0.0,0.0,,0.0,0.0,,,0.0,,11800000000.0,13600000000.0,21440000000.0,11226543633.0,13440000000.0,14880000000.0,14880000000.0,23806462173.0,20936184867.0,22452854933.0,22405481084.0,21673653991.0,21417439691.0,20932803333.0,20635991262.0,17037756248.0,17912767475.0,16651730717.0,16542827499.0,16909026908.0,16864766068.0,234140036382.0,288107246008.0,315691249053.0,319805648563.0,330233241010.0,333659768121.0,314276167622.0,313190135147.0,313881545454.0,314587857748.0,308522803472.0,311336780065.0,328510970156.0,346879128827.0,454658137557.0,455235125062.0,456824168501.0,462131440265.0,472364965951.0,342393363939.0,345200993522.0,321328609608.0,322944115288.0,322484694889.0,321087260995.0,323239571838.0,322129847457.0,499957157557.0,491674717227.0,237723611422.0,337400017671.0,723983778075.0,740904393317.0,977026631888.0
3. Đầu tư khác vào công cụ vốn,0.0,61000000.0,,61000000.0,10000000.0,,,1310000000.0,,5810000000.0,5810000000.0,7140000000.0,7180000000.0,7180000000.0,7180000000.0,6180000000.0,6840000000.0,6840000000.0,24485000000.0,23241000000.0,23241000000.0,23241000000.0,34495831250.0,35099651250.0,35099651250.0,35099651250.0,115897942361.0,120347942361.0,115187942361.0,115187942361.0,6130000000.0,6130000000.0,6130000000.0,6130000000.0,6130000000.0,6130000000.0,6130000000.0,6130000000.0,6130000000.0,6130000000.0,6130000000.0,6130000000.0,6130000000.0,6130000000.0,24130000000.0,33708195485.0,24130000000.0,24130000000.0,24130000000.0,24130000000.0,24130000000.0,24130000000.0,22800000000.0,22800000000.0,22800000000.0,22800000000.0,22800000000.0,23800000000.0,23800000000.0,23800000000.0,23800000000.0,23800000000.0,23800000000.0,48431579924.0
4. Dự phòng giảm giá đầu tư tài chính dài hạn,0.0,0.0,,0.0,0.0,,,0.0,,0.0,0.0,0.0,0.0,0.0,0.0,0.0,0.0,0.0,0.0,0.0,0.0,0.0,0.0,0.0,0.0,0.0,0.0,0.0,0.0,0.0,0.0,0.0,0.0,0.0,0.0,0.0,0.0,0.0,0.0,0.0,0.0,0.0,0.0,0.0,0.0,0.0,0.0,0.0,-1330000000.0,-1330000000.0,-1330000000.0,-1330000000.0,0.0,0.0,0.0,0.0,0.0,0.0,0.0,0.0,-12387532912.0,0.0,0.0,-488800000.0
5. Đầu tư nắm giữ đến ngày đáo hạn,0.0,0.0,,0.0,0.0,,,0.0,,0.0,0.0,0.0,0.0,0.0,0.0,0.0,0.0,0.0,0.0,0.0,0.0,0.0,0.0,0.0,0.0,0.0,0.0,0.0,0.0,0.0,0.0,0.0,0.0,0.0,0.0,0.0,5000000000.0,5000000000.0,5000000000.0,5000000000.0,5000000000.0,5000000000.0,5000000000.0,5000000000.0,5000000000.0,5000000000.0,5000000000.0,5000000000.0,5000000000.0,5000000000.0,5000000000.0,5000000000.0,5000000000.0,5000000000.0,5000000000.0,5000000000.0,0.0,0.0,0.0,0.0,0.0,0.0,0.0,2500000000.0
VI. Tổng tài sản dài hạn khác,1704544850.0,2020436911.0,2688190091.0,2568046489.0,1807736977.0,1711934809.0,2566711135.0,2127601939.0,3611543554.0,4172909622.0,9415275579.0,6145956840.0,4966338968.0,4059640921.0,34428859150.0,25576939364.0,16146933426.0,7556756131.0,3354483702.0,7711058160.0,694183886237.0,7602335225.0,7824335842.0,9030471396.0,6687182618.0,8187634207.0,8456009112.0,7797648353.0,6502840228.0,3784205638.0,4948781337.0,31683126817.0,59254439777.0,74982679997.0,91361693688.0,107033930076.0,135477075580.0,138164898012.0,164923223246.0,188234716323.0,248173665813.0,267355220751.0,290686838596.0,307098176498.0,323239983164.0,336350640252.0,404885356733.0,443731523543.0,499984795674.0,559419752649.0,743146137108.0,811420917640.0,845623010116.0,875067998837.0,898917246897.0,941703610548.0,940519963992.0,950461731976.0,1026124009017.0,1065043899424.0,1124351838321.0,1130918422762.0,1174355987466.0,1285890263022.0
1. Chi phí trả trước dài hạn,1704544850.0,2020436911.0,,2144984489.0,1384674977.0,,,1704539939.0,,4172909622.0,8702160612.0,5381841873.0,4202224001.0,3613166845.0,33867385074.0,24975465288.0,15807933426.0,7217756131.0,2938870702.0,7295445160.0,693267032048.0,6458058586.0,6730207453.0,7894250393.0,6687182618.0,7584434544.0,7279769769.0,6621409010.0,6502840228.0,3784205638.0,4948781337.0,31683126817.0,59254439777.0,74982679997.0,91361693688.0,107033930076.0,135477075580.0,138164898012.0,164923223246.0,188234716323.0,248173665813.0,267355220751.0,290686838596.0,307098176498.0,323239983164.0,336350640252.0,404885356733.0,443731523543.0,499984795674.0,559419752649.0,743146137108.0,811420917640.0,845623010116.0,875067998837.0,898917246897.0,941703610548.0,940519963992.0,950461731976.0,1026124009017.0,1065043899424.0,1124351838321.0,1130918422762.0,1174355987466.0,1262042159722.0
2. Tài sản Thuế thu nhập hoãn lại,0.0,0.0,,0.0,0.0,,,0.0,,0.0,0.0,0.0,0.0,0.0,0.0,0.0,0.0,0.0,0.0,0.0,394313689.0,621736139.0,633587889.0,781680503.0,0.0,0.0,0.0,0.0,0.0,0.0,0.0,0.0,0.0,0.0,0.0,0.0,0.0,0.0,0.0,0.0,0.0,0.0,0.0,0.0,0.0,0.0,0.0,0.0,0.0,0.0,0.0,0.0,0.0,0.0,0.0,0.0,0.0,0.0,0.0,0.0,0.0,0.0,0.0,23848103300.0
3. Tài sản dài hạn khác,0.0,0.0,,423062000.0,423062000.0,,,423062000.0,,0.0,713114967.0,764114967.0,764114967.0,446474076.0,561474076.0,601474076.0,339000000.0,339000000.0,415613000.0,415613000.0,522540500.0,522540500.0,460540500.0,354540500.0,0.0,603199663.0,1176239343.0,1176239343.0,0.0,0.0,0.0,0.0,0.0,0.0,0.0,0.0,0.0,0.0,0.0,0.0,0.0,0.0,0.0,0.0,0.0,0.0,0.0,0.0,0.0,0.0,0.0,0.0,0.0,0.0,0.0,0.0,0.0,0.0,0.0,0.0,0.0,0.0,0.0,0.0
VII. Lợi thế thương mại,0.0,0.0,0.0,0.0,0.0,0.0,0.0,0.0,0.0,249000000.0,0.0,0.0,0.0,0.0,0.0,0.0,0.0,0.0,0.0,0.0,0.0,0.0,0.0,0.0,0.0,0.0,0.0,0.0,0.0,0.0,0.0,0.0,0.0,0.0,0.0,0.0,0.0,0.0,0.0,0.0,1154194726.0,1122716689.0,1091238652.0,1059760615.0,1028282578.0,996804541.0,965326504.0,933848467.0,902370430.0,870892393.0,839414356.0,807936319.0,776458282.0,744980245.0,713502208.0,682024171.0,682024171.0,0.0,0.0,0.0,98104401520.0,94671410843.0,92202964302.0,2452243077488.0
TỔNG CỘNG TÀI SẢN,160501795689.0,221931754861.0,194774514406.0,227290627405.0,331028307738.0,366846996392.0,542561004789.0,818101191953.0,1147694902382.0,1723978364890.0,2276699737757.0,2778848738863.0,3178533059484.0,3683701221819.0,3824004272787.0,4068369031598.0,4422336585215.0,4440253345870.0,4907212183317.0,4859074641684.0,4167870192573.0,3932141009844.0,3906519599685.0,4113395266496.0,4770422896786.0,5235493276576.0,5611793892875.0,5986621972742.0,6213337285050.0,5787599968005.0,6596187210475.0,7402533907380.0,7086350873976.0,7480363209674.0,8117601368985.0,8458889740812.0,9319852662482.0,9808769951816.0,9962860795617.0,10672631173987.0,10768826632603.0,10573595959319.0,10853952645161.0,10776889916266.0,10831100161880.0,10801561515844.0,10863163609330.0,11002782339421.0,11018000170767.0,11025701928196.0,11056219984207.0,10894086183587.0,10158470601572.0,10098220074966.0,9956996293895.0,9842854776513.0,10831269035585.0,10856790353080.0,11280936064158.0,11598091477226.0,11632650913783.0,11600120907836.0,11671241395013.0,25089382313526.0
NGUỒN VỐN,,,,,,,,,,,,,,,,,,,,,,,,,,,,,,,,,,,,,,,,,,,,,0.0,,,,,,,,,,,,,,,,,,,
A. Nợ phải trả,139940428847.0,157496001278.0,128661222320.0,162329997202.0,261740083157.0,300589331593.0,477702231154.0,747331406678.0,989621008067.0,1563917268726.0,2084176100754.0,2335080622051.0,2684539871911.0,3174205238407.0,3295531799295.0,3528349373811.0,3842932737860.0,3847169165598.0,4348182111335.0,4297400719674.0,3555841952418.0,3320394251973.0,3133827002010.0,3338144562465.0,3996611713262.0,4458924038911.0,4635081367217.0,4989800786273.0,4885559012758.0,4454272174299.0,4987339523136.0,5778965058933.0,5363935180003.0,5653125466884.0,5822522105633.0,6029109610820.0,6786656136171.0,7140228822514.0,7474909237434.0,7519617487250.0,7541439815783.0,7338833773974.0,7588727159868.0,7472629665613.0,7666896297128.0,7651094658082.0,7711926584068.0,7820275279355.0,7803074617799.0,7813811515044.0,7857825011980.0,7784786623074.0,7197644656393.0,7161775604016.0,7069612277786.0,7028247705857.0,7028091088367.0,6913177206590.0,7359220119413.0,7667699782102.0,7764691590723.0,7725915324400.0,7784164675982.0,13867346035608.0
I. Nợ ngắn hạn,130153277005.0,151675553790.0,124601753884.0,157228516766.0,225872413872.0,221437175875.0,285965293186.0,470269933047.0,586215511259.0,895770215835.0,1138493618641.0,1293705901504.0,1172639827071.0,1350046830915.0,1276221532737.0,1279263304230.0,957859548936.0,910055733641.0,1161542961425.0,1206689111539.0,937564737427.0,887082164878.0,1038228329046.0,1105920407810.0,1172569299329.0,962554987986.0,784753454288.0,1599817199105.0,1567666586133.0,887559960967.0,1220423058661.0,1123294802670.0,727384624117.0,739174805892.0,823858501216.0,934711157218.0,1517800792824.0,1551632301434.0,1670687102025.0,1263914711988.0,1028185440185.0,858962967625.0,941238934199.0,912164241322.0,1656528460948.0,1616920229218.0,1671945665464.0,1755629884291.0,1659284106302.0,1681930143415.0,1809635752280.0,1810104379851.0,1194862964771.0,1206014177234.0,1241012575659.0,1235609179287.0,1273916341104.0,1302338412656.0,1809787119566.0,2150473753334.0,2678065520437.0,2221327412830.0,2323260439297.0,6614611289479.0
1. Vay và nợ thuê tài chính ngắn hạn,59262849019.0,70430898263.0,,61590027571.0,105159467160.0,,,173446847946.0,,334851366237.0,334419675535.0,518556907425.0,391354176836.0,537961219161.0,380298029415.0,255879726591.0,265788575146.0,258694751240.0,230120199811.0,207241518138.0,290842951184.0,306892262228.0,450576579946.0,457554169489.0,604087131052.0,362494964881.0,293312702858.0,254973033017.0,365032565849.0,232621799244.0,266714815404.0,254443829332.0,129460545030.0,81369405866.0,33111873196.0,162373350628.0,301508696730.0,344425442918.0,358183425899.0,32898376601.0,19299258559.0,28550975660.0,124500162691.0,22420329412.0,61813822507.0,70460582127.0,71320838339.0,62273829254.0,65509529792.0,51737039701.0,91934553500.0,97089308679.0,97778930894.0,85223877165.0,106966742299.0,122046916199.0,88531276519.0,85000000000.0,330194054545.0,262937581818.0,273014273649.0,303396100000.0,319695100000.0,3115572468542.0
2. Vay và nợ dài hạn đến hạn phải trả,0.0,0.0,,0.0,0.0,,,0.0,,0.0,0.0,33578459254.0,0.0,0.0,0.0,0.0,0.0,0.0,0.0,0.0,0.0,0.0,0.0,0.0,0.0,0.0,0.0,0.0,0.0,0.0,0.0,0.0,0.0,0.0,0.0,0.0,0.0,0.0,0.0,0.0,0.0,0.0,0.0,0.0,0.0,0.0,0.0,0.0,0.0,0.0,0.0,0.0,0.0,0.0,0.0,0.0,0.0,0.0,0.0,0.0,0.0,0.0,0.0,0.0
3. Phải trả người bán ngắn hạn,6625584955.0,7027600305.0,,3343191817.0,16955984371.0,,,11042242897.0,,26746400856.0,30420097766.0,240353785954.0,66709241183.0,65383544078.0,51827611329.0,75075683458.0,77697118000.0,58225188464.0,75927669871.0,114134079363.0,177922979045.0,134172451929.0,143416635263.0,183364094627.0,276001577284.0,174874533864.0,110959142913.0,138170694055.0,229709183490.0,187644612158.0,225899715744.0,158094346945.0,192464527678.0,139852448761.0,182195969555.0,209267509231.0,545768292793.0,452822039790.0,519509833313.0,537709448159.0,525339447213.0,431557547683.0,409214604905.0,426913460884.0,521030972181.0,492330788389.0,521980244226.0,544400928690.0,518890173739.0,492671334905.0,467859770203.0,456105749495.0,490683782764.0,467393624974.0,464121604159.0,437655074783.0,433669129162.0,344888680942.0,357239334600.0,386111512218.0,429177116964.0,392666792726.0,431646332488.0,815883241318.0
4. Người mua trả tiền trước,16293603652.0,35432823030.0,,64235694845.0,50078607172.0,,,180562351523.0,,188863771858.0,281580263532.0,12648337219.0,169867252147.0,151162719007.0,228316063491.0,325701853569.0,320837243758.0,371532467763.0,525253263640.0,571908690618.0,142576399327.0,139471784066.0,143675909449.0,141302635731.0,87973905695.0,118134209972.0,192615240057.0,1024523981447.0,596938297286.0,127927982091.0,135165683899.0,136200763608.0,65886681745.0,65726831204.0,81948912066.0,55464937242.0,51924418156.0,48525126412.0,43929165724.0,466269880249.0,92526563231.0,36025445656.0,66011555148.0,80544413727.0,131424665774.0,88030220105.0,60888889194.0,62809919003.0,53564639944.0,54714875215.0,54060311609.0,63238476099.0,81427702297.0,58081203535.0,53620049473.0,62401709757.0,40161530801.0,45274622027.0,202057925809.0,210857275435.0,204723908327.0,107123730569.0,116235976657.0,343934829380.0
5. Thuế và các khoản phải nộp nhà nước,5816869540.0,6666484907.0,,2355969054.0,4563072436.0,,,4560082971.0,,8260566924.0,11666661771.0,2172663648.0,7155653286.0,14460495065.0,11942084120.0,14774652527.0,22950567516.0,21783723141.0,17703915016.0,11911117035.0,10316480324.0,24840249848.0,28228859582.0,23717400743.0,2776386857.0,3430218991.0,3851087719.0,1984003867.0,197948461195.0,197659696618.0,198345956929.0,198180355225.0,163910288191.0,179096705922.0,144803065860.0,153768028369.0,158267738027.0,173247136468.0,105630614920.0,97731849639.0,115872584765.0,128340119606.0,93389884389.0,109224424526.0,85649990727.0,83228448448.0,79840873760.0,108334031733.0,71810995088.0,80606543399.0,89993143302.0,47089795486.0,23794441300.0,25817568003.0,44390496692.0,36320072717.0,36282994329.0,40432131478.0,63854109707.0,81021463593.0,109614711553.0,146480604079.0,133656070117.0,139829490331.0
6. Phải trả người lao động,362624803.0,628986414.0,,1141142941.0,1068456128.0,,,1556538153.0,,1719992184.0,2249061526.0,46532700144.0,3436353588.0,3117734902.0,2847758006.0,3340349856.0,6760082839.0,3254138228.0,3187832123.0,2137729155.0,6061055558.0,3053762272.0,2499784152.0,3943782139.0,3684879368.0,1378878540.0,1773750925.0,2814054997.0,7343083779.0,6092437984.0,3884141877.0,4455725292.0,8712349968.0,7567240515.0,10992084214.0,11257662538.0,18389944346.0,17129053177.0,14416082299.0,15006152950.0,21517486075.0,14849576449.0,15764391780.0,9775253323.0,12438438369.0,5345985634.0,4594537945.0,10716026997.0,18107406796.0,12044454755.0,12857279741.0,12907218566.0,21016216850.0,13675254014.0,13098306848.0,10969268457.0,17008347342.0,11324411869.0,16301298010.0,24150902945.0,37107245732.0,16662725589.0,23084876008.0,124588577307.0
7. Chi phí phải trả ngắn hạn,634989493.0,175705963.0,,0.0,1059582763.0,,,10811860528.0,,26138137074.0,39019279990.0,0.0,33097593617.0,38487986887.0,50021799734.0,43157950148.0,60882280207.0,51639169623.0,84202901977.0,64968813778.0,34839561891.0,43097993466.0,29091676768.0,24282338968.0,17892681129.0,21014006114.0,27966451468.0,41184590556.0,42344787581.0,32633827083.0,34806444287.0,37646128770.0,97852658543.0,71439285812.0,75384971770.0,23764027694.0,40444232127.0,23362939640.0,41253194414.0,22126544910.0,140289088202.0,70984003866.0,82716012234.0,70816781137.0,62810486678.0,76818907126.0,89165381761.0,121779408434.0,112764730938.0,131604217963.0,129300823617.0,120708065603.0,95037607286.0,93958824130.0,103944695046.0,111438447026.0,106582663589.0,113354161012.0,99793998012.0,129593527831.0,72170573964.0,77934899045.0,96012961800.0,141036802218.0
8. Phải trả nội bộ ngắn hạn,0.0,0.0,,0.0,0.0,,,0.0,,0.0,0.0,0.0,0.0,0.0,0.0,0.0,0.0,0.0,0.0,0.0,0.0,0.0,0.0,0.0,0.0,0.0,0.0,0.0,0.0,0.0,0.0,0.0,0.0,0.0,0.0,0.0,0.0,0.0,0.0,0.0,0.0,0.0,0.0,0.0,0.0,0.0,0.0,0.0,0.0,0.0,0.0,0.0,0.0,0.0,0.0,0.0,0.0,0.0,0.0,0.0,0.0,0.0,0.0,0.0
9. Phải trả theo tiến độ kế hoạch hợp đồng xây dựng,0.0,0.0,,0.0,0.0,,,0.0,,0.0,0.0,0.0,0.0,0.0,0.0,0.0,0.0,0.0,0.0,0.0,0.0,0.0,0.0,0.0,0.0,0.0,0.0,0.0,0.0,0.0,240519615456.0,0.0,0.0,0.0,0.0,0.0,0.0,0.0,0.0,0.0,0.0,0.0,0.0,0.0,0.0,0.0,0.0,0.0,0.0,0.0,0.0,0.0,0.0,0.0,0.0,0.0,0.0,0.0,0.0,0.0,0.0,0.0,0.0,0.0
10. Doanh thu chưa thực hiện ngắn hạn,0.0,0.0,,0.0,0.0,,,0.0,,0.0,0.0,0.0,0.0,0.0,0.0,0.0,0.0,0.0,0.0,0.0,0.0,0.0,0.0,0.0,0.0,0.0,0.0,0.0,0.0,0.0,0.0,240513933638.0,22727272.0,17045454.0,11363636.0,5681818.0,22727272.0,32499999.0,39155104.0,66233286.0,463790823.0,434517311.0,235610398.0,174079995.0,159135485.0,103834141.0,23618453.0,4605443.0,0.0,0.0,0.0,0.0,0.0,0.0,0.0,0.0,0.0,0.0,115784595.0,0.0,1228786479.0,1046772671.0,1770311758.0,17241124097.0
11. Phải trả ngắn hạn khác,41046315540.0,31220785583.0,,23676996658.0,46452631323.0,,,88022534606.0,,308618455440.0,438052225139.0,438890741135.0,500044176311.0,538848962026.0,550246563223.0,560675233011.0,202651211150.0,144343542463.0,220178952785.0,230240616100.0,271291102478.0,231696772846.0,235627242161.0,267110191626.0,175574104970.0,277031900182.0,149830854208.0,132029683242.0,124809285529.0,100064750865.0,97774927597.0,72980894210.0,53413206224.0,178707688728.0,271130336998.0,294215924586.0,380722104553.0,473747382089.0,566751984807.0,66134284973.0,92718750075.0,128016457131.0,126572888391.0,170582674055.0,759570640964.0,779015154985.0,821860891308.0,823235244498.0,796774417909.0,836689465381.0,941772658212.0,990578553827.0,362737071284.0,439496624317.0,432503480046.0,432490511252.0,529393220266.0,639877226232.0,717427535192.0,1032998410398.0,1524231457595.0,1140693592664.0,1157983840780.0,1849184739004.0
12. Dự phòng phải trả ngắn hạn,0.0,0.0,,0.0,0.0,,,0.0,,0.0,0.0,0.0,0.0,0.0,0.0,0.0,0.0,0.0,0.0,0.0,0.0,0.0,0.0,0.0,0.0,0.0,0.0,0.0,0.0,0.0,5660834544.0,9385502726.0,5959469092.0,7002210909.0,8044952727.0,9087694545.0,6526106489.0,5520169979.0,481874303.0,5520169979.0,0.0,0.0,0.0,0.0,0.0,0.0,0.0,0.0,0.0,0.0,0.0,0.0,0.0,0.0,0.0,0.0,0.0,0.0,0.0,0.0,3994367078.0,12519116391.0,20371890593.0,31461845437.0
13. Quỹ khen thưởng phúc lợi,110440003.0,92269325.0,310947541.0,885493880.0,534612519.0,337743874.0,210305985.0,267474423.0,665610578.0,571525262.0,1086353382.0,972306725.0,975380103.0,624169789.0,721623419.0,657855070.0,292470320.0,582752719.0,4968226202.0,4146547352.0,3714207620.0,3856888223.0,5111641725.0,4645794487.0,4578632974.0,4196275442.0,4444224140.0,4137157924.0,3540921424.0,2914854924.0,11650922924.0,11393322924.0,9702170374.0,8395942721.0,16234971194.0,15506340567.0,14226532331.0,12820510962.0,20491771242.0,20451771242.0,20158471242.0,20204324263.0,22833824263.0,21712824263.0,21630308263.0,21586308263.0,22270390478.0,22075890239.0,21862212096.0,21862212096.0,21857212096.0,22387212096.0,22387212096.0,22367201096.0,22367201096.0,22287179096.0,22287179096.0,22187179096.0,22803079096.0,22803079096.0,22803079096.0,22803079096.0,22803079096.0,35878171845.0
14. Quỹ bình ổn giá,0.0,0.0,,0.0,0.0,,,0.0,,0.0,0.0,0.0,0.0,0.0,0.0,0.0,0.0,0.0,0.0,0.0,0.0,0.0,0.0,0.0,0.0,0.0,0.0,0.0,0.0,0.0,0.0,0.0,0.0,0.0,0.0,0.0,0.0,0.0,0.0,0.0,0.0,0.0,0.0,0.0,0.0,0.0,0.0,0.0,0.0,0.0,0.0,0.0,0.0,0.0,0.0,0.0,0.0,0.0,0.0,0.0,0.0,0.0,0.0,0.0
15. Giao dịch mua bán lại trái phiếu chính phủ,0.0,0.0,,0.0,0.0,,,0.0,,0.0,0.0,0.0,0.0,0.0,0.0,0.0,0.0,0.0,0.0,0.0,0.0,0.0,0.0,0.0,0.0,0.0,0.0,0.0,0.0,0.0,0.0,0.0,0.0,0.0,0.0,0.0,0.0,0.0,0.0,0.0,0.0,0.0,0.0,0.0,0.0,0.0,0.0,0.0,0.0,0.0,0.0,0.0,0.0,0.0,0.0,0.0,0.0,0.0,0.0,0.0,0.0,0.0,0.0,0.0
II. Nợ dài hạn,9787151842.0,5820447488.0,4059468436.0,5101480436.0,35867669285.0,79152155718.0,191736937968.0,277061473631.0,403405496808.0,668147052891.0,945682482113.0,1041374720547.0,1511900044840.0,1824158407492.0,2019310266558.0,2249086069581.0,2885073188924.0,2937113431957.0,3186639149910.0,3090711608135.0,2618277214991.0,2433312087095.0,2095598672964.0,2232224154655.0,2824042413933.0,3496369050925.0,3850327912929.0,3389983587168.0,3317892426625.0,3566712213332.0,3766916464475.0,4655670256263.0,4636550555886.0,4913950660992.0,4998663604417.0,5094398453602.0,5268855343347.0,5588596521080.0,5804222135409.0,6255702775262.0,6513254375598.0,6479870806349.0,6647488225669.0,6560465424291.0,6010367836180.0,6034174428864.0,6039980918604.0,6064645395064.0,6143790511497.0,6131881371629.0,6048189259700.0,5974682243223.0,6002781691622.0,5955761426782.0,5828599702127.0,5792638526570.0,5754174747263.0,5610838793934.0,5549432999847.0,5517226028768.0,5086626070286.0,5504587911570.0,5460904236685.0,7252734746129.0
1. Phải trả người bán dài hạn,0.0,0.0,,0.0,0.0,,,1305000000.0,,92606000.0,92606000.0,74086000.0,0.0,0.0,0.0,0.0,0.0,0.0,0.0,0.0,0.0,0.0,0.0,0.0,0.0,0.0,0.0,0.0,0.0,34552217613.0,28612202233.0,3386585033.0,3470039533.0,9992472533.0,14062041533.0,13021355533.0,15158410533.0,11395929533.0,7617173533.0,3932842533.0,2736363220.0,1515622353.0,0.0,0.0,0.0,0.0,0.0,2693894000.0,0.0,0.0,0.0,0.0,0.0,0.0,0.0,0.0,0.0,0.0,0.0,0.0,0.0,0.0,0.0,0.0
2. Chi phí phải trả dài hạn,0.0,0.0,,0.0,0.0,,,0.0,,0.0,0.0,0.0,0.0,0.0,0.0,0.0,0.0,0.0,0.0,0.0,0.0,0.0,0.0,0.0,0.0,0.0,0.0,0.0,0.0,0.0,0.0,0.0,0.0,0.0,0.0,0.0,0.0,0.0,0.0,0.0,3009079072.0,0.0,0.0,0.0,11359372612.0,14097685256.0,26837298632.0,34126854262.0,0.0,0.0,0.0,0.0,0.0,0.0,0.0,0.0,0.0,0.0,0.0,0.0,0.0,0.0,0.0,157210000.0
3. Phải trả nội bộ về vốn kinh doanh,0.0,0.0,,0.0,0.0,,,0.0,,0.0,0.0,0.0,0.0,0.0,0.0,0.0,0.0,0.0,0.0,0.0,0.0,0.0,0.0,0.0,0.0,0.0,0.0,0.0,0.0,0.0,0.0,0.0,0.0,0.0,0.0,0.0,0.0,0.0,0.0,0.0,0.0,0.0,0.0,0.0,0.0,0.0,0.0,0.0,0.0,0.0,0.0,0.0,0.0,0.0,0.0,0.0,0.0,0.0,0.0,0.0,0.0,0.0,0.0,0.0
4. Phải trả nội bộ dài hạn,0.0,0.0,,0.0,0.0,,,0.0,,0.0,0.0,0.0,0.0,0.0,0.0,0.0,0.0,0.0,0.0,0.0,0.0,0.0,0.0,0.0,0.0,0.0,0.0,0.0,0.0,0.0,0.0,462516874000.0,0.0,0.0,0.0,0.0,0.0,0.0,0.0,0.0,0.0,0.0,0.0,0.0,0.0,0.0,0.0,0.0,0.0,0.0,0.0,0.0,0.0,0.0,0.0,0.0,0.0,0.0,0.0,0.0,0.0,0.0,0.0,0.0
5. Phải trả dài hạn khác,0.0,0.0,,0.0,0.0,,,56000000000.0,,306402694055.0,331706037464.0,360840000000.0,420138750000.0,454996500000.0,640573410954.0,644573410954.0,971594010954.0,986488510954.0,1022925060954.0,1017390060954.0,934546060954.0,925157060954.0,860893060954.0,901266681620.0,976740681620.0,995910554420.0,978964758147.0,940628694335.0,910701356807.0,1336239746454.0,1321743970988.0,941763666613.0,1037775003208.0,897125559784.0,927283837696.0,907161285629.0,952103446757.0,967138498701.0,959022609992.0,1237863689765.0,1176034606485.0,1173817416105.0,1169151170284.0,1177404049728.0,526301047389.0,540731746881.0,544731100936.0,536706047353.0,569734015815.0,577184361355.0,522755642301.0,484296086991.0,551589958880.0,547170675305.0,545731030104.0,562478315708.0,564809499408.0,562869115039.0,813396166869.0,874644029771.0,486441633245.0,979395686425.0,1003906901441.0,1301174232198.0
6. Vay và nợ thuê tài chính dài hạn,9787151842.0,5820447488.0,,5101480436.0,35766427388.0,,,219649694368.0,,361411178933.0,613643264746.0,679405632412.0,1090835686820.0,1368325520554.0,1377966392059.0,1604237417173.0,1913239163487.0,1950384906520.0,2163474074473.0,2073081532698.0,1683731154037.0,1508155026141.0,1234705612010.0,1330957473035.0,1817547305987.0,2307293290179.0,2630491697545.0,2208489117414.0,2166330976217.0,1955082882936.0,2401713218562.0,3234212755198.0,3579614827726.0,3989218905982.0,4037780965222.0,4152756015201.0,4278233378817.0,4579009836514.0,4804909089288.0,4985128441142.0,5295353481178.0,5266877820651.0,5439419104058.0,5342908154187.0,5430733177906.0,5438284452218.0,5427857952217.0,5451236452226.0,5534768788073.0,5515437122073.0,5486215357073.0,5450850358073.0,5411539750297.0,5368639751297.0,5242975252297.0,5190336343297.0,5149937492288.0,5008651300996.0,4696844290895.0,4603513763622.0,4561127422717.0,4484601245440.0,4417652745440.0,5186738138882.0
7. Trái phiếu chuyển đổi,0.0,0.0,,0.0,0.0,,,0.0,,0.0,0.0,0.0,0.0,0.0,0.0,0.0,0.0,0.0,0.0,0.0,0.0,0.0,0.0,0.0,0.0,0.0,0.0,0.0,0.0,0.0,0.0,0.0,0.0,0.0,0.0,0.0,0.0,0.0,0.0,0.0,0.0,0.0,0.0,0.0,0.0,0.0,0.0,0.0,0.0,0.0,0.0,0.0,0.0,0.0,0.0,0.0,0.0,0.0,0.0,0.0,0.0,0.0,0.0,0.0
8. Thuế thu nhập hoãn lại phải trả,0.0,0.0,,0.0,0.0,,,0.0,,0.0,0.0,0.0,0.0,0.0,0.0,0.0,0.0,0.0,0.0,0.0,0.0,0.0,0.0,0.0,0.0,0.0,0.0,0.0,0.0,0.0,0.0,0.0,0.0,0.0,0.0,0.0,0.0,0.0,0.0,0.0,0.0,0.0,0.0,0.0,0.0,0.0,0.0,0.0,0.0,0.0,0.0,0.0,0.0,0.0,0.0,0.0,0.0,0.0,0.0,0.0,0.0,0.0,0.0,607755017548.0
9. Dự phòng trợ cấp mất việc làm,0.0,0.0,,0.0,101241897.0,,,106779263.0,,240573903.0,240573903.0,225054483.0,240014483.0,254830284.0,240014483.0,240014483.0,240014483.0,240014483.0,240014483.0,240014483.0,0.0,0.0,0.0,0.0,0.0,0.0,0.0,0.0,0.0,0.0,0.0,0.0,0.0,0.0,0.0,0.0,0.0,0.0,0.0,0.0,0.0,0.0,0.0,0.0,0.0,0.0,0.0,0.0,0.0,0.0,0.0,0.0,0.0,0.0,0.0,0.0,0.0,0.0,0.0,0.0,0.0,0.0,0.0,0.0
10. Dự phòng phải trả dài hạn,0.0,0.0,,0.0,0.0,,,0.0,,0.0,0.0,0.0,0.0,0.0,0.0,0.0,0.0,0.0,0.0,0.0,0.0,0.0,0.0,0.0,0.0,0.0,0.0,0.0,0.0,0.0,14517958183.0,13461260910.0,15384298182.0,17307335456.0,19230372729.0,21153410002.0,23076447275.0,30768596367.0,26922521821.0,23325389115.0,30768596367.0,32691633640.0,34614670913.0,36537708186.0,38460745459.0,38460745459.0,38460745459.0,38460745459.0,38460745459.0,38460745459.0,38460745459.0,38460745459.0,38460745459.0,38460745459.0,38460745459.0,38460745459.0,38460745459.0,38460745459.0,38460745459.0,38460745459.0,38460745459.0,38460745459.0,38460745459.0,103436254493.0
11. Doanh thu chưa thực hiện dài hạn,0.0,0.0,,0.0,0.0,,,0.0,,0.0,0.0,829947652.0,685593537.0,581556654.0,530449062.0,35226971.0,0.0,0.0,0.0,0.0,0.0,0.0,0.0,0.0,29754426326.0,193165206326.0,240871457237.0,240865775419.0,240860093601.0,240837366329.0,329114509.0,329114509.0,306387237.0,306387237.0,306387237.0,306387237.0,283659965.0,283659965.0,5750740775.0,5452412707.0,5352249276.0,4968313600.0,4303280414.0,3615512190.0,3513492814.0,2599799050.0,2093821360.0,1421401764.0,826962150.0,799142742.0,757514867.0,1075052700.0,1191236986.0,1490254721.0,1432674267.0,1363122106.0,967010108.0,857632440.0,731796624.0,607489916.0,596268865.0,2130234246.0,883844345.0,53473893008.0
12. Quỹ phát triển khoa học và công nghệ,0.0,0.0,,0.0,0.0,,,0.0,,0.0,0.0,0.0,0.0,0.0,0.0,0.0,0.0,0.0,0.0,0.0,0.0,0.0,0.0,0.0,0.0,0.0,0.0,0.0,0.0,0.0,0.0,0.0,0.0,0.0,0.0,0.0,0.0,0.0,0.0,0.0,0.0,0.0,0.0,0.0,0.0,0.0,0.0,0.0,0.0,0.0,0.0,0.0,0.0,0.0,0.0,0.0,0.0,0.0,0.0,0.0,0.0,0.0,0.0,0.0
B. Nguồn vốn chủ sở hữu,20561366842.0,64435753583.0,66113292086.0,64960630203.0,69288224581.0,66257664799.0,64858773635.0,70769785275.0,158073894315.0,160061096164.0,192523637003.0,443768116812.0,493993187573.0,509495983412.0,528472473492.0,540019657787.0,579403847355.0,593084180272.0,559030071982.0,561673922010.0,612028240155.0,611746757871.0,772692597675.0,775250704031.0,773811183524.0,776569237665.0,976712525658.0,996821186469.0,1327778272292.0,1333327793706.0,1608847687339.0,1623568848447.0,1722415693973.0,1827237742790.0,2295079263352.0,2429780129992.0,2533196526311.0,2668541129302.0,2487951558183.0,3153013686737.0,3227386816820.0,3234762185345.0,3265225485293.0,3304260250653.0,3164203864752.0,3150466857762.0,3151237025262.0,3182507060066.0,3214925552968.0,3211890413152.0,3198394972227.0,3109299560513.0,2960825945179.0,2936444470950.0,2887384016109.0,2814607070656.0,3803177947218.0,3943613146490.0,3921715944745.0,3930391695124.0,3867959323060.0,3874205583436.0,3887076719031.0,11222036277918.0
I. Vốn chủ sở hữu,20561366842.0,64435753583.0,66113292086.0,64960630203.0,69288224581.0,66257664799.0,64858773635.0,70769785275.0,158073894315.0,160061096164.0,192523637003.0,443768116812.0,493993187573.0,509495983412.0,528472473492.0,540019657787.0,579403847355.0,593084180272.0,559030071982.0,561673922010.0,612028240155.0,611746757871.0,772692597675.0,775250704031.0,773811183524.0,776569237665.0,976712525658.0,996821186469.0,1327778272292.0,1333327793706.0,1608847687339.0,1623568848447.0,1722415693973.0,1827237742790.0,2295079263352.0,2429780129992.0,2533196526311.0,2668541129302.0,2487951558183.0,3153013686737.0,3227386816820.0,3234762185345.0,3265225485293.0,3304260250653.0,3164203864752.0,3150466857762.0,3151237025262.0,3182507060066.0,3214925552968.0,3211890413152.0,3198394972227.0,3109299560513.0,2960825945179.0,2936444470950.0,2887384016109.0,2814607070656.0,3803177947218.0,3943613146490.0,3921715944745.0,3930391695124.0,3867959323060.0,3874205583436.0,3887076719031.0,11222036277918.0
1. Vốn đầu tư của chủ sở hữu,14923264981.0,55000000000.0,55000000000.0,55000000000.0,55000000000.0,55000000000.0,55000000000.0,55000000000.0,135000000000.0,135000000000.0,135010000000.0,349976000000.0,349976000000.0,349976000000.0,349976000000.0,349976000000.0,349976000000.0,349976000000.0,349976000000.0,349976000000.0,349976000000.0,349976000000.0,646474910000.0,646474910000.0,646474910000.0,646474910000.0,846474910000.0,846474910000.0,946474910000.0,946474910000.0,1284047330000.0,1284047330000.0,1284047330000.0,1284047330000.0,1684174160000.0,1763294160000.0,1763294160000.0,1763294160000.0,1904349130000.0,2510589130000.0,2510589130000.0,2510589130000.0,2510589130000.0,2510589130000.0,2686319650000.0,2686319650000.0,2686319650000.0,2686319650000.0,2686319650000.0,2686319650000.0,2686319650000.0,2686319650000.0,2686319650000.0,2686319650000.0,2686319650000.0,2686319650000.0,3486319650000.0,3486319650000.0,3486319650000.0,3486319650000.0,3486319650000.0,3486319650000.0,3486319650000.0,8925119650000.0
2. Thặng dư vốn cổ phần,-320000000.0,0.0,0.0,0.0,0.0,0.0,0.0,0.0,8337500000.0,8247500000.0,8203500000.0,72522832987.0,72292032987.0,72277032987.0,72257032987.0,72257032987.0,72257032987.0,72237032987.0,72222032987.0,72222032987.0,72222032987.0,72202032987.0,5167832987.0,5154600587.0,5154600587.0,5128135838.0,3734064565.0,3734064565.0,3734064565.0,3600388545.0,70724221878.0,70686348433.0,70238348433.0,70113007960.0,70085996326.0,69851091826.0,69840926959.0,69764783017.0,69724055742.0,85451808742.0,85174473675.0,85114345784.0,85040252628.0,85027030628.0,84988051186.0,84941176989.0,84921165989.0,84921165989.0,84921165989.0,84874291792.0,84841870892.0,84828634592.0,84824223592.0,84755305395.0,84728083395.0,84728083395.0,84541583395.0,84434844796.0,84435444796.0,84435444796.0,84146444796.0,84082444796.0,84082444796.0,-852804767227.0
3. Quyền chọn chuyển đổi trái phiếu,0.0,0.0,0.0,0.0,0.0,0.0,0.0,0.0,0.0,0.0,0.0,0.0,0.0,0.0,0.0,0.0,0.0,0.0,0.0,0.0,0.0,0.0,0.0,0.0,0.0,0.0,0.0,0.0,0.0,0.0,0.0,0.0,0.0,0.0,0.0,0.0,0.0,0.0,0.0,0.0,0.0,0.0,0.0,0.0,0.0,0.0,0.0,0.0,0.0,0.0,0.0,0.0,0.0,0.0,0.0,0.0,0.0,0.0,0.0,0.0,0.0,0.0,0.0,0.0
4. Vốn khác của chủ sở hữu,0.0,0.0,0.0,0.0,0.0,0.0,0.0,0.0,0.0,0.0,0.0,0.0,0.0,0.0,0.0,0.0,0.0,0.0,0.0,0.0,0.0,0.0,0.0,0.0,0.0,0.0,0.0,0.0,0.0,0.0,0.0,0.0,0.0,0.0,0.0,0.0,0.0,0.0,0.0,0.0,0.0,0.0,0.0,0.0,0.0,0.0,0.0,0.0,0.0,0.0,0.0,0.0,0.0,0.0,0.0,0.0,0.0,0.0,0.0,0.0,0.0,0.0,0.0,0.0
5. Cổ phiếu quỹ,0.0,0.0,0.0,0.0,0.0,0.0,0.0,0.0,0.0,0.0,0.0,0.0,0.0,0.0,0.0,0.0,0.0,0.0,0.0,0.0,0.0,0.0,0.0,0.0,0.0,0.0,0.0,0.0,0.0,0.0,0.0,0.0,0.0,0.0,0.0,0.0,0.0,0.0,0.0,0.0,0.0,0.0,0.0,0.0,0.0,0.0,0.0,0.0,0.0,0.0,0.0,0.0,0.0,0.0,0.0,0.0,0.0,0.0,0.0,0.0,0.0,0.0,0.0,0.0
6. Chênh lệch đánh giá lại tài sản,0.0,0.0,0.0,0.0,0.0,0.0,0.0,0.0,0.0,0.0,0.0,0.0,0.0,0.0,0.0,0.0,0.0,0.0,0.0,0.0,0.0,0.0,0.0,0.0,0.0,0.0,0.0,0.0,0.0,0.0,0.0,0.0,0.0,0.0,0.0,0.0,0.0,0.0,0.0,0.0,0.0,0.0,0.0,0.0,0.0,0.0,0.0,0.0,0.0,0.0,0.0,0.0,0.0,0.0,0.0,0.0,0.0,0.0,0.0,0.0,0.0,0.0,0.0,0.0
7. Chênh lệch tỷ giá hối đoái,0.0,0.0,0.0,0.0,0.0,0.0,0.0,0.0,0.0,0.0,0.0,0.0,0.0,0.0,0.0,0.0,0.0,0.0,0.0,0.0,0.0,0.0,0.0,0.0,0.0,0.0,0.0,0.0,0.0,0.0,0.0,0.0,0.0,0.0,0.0,0.0,0.0,0.0,0.0,0.0,0.0,0.0,0.0,0.0,0.0,0.0,0.0,0.0,0.0,0.0,0.0,0.0,0.0,0.0,0.0,0.0,0.0,0.0,0.0,0.0,0.0,0.0,0.0,0.0
8. Quỹ đầu tư phát triển,1840619038.0,128993075.0,0.0,1416647629.0,1695854644.0,0.0,0.0,3134368556.0,0.0,6849860075.0,6922908260.0,6217848227.0,6201950511.0,6424459748.0,18990800901.0,19016381551.0,19182697924.0,19179546144.0,59173247745.0,59444203048.0,59235647695.0,31974455915.0,32871215899.0,32886611267.0,31267451774.0,31269313583.0,33272122174.0,33274248776.0,33276441113.0,46899878364.0,72533202714.0,72561432079.0,72781820671.0,72781820671.0,80771763538.0,80771781884.0,80771817761.0,80771359255.0,100830835329.0,100830835329.0,100830835329.0,100830835329.0,115707635329.0,115707635329.0,115707635329.0,115707635329.0,119568635329.0,119568635329.0,119568635329.0,119568635329.0,119568635329.0,122247635329.0,122247635329.0,122247635329.0,122247635329.0,122247635329.0,122247635329.0,122247635329.0,125326835329.0,125326835329.0,125326835329.0,125326835329.0,125326835329.0,125326835329.0
9. Quỹ dự phòng tài chính,924961731.0,1105197799.0,0.0,1467747363.0,1487602243.0,0.0,0.0,1929931128.0,0.0,2797176088.0,2800003663.0,2581466222.0,2579683293.0,2764412237.0,6460394929.0,6467703686.0,6610011398.0,6609110889.0,11836910663.0,11836910663.0,11871864337.0,11871864337.0,13629487494.0,13614949292.0,12931670697.0,12971388045.0,13531302778.0,13576668861.0,13623437251.0,0.0,0.0,0.0,0.0,0.0,0.0,0.0,0.0,0.0,0.0,0.0,0.0,0.0,0.0,0.0,0.0,0.0,0.0,0.0,0.0,0.0,0.0,0.0,0.0,0.0,0.0,0.0,0.0,0.0,0.0,0.0,0.0,0.0,0.0,0.0
10. Quỹ khác thuộc vốn chủ sở hữu,0.0,0.0,1299917177.0,0.0,0.0,3360907952.0,4454356637.0,0.0,5894575505.0,0.0,0.0,0.0,34825326.0,34825326.0,34825326.0,34825326.0,0.0,0.0,0.0,0.0,0.0,0.0,0.0,0.0,0.0,0.0,0.0,0.0,0.0,0.0,0.0,0.0,0.0,0.0,0.0,0.0,0.0,0.0,0.0,0.0,0.0,0.0,0.0,0.0,0.0,0.0,0.0,0.0,0.0,0.0,0.0,0.0,0.0,0.0,0.0,0.0,0.0,0.0,0.0,0.0,0.0,0.0,0.0,0.0
11. Lợi nhuận sau thuế chưa phân phối,136095405.0,3524625302.0,5303143344.0,2347403963.0,5629744869.0,2727249234.0,54442839.0,4355883565.0,621879583.0,-1356563194.0,24380838207.0,2530038943.0,29415828849.0,39896300289.0,36579928672.0,50100818160.0,80519281853.0,90081821676.0,11795038208.0,14535971887.0,63893943926.0,91302673403.0,20049303880.0,21374170941.0,41574732414.0,44761032608.0,44609247189.0,65482687120.0,298760705145.0,303913288159.0,149946953228.0,164796739862.0,291843960332.0,285815366820.0,344588430723.0,399006819550.0,502306388914.0,627530413140.0,391429988352.0,436146066368.0,514859968150.0,524660059083.0,544433927372.0,585679394651.0,273074030739.0,262867304005.0,261720677515.0,294964979340.0,328927063655.0,329031752589.0,317306353276.0,227370655087.0,80626534571.0,57791389988.0,10335869184.0,-53369675680.0,139078152770.0,268340780208.0,239956841984.0,248978955972.0,186963943058.0,193222518789.0,206070088632.0,215253607747.0
LNST chưa phân phối lũy kế đến cuối kỳ trước,,,,,,,,,,,,,,,,,,,,,,,,,,,,,,,125605229889.0,125605229889.0,125956188284.0,201960647232.0,201960647232.0,101783539232.0,101783539232.0,488142927288.0,208650750918.0,208650750918.0,210028716606.0,514587549132.0,496735749503.0,496735749503.0,195838149928.0,273074030739.0,269477644691.0,269477644691.0,275339386083.0,320532802533.0,321719059195.0,310464934135.0,315688161155.0,80852847196.0,80852847196.0,80923195162.0,53268880352.0,179267648655.0,137710985138.0,136871691568.0,47935859377.0,192294330945.0,192421729127.0,192796238161.0
LNST chưa phân phối kỳ này,,,,,,,,,,,,,,,,,,,,,,,,,,,,,,,24341723339.0,39191509973.0,165887772048.0,83854719588.0,142627783491.0,297223280318.0,400522849682.0,139387485852.0,182779237434.0,227495315450.0,304831251544.0,10072509951.0,47698177869.0,88943645148.0,77235880811.0,-10206726734.0,-7756967176.0,25487334649.0,53587677572.0,8498950056.0,-4412705919.0,-83094279048.0,-235061626584.0,-23061457208.0,-70516978012.0,-134292870842.0,85809272418.0,89073131553.0,102245856846.0,112107264404.0,139028083681.0,928187844.0,13648359505.0,22457369586.0
12. Nguồn vốn đầu tư xây dựng cơ bản,0.0,0.0,0.0,0.0,0.0,0.0,0.0,0.0,0.0,0.0,0.0,0.0,0.0,0.0,0.0,0.0,0.0,0.0,0.0,0.0,0.0,0.0,0.0,0.0,0.0,0.0,0.0,0.0,0.0,0.0,0.0,0.0,0.0,0.0,0.0,0.0,0.0,0.0,0.0,0.0,0.0,0.0,0.0,0.0,0.0,0.0,0.0,0.0,0.0,0.0,0.0,0.0,0.0,0.0,0.0,0.0,0.0,0.0,0.0,0.0,0.0,0.0,0.0,0.0
13. Quỹ hỗ trợ sắp xếp doanh nghiệp,0.0,0.0,0.0,0.0,0.0,0.0,0.0,0.0,0.0,0.0,0.0,0.0,0.0,0.0,0.0,0.0,0.0,0.0,0.0,0.0,0.0,0.0,0.0,0.0,0.0,0.0,0.0,0.0,0.0,0.0,0.0,0.0,0.0,0.0,0.0,0.0,0.0,0.0,0.0,0.0,0.0,0.0,0.0,0.0,0.0,0.0,0.0,0.0,0.0,0.0,0.0,0.0,0.0,0.0,0.0,0.0,0.0,0.0,0.0,0.0,0.0,0.0,0.0,0.0
14. Lợi ích của cổ đông không kiểm soát,3056425687.0,4676937407.0,4510231565.0,4728831248.0,5475022825.0,5169507613.0,5349974159.0,6349602026.0,8219939227.0,8523123195.0,15206386873.0,9939930433.0,33492866607.0,38122952825.0,44173490677.0,42166896077.0,50858823193.0,55000668576.0,54026842379.0,53658803425.0,54828751210.0,54419731229.0,54499847415.0,55745461944.0,36407818052.0,35964457591.0,35090878952.0,34278607147.0,31908714218.0,32439328638.0,31595979519.0,31476998073.0,3504234537.0,114480217339.0,115458912765.0,116856276732.0,116983232677.0,127180413890.0,21617548760.0,19995846298.0,15932409666.0,13567815149.0,9454539964.0,7257060045.0,4114497498.0,631091439.0,-1293103571.0,-3267370592.0,-4810962005.0,-7903916558.0,-9641537270.0,-11467014495.0,-13192098313.0,-14669509762.0,-16247221799.0,-25318622388.0,-29009074276.0,-17729763843.0,-14322827364.0,-14669190973.0,-14797550123.0,-14745865478.0,-14722299726.0,2809140952069.0
II. Nguồn kinh phí và quỹ khác,0.0,0.0,0.0,0.0,0.0,0.0,0.0,0.0,0.0,0.0,0.0,0.0,0.0,0.0,0.0,0.0,0.0,0.0,0.0,0.0,0.0,0.0,0.0,0.0,0.0,0.0,0.0,0.0,0.0,0.0,0.0,0.0,0.0,0.0,0.0,0.0,0.0,0.0,0.0,0.0,0.0,0.0,0.0,0.0,0.0,0.0,0.0,0.0,0.0,0.0,0.0,0.0,0.0,0.0,0.0,0.0,0.0,0.0,0.0,0.0,0.0,0.0,0.0,0.0
1. Nguồn kinh phí ,0.0,0.0,0.0,0.0,0.0,0.0,0.0,0.0,0.0,0.0,0.0,0.0,0.0,0.0,0.0,0.0,0.0,0.0,0.0,0.0,0.0,0.0,0.0,0.0,0.0,0.0,0.0,0.0,0.0,0.0,0.0,0.0,0.0,0.0,0.0,0.0,0.0,0.0,0.0,0.0,0.0,0.0,0.0,0.0,0.0,0.0,0.0,0.0,0.0,0.0,0.0,0.0,0.0,0.0,0.0,0.0,0.0,0.0,0.0,0.0,0.0,0.0,0.0,0.0
2. Nguồn kinh phí đã hình thành tài sản cố định,0.0,0.0,0.0,0.0,0.0,0.0,0.0,0.0,0.0,0.0,0.0,0.0,0.0,0.0,0.0,0.0,0.0,0.0,0.0,0.0,0.0,0.0,0.0,0.0,0.0,0.0,0.0,0.0,0.0,0.0,0.0,0.0,0.0,0.0,0.0,0.0,0.0,0.0,0.0,0.0,0.0,0.0,0.0,0.0,0.0,0.0,0.0,0.0,0.0,0.0,0.0,0.0,0.0,0.0,0.0,0.0,0.0,0.0,0.0,0.0,0.0,0.0,0.0,0.0
3. Quỹ dự phòng trợ cấp mất việc làm,0.0,0.0,0.0,0.0,0.0,0.0,0.0,0.0,0.0,0.0,0.0,0.0,0.0,0.0,0.0,0.0,0.0,0.0,0.0,0.0,0.0,0.0,0.0,0.0,0.0,0.0,0.0,0.0,0.0,0.0,0.0,0.0,0.0,0.0,0.0,0.0,0.0,0.0,0.0,0.0,0.0,0.0,0.0,0.0,0.0,0.0,0.0,0.0,0.0,0.0,0.0,0.0,0.0,0.0,0.0,0.0,0.0,0.0,0.0,0.0,0.0,0.0,0.0,0.0
TỔNG CỘNG NGUỒN VỐN,160501795689.0,221931754861.0,194774514406.0,227290627405.0,331028307738.0,366846996392.0,542561004789.0,818101191953.0,1147694902382.0,1723978364890.0,2276699737757.0,2778848738863.0,3178533059484.0,3683701221819.0,3824004272787.0,4068369031598.0,4422336585215.0,4440253345870.0,4907212183317.0,4859074641684.0,4167870192573.0,3932141009844.0,3906519599685.0,4113395266496.0,4770422896786.0,5235493276576.0,5611793892875.0,5986621972742.0,6213337285050.0,5787599968005.0,6596187210475.0,7402533907380.0,7086350873976.0,7480363209674.0,8117601368985.0,8458889740812.0,9319852662482.0,9808769951816.0,9962860795617.0,10672631173987.0,10768826632603.0,10573595959319.0,10853952645161.0,10776889916266.0,10831100161880.0,10801561515844.0,10863163609330.0,11002782339421.0,11018000170767.0,11025701928196.0,11056219984207.0,10894086183587.0,10158470601572.0,10098220074966.0,9956996293895.0,9842854776513.0,10831269035585.0,10856790353080.0,11280936064158.0,11598091477226.0,11632650913783.0,11600120907836.0,11671241395013.0,25089382313526.0
