Item,Q4 2009,Q4 2010,Q3 2011,Q4 2011,Q1 2012,Q2 2012,Q3 2012,Q4 2012,Q1 2013,Q2 2013,Q3 2013,Q4 2013,Q1 2014,Q2 2014,Q3 2014,Q4 2014,Q1 2015,Q2 2015,Q3 2015,Q4 2015,Q1 2016,Q2 2016,Q3 2016,Q4 2016,Q1 2017,Q2 2017,Q3 2017,Q4 2017,Q1 2018,Q2 2018,Q3 2018,Q4 2018,Q1 2019,Q2 2019,Q3 2019,Q4 2019,Q1 2020,Q2 2020,Q3 2020,Q4 2020,Q1 2021,Q2 2021,Q3 2021,Q4 2021,Q1 2022,Q2 2022,Q3 2022,Q4 2022,Q1 2023,Q2 2023,Q3 2023
TÀI SẢN,,,,,,,,,,,,,,,,,,,,,,,,,,,,,,,,,,,,,,,,,,,,,,,,,,,
A. Tài sản lưu động và đầu tư ngắn hạn,10757633221304.0,16241376873327.0,28734334640537.0,19228454339267.0,26601436947436.0,25229158483079.0,25071806567740.0,20447783990239.0,23936352004572.0,25874986329730.0,25938889124191.0,28261081266289.0,30397020616773.0,29033427956185.0,32563894920965.0,33259311663594.0,32882300004565.0,31620516697178.0,32576939320779.0,33833056771342.0,35618291595190.0,36169454276454.0,34445727311753.0,33352699433088.0,37506548515539.0,37037148005606.0,37162879588530.0,38218561704242.0,42989139258890.0,45463244067606.0,38969975605043.0,40954625860982.0,40888257908879.0,44606452700260.0,42492240531926.0,42034111148922.0,45148432604132.0,46389843800088.0,39767377868410.0,39354423990029.0,44230493070827.0,50213422327082.0,47691610231135.0,51395282303213.0,57191407495469.0,60393770234221.0,57329016363977.0,55651707958020.0,57952012334363.0,62984581522290.0,59128795405771.0
I. Tiền và các khoản tương đương tiền,2281485673442.0,4927167508497.0,8267719609955.0,10045200208018.0,10770265404396.0,11909916407311.0,12393664541779.0,12722193468717.0,15955511012894.0,17781206438976.0,18276676708448.0,18293128183542.0,21418317255713.0,20321030401809.0,23250246563039.0,24079685217949.0,24528362820168.0,20405257333892.0,19799251696463.0,17762344528529.0,17979212384190.0,17113728766888.0,17064067367435.0,13612560308316.0,14216571000377.0,14515027558565.0,12897663167477.0,13672016964678.0,14666498838126.0,9718262208643.0,7302682513477.0,6705675471347.0,7589139804750.0,7375347002091.0,5933208581387.0,4475895496074.0,5277466733988.0,12531543227548.0,6819915906268.0,5335316636542.0,6457577994501.0,5947560639666.0,5994119472080.0,5600330735432.0,8648444105639.0,9054658184090.0,10206278543029.0,10549337638537.0,12714013568114.0,12499180008661.0,10851522950436.0
1. Tiền,1991506562579.0,2872009982480.0,2033415892114.0,2469909918705.0,3371724895619.0,2789510199399.0,1907094541779.0,2879806444904.0,2475381137175.0,3177922938976.0,3699901708448.0,2871478461320.0,4185065311269.0,4513525354217.0,6157631563039.0,4872870217949.0,6022504459057.0,5682286147057.0,4297766338156.0,2145744143418.0,2559090948903.0,3264171725387.0,2329710325934.0,1229433172585.0,3130258864646.0,2153632378665.0,1738081146713.0,1729822059995.0,2735939993940.0,1943017484505.0,2626847997174.0,1330250099149.0,2181122500326.0,2399239709662.0,2061607201600.0,1152002314369.0,1724477222495.0,2039915491870.0,1752115170590.0,1323114036595.0,2050113358731.0,1380958101817.0,2132203061574.0,1395849592442.0,2420630928155.0,1839458184090.0,2121422409681.0,1318137638537.0,1807613568114.0,1765180008661.0,2012952669180.0
2. Các khoản tương đương tiền,289979110863.0,2055157526017.0,6234303717841.0,7575290289313.0,7398540508777.0,9120406207912.0,10486570000000.0,9842387023813.0,13480129875719.0,14603283500000.0,14576775000000.0,15421649722222.0,17233251944444.0,15807505047592.0,17092615000000.0,19206815000000.0,18505858361111.0,14722971186835.0,15501485358307.0,15616600385111.0,15420121435287.0,13849557041501.0,14734357041501.0,12383127135731.0,11086312135731.0,12361395179900.0,11159582020764.0,11942194904683.0,11930558844186.0,7775244724138.0,4675834516303.0,5375425372198.0,5408017304424.0,4976107292429.0,3871601379787.0,3323893181705.0,3552989511493.0,10491627735678.0,5067800735678.0,4012202599947.0,4407464635770.0,4566602537849.0,3861916410506.0,4204481142990.0,6227813177484.0,7215200000000.0,8084856133348.0,9231200000000.0,10906400000000.0,10734000000000.0,8838570281256.0
II. Các khoản đầu tư tài chính ngắn hạn,2674045500583.0,2201551000000.0,1414334738868.0,317329590057.0,772105375000.0,154523200000.0,114223200000.0,101475486054.0,59200000000.0,21050000000.0,58850000000.0,761700000000.0,1113700000000.0,1061630416667.0,1050100000000.0,1683875000000.0,1736635656333.0,4196635656333.0,6366955656333.0,6083320000000.0,6086320000000.0,5993186000000.0,5322866000000.0,5823450000000.0,10332350000000.0,11522350000000.0,13367350000000.0,13407350000000.0,15040450000000.0,20697354000000.0,20998654000000.0,21602454000000.0,19844854000000.0,24019154000000.0,22599154000000.0,24915000000000.0,25891000000000.0,21109300000000.0,19913350000000.0,21515136327512.0,21594237927459.0,25650532773344.0,23594578773344.0,24499825654952.0,25048928654952.0,27617478798638.0,25793995100008.0,23726498790237.0,24165495262737.0,28268090837474.0,28908511156004.0
1. Chứng khoán kinh doanh,2674045500583.0,2201551000000.0,1414334738868.0,317329590057.0,772655375000.0,154523200000.0,114223200000.0,101475486054.0,59200000000.0,21050000000.0,58850000000.0,761700000000.0,1113700000000.0,1061630416667.0,1050100000000.0,1696600283780.0,0.0,0.0,0.0,0.0,0.0,0.0,0.0,0.0,0.0,0.0,0.0,0.0,0.0,0.0,0.0,0.0,0.0,0.0,0.0,0.0,0.0,0.0,0.0,0.0,0.0,0.0,0.0,0.0,0.0,0.0,0.0,0.0,0.0,0.0,0.0
2. Dự phòng giảm giá chứng khoán kinh doanh,0.0,0.0,0.0,0.0,-550000000.0,0.0,0.0,0.0,0.0,0.0,0.0,0.0,0.0,0.0,0.0,-12725283780.0,1736635656333.0,0.0,0.0,0.0,0.0,0.0,0.0,0.0,0.0,0.0,0.0,0.0,0.0,0.0,0.0,0.0,0.0,0.0,0.0,0.0,0.0,0.0,0.0,0.0,0.0,0.0,0.0,0.0,0.0,0.0,0.0,0.0,0.0,0.0,0.0
3. Đầu tư nắm giữ đến ngày đáo hạn,0.0,0.0,0.0,0.0,0.0,0.0,0.0,0.0,0.0,0.0,0.0,0.0,0.0,0.0,0.0,0.0,0.0,4196635656333.0,6366955656333.0,6083320000000.0,6086320000000.0,5993186000000.0,5322866000000.0,5823450000000.0,10332350000000.0,11522350000000.0,13367350000000.0,13407350000000.0,15040450000000.0,20697354000000.0,20998654000000.0,21602454000000.0,19844854000000.0,24019154000000.0,22599154000000.0,24915000000000.0,25891000000000.0,21109300000000.0,19913350000000.0,21515136327512.0,21594237927459.0,25650532773344.0,23594578773344.0,24499825654952.0,25048928654952.0,27617478798638.0,25793995100008.0,23726498790237.0,24165495262737.0,28268090837474.0,28908511156004.0
III. Các khoản phải thu ngắn hạn,3814561438117.0,7412309845015.0,16388144861421.0,6950175738591.0,13020970060522.0,11316948436403.0,9610714601248.0,5504620796306.0,6585734714083.0,5957905266039.0,5703110803067.0,5961890615963.0,5786717351410.0,5614180176663.0,5791163868524.0,5053611512211.0,4935412383818.0,5021896386112.0,4902021408702.0,8213169290372.0,9583777564825.0,11140533609500.0,9909530757836.0,12021627184436.0,11230056353291.0,9347268611213.0,8607415434266.0,9115469403908.0,10880622864535.0,12405071767951.0,8973093014271.0,10232069390328.0,11512640953210.0,11157974002388.0,11708792771801.0,10562310400592.0,11568889304907.0,10643121255240.0,10578989825807.0,10148662370242.0,13439321385786.0,15328324085809.0,14762971629838.0,16920750783526.0,20684169362779.0,20633189886263.0,17522046269497.0,16191131770955.0,18097175503262.0,19124804781622.0,16197071467486.0
1. Phải thu ngắn hạn của khách hàng,2934746283825.0,6158060939052.0,14513647493823.0,5848359560410.0,11723324917187.0,10240453043668.0,8448164845291.0,4771207931111.0,5636942988335.0,5100157713177.0,4881375104133.0,5374721962703.0,5148155215729.0,4907742193583.0,5225007456700.0,4096515454285.0,3883537289246.0,4098409390632.0,3854921365621.0,3311252263656.0,3146148357684.0,3751930887101.0,3777488069471.0,5690518949118.0,5557102985841.0,3786189964275.0,3833099277136.0,4939496562539.0,4984074896391.0,6022537907989.0,3948132066004.0,4657183140857.0,5195686931963.0,3900605492510.0,5125707141823.0,4672713964881.0,4702253563873.0,4477058695938.0,5545731949544.0,5549613291505.0,7696887538271.0,8610774915544.0,9141177786108.0,10598392744659.0,12806273131385.0,11980968146721.0,10788141304909.0,9210085888347.0,11617509666306.0,12846264910264.0,11783805591469.0
2. Trả trước cho người bán,280104692056.0,693709660160.0,948422727577.0,532350611965.0,719249252588.0,564770338030.0,623620808167.0,297530751806.0,539718753220.0,549118070032.0,583142751855.0,366929131069.0,420088978423.0,385304211474.0,56392805199.0,638828097502.0,662756223765.0,533505101641.0,883685782145.0,927290591186.0,725053166757.0,662198612376.0,496624163174.0,305565501799.0,238103157819.0,245713099927.0,194906927036.0,158898453262.0,144001704987.0,139651238791.0,169051630890.0,91232623543.0,89395076582.0,109392418963.0,612774829439.0,830066697428.0,901111884144.0,834859093009.0,712705284608.0,378695972786.0,447154556759.0,449817724457.0,501120373948.0,413405237823.0,230324574676.0,194447242615.0,248585275695.0,223750541755.0,393030630677.0,341453441425.0,365609492276.0
3. Phải thu nội bộ ngắn hạn,70903982510.0,46763079934.0,434623213182.0,0.0,375810779.0,0.0,0.0,4962452690.0,0.0,0.0,0.0,0.0,0.0,0.0,0.0,0.0,0.0,0.0,0.0,0.0,0.0,0.0,0.0,0.0,0.0,0.0,0.0,0.0,0.0,0.0,0.0,0.0,0.0,0.0,0.0,0.0,0.0,0.0,0.0,0.0,0.0,0.0,0.0,0.0,0.0,0.0,0.0,0.0,0.0,0.0,0.0
4. Phải thu theo tiến độ hợp đồng xây dựng,0.0,0.0,0.0,0.0,0.0,0.0,0.0,0.0,0.0,0.0,0.0,0.0,0.0,0.0,0.0,0.0,0.0,0.0,0.0,0.0,0.0,0.0,0.0,0.0,0.0,0.0,0.0,0.0,0.0,0.0,0.0,0.0,0.0,0.0,0.0,0.0,0.0,0.0,0.0,0.0,0.0,0.0,0.0,0.0,0.0,0.0,0.0,0.0,0.0,0.0,0.0
5. Phải thu về cho vay ngắn hạn,0.0,0.0,0.0,0.0,0.0,0.0,0.0,0.0,0.0,0.0,0.0,0.0,0.0,0.0,0.0,0.0,0.0,0.0,0.0,0.0,0.0,0.0,0.0,0.0,0.0,0.0,0.0,0.0,0.0,0.0,0.0,0.0,0.0,0.0,0.0,0.0,0.0,0.0,0.0,0.0,0.0,0.0,0.0,0.0,0.0,0.0,0.0,0.0,0.0,0.0,0.0
6. Phải thu ngắn hạn khác,544312536598.0,519889674724.0,496486387212.0,576915982111.0,585470495863.0,519517555136.0,546220268856.0,483678018962.0,462594742330.0,362670906757.0,287153183587.0,295053959226.0,293287594293.0,416155941822.0,604785776841.0,421338792550.0,502060713149.0,500723413714.0,280944257206.0,4069844663952.0,5811704349030.0,6824589770620.0,5735413131082.0,6134678771440.0,5596597354614.0,5474414595170.0,4774743647239.0,4334824420544.0,6018978195135.0,6515114425961.0,5128877059179.0,5773656438960.0,6516193662770.0,7445414967305.0,6267838176929.0,5371653862184.0,6278156525172.0,5644659486976.0,4632395024617.0,4616297236007.0,5690928464202.0,6662818300386.0,5515760324360.0,6600033423287.0,8339185564876.0,9148030076497.0,7174085308901.0,7494348133386.0,6828275202448.0,6761349951663.0,5001327005627.0
7. Dự phòng phải thu ngắn hạn khó đòi,-15506056872.0,-6113508855.0,-5034960373.0,-7450415895.0,-7450415895.0,-7792500431.0,-7291321066.0,-52758358263.0,-53521769802.0,-54041423927.0,-48560236508.0,-74814437035.0,-74814437035.0,-95022170216.0,-95022170216.0,-103070832126.0,-112941842342.0,-110741519875.0,-117529996270.0,-95218228422.0,-99128308646.0,-98185660597.0,-99994605891.0,-109136037921.0,-161747144983.0,-159049048159.0,-195334417145.0,-317750032437.0,-266431931978.0,-272231804790.0,-272967741802.0,-290002813032.0,-288634718105.0,-297438876390.0,-297527376390.0,-312124123901.0,-312632668282.0,-313456020683.0,-311842432962.0,-395944130056.0,-395649173446.0,-395086854578.0,-395086854578.0,-691080622243.0,-691613908158.0,-690255579570.0,-688765620008.0,-737052792533.0,-741639996169.0,-824263521730.0,-953670621886.0
IV. Tổng hàng tồn kho,1144104468682.0,868236939046.0,1784439304052.0,1058438475370.0,1313257987577.0,958327371458.0,1834040223725.0,1533660649005.0,837352715632.0,1640805164723.0,1307708464308.0,2470697288520.0,1474524649478.0,1604494352935.0,1703512429852.0,1801172279380.0,1242709308305.0,1605549827952.0,1124145524048.0,1220689729702.0,1385408702582.0,1415681621566.0,1378244896117.0,1296721378189.0,1422597759560.0,1317574911497.0,1854511376468.0,1651526459306.0,2071315906561.0,2229260693003.0,1301847299632.0,1952144282493.0,1522194449180.0,1500698743563.0,1760397783319.0,1591782393631.0,1901852024650.0,1541173680903.0,1814694121232.0,1662533695532.0,1977431082943.0,1990374242842.0,2376664348665.0,3241216225272.0,2094568899208.0,2107155077845.0,2536824600677.0,4102441805643.0,2127765124993.0,2338732917047.0,2397612205402.0
1. Hàng tồn kho,1198243026452.0,946220261132.0,1784439304052.0,1116531431416.0,1377975151997.0,1016420327504.0,1892133179771.0,1617732940314.0,921621124159.0,1723475633302.0,1390378932887.0,2563437728824.0,1559012833325.0,1657355499856.0,1756373576773.0,1875174933342.0,1308202168841.0,1671932468623.0,1190528164719.0,1313631432860.0,1460760505583.0,1494770766193.0,1466771161032.0,1385094033692.0,1510970415063.0,1402212918352.0,1939149383323.0,1743703070912.0,2168514211798.0,2328292133575.0,1404447243127.0,2022039581414.0,1592089748101.0,1587881064531.0,1830293082240.0,1662369280919.0,1978153371061.0,1608893954672.0,1881714395001.0,1729107612164.0,2044004999575.0,2056852870273.0,2399598145005.0,3324677623426.0,2178030297362.0,2190616475999.0,2621657690676.0,4185337349642.0,2202171205706.0,2413138997760.0,2472018286115.0
2. Dự phòng giảm giá hàng tồn kho,-54138557770.0,-77983322086.0,0.0,-58092956046.0,-64717164420.0,-58092956046.0,-58092956046.0,-84072291309.0,-84268408527.0,-82670468579.0,-82670468579.0,-92740440304.0,-84488183847.0,-52861146921.0,-52861146921.0,-74002653962.0,-65492860536.0,-66382640671.0,-66382640671.0,-92941703158.0,-75351803001.0,-79089144627.0,-88526264915.0,-88372655503.0,-88372655503.0,-84638006855.0,-84638006855.0,-92176611606.0,-97198305237.0,-99031440572.0,-102599943495.0,-69895298921.0,-69895298921.0,-87182320968.0,-69895298921.0,-70586887288.0,-76301346411.0,-67720273769.0,-67020273769.0,-66573916632.0,-66573916632.0,-66478627431.0,-22933796340.0,-83461398154.0,-83461398154.0,-83461398154.0,-84833089999.0,-82895543999.0,-74406080713.0,-74406080713.0,-74406080713.0
V. Tài sản ngắn hạn khác,843436140480.0,832111580769.0,879696126241.0,857310327231.0,724838119941.0,889443067907.0,1119164000988.0,585833590157.0,498553561963.0,474019459992.0,592543148368.0,773665178264.0,603761360172.0,432092608111.0,768872059550.0,640967654054.0,439179835941.0,391177492889.0,384565035233.0,553533222739.0,583572943593.0,506324278500.0,771018290365.0,598340562147.0,304973402311.0,334926924331.0,435939610319.0,372198876350.0,330251649668.0,413295398009.0,393698777663.0,462282716814.0,419428701739.0,553278952218.0,490687395419.0,489122858625.0,509224540587.0,564705636397.0,640428015103.0,692774960201.0,761924680138.0,1296630585421.0,963276007208.0,1133158904031.0,715296472891.0,981288287385.0,1269871850766.0,1082297952648.0,847562875257.0,753772977486.0,774077626443.0
1. Chi phí trả trước ngắn hạn,89833285780.0,97609993625.0,176963729005.0,84694771269.0,96401703186.0,120558352766.0,134511478302.0,79870308946.0,84835176292.0,84824519004.0,122750557165.0,99190131224.0,100918551812.0,88593629894.0,122451400144.0,156483166631.0,155735900518.0,138185617071.0,163425713315.0,148191473651.0,108762418242.0,71308490666.0,116532851871.0,85824669994.0,72969872009.0,47787960542.0,94561553868.0,85627982724.0,88171933862.0,138669112211.0,139350345023.0,103518806266.0,98691673067.0,190375929323.0,143830974107.0,87198319565.0,64392817231.0,61266957667.0,60093341962.0,57558696404.0,111646834047.0,525865565955.0,96220908844.0,70496425796.0,89258190070.0,85690743713.0,100142499276.0,83670910085.0,75943767767.0,68739370420.0,61064833679.0
2. Thuế giá trị gia tăng được khấu trừ,129121001548.0,338099836975.0,254411678321.0,240658682211.0,198418169938.0,327214880175.0,372672278235.0,267247068454.0,166992946604.0,128143119437.0,131246729439.0,152923325415.0,140494411274.0,178506526336.0,294351107695.0,348333814087.0,243956883830.0,198456455994.0,145328507874.0,333352770415.0,439541746012.0,393429312741.0,625450035264.0,457150047123.0,169137522574.0,224274892225.0,283571712625.0,235784102991.0,192873852788.0,224279461282.0,206811865218.0,299935832005.0,271476997884.0,322098975454.0,316318496317.0,367884429025.0,417628759824.0,477932766057.0,555925971540.0,595684226418.0,591923146895.0,716551958139.0,818333295547.0,1011375951717.0,571484775019.0,839487776460.0,1100543134333.0,949414975835.0,712103111798.0,630477451758.0,660095477298.0
3. Thuế và các khoản phải thu Nhà nước,99547887675.0,30910899789.0,29696971249.0,35267267043.0,30636842527.0,7911111883.0,11295636365.0,741298216.0,15781964119.0,557442548.0,687701634.0,30176559501.0,71112460637.0,47953526349.0,69856177682.0,38780343374.0,32567896283.0,54535419824.0,74144128370.0,71988978673.0,35268779339.0,41586475093.0,28516474230.0,55365845030.0,62866007728.0,62864071564.0,57806343826.0,50786790635.0,48860863018.0,50346824516.0,47191567422.0,58483078543.0,49260030788.0,40804047441.0,30537924995.0,34040110035.0,27202963532.0,25505912673.0,24408701601.0,39532037379.0,58354699196.0,54213061327.0,48721802817.0,51286526518.0,54553507802.0,56109767212.0,69186217157.0,49212066728.0,59515995692.0,54556155308.0,52917315466.0
4. Giao dịch mua bán lại trái phiếu chính phủ,0.0,0.0,0.0,0.0,0.0,0.0,0.0,0.0,0.0,0.0,0.0,0.0,0.0,0.0,0.0,0.0,0.0,0.0,0.0,0.0,0.0,0.0,0.0,0.0,0.0,0.0,0.0,0.0,0.0,0.0,0.0,0.0,0.0,0.0,0.0,0.0,0.0,0.0,0.0,0.0,0.0,0.0,0.0,0.0,0.0,0.0,0.0,0.0,0.0,0.0,0.0
5. Tài sản ngắn hạn khác,524933965477.0,365490850380.0,418623747666.0,496689606708.0,399381404290.0,433758723083.0,600684608086.0,237974914541.0,230943474948.0,260494379003.0,337858160130.0,491375162124.0,291235936449.0,117038925532.0,282213374029.0,97370329962.0,6919155310.0,0.0,1666685674.0,0.0,0.0,0.0,518929000.0,0.0,0.0,0.0,0.0,0.0,345000000.0,0.0,345000000.0,345000000.0,0.0,0.0,0.0,0.0,0.0,0.0,0.0,0.0,0.0,0.0,0.0,0.0,0.0,0.0,0.0,0.0,0.0,0.0,0.0
B. Tài sản cố định và đầu tư dài hạn,11136200864467.0,23437882393258.0,26143400179839.0,26382312621755.0,25651433622580.0,25436792676541.0,24665536015032.0,24660637029017.0,24165616871136.0,23247299718719.0,22417828129442.0,22242465132645.0,21090878362587.0,20342831319443.0,20644424907150.0,20503360574708.0,20086389655274.0,21217033004343.0,22301306387805.0,22891328162920.0,24090496163187.0,23356832745435.0,23661096622501.0,23544571983897.0,23506474555836.0,23340195370252.0,23416686878155.0,23568432145766.0,23160576259837.0,22609846986467.0,22029919202109.0,21624339559787.0,21121193602964.0,20593817260351.0,20065303977227.0,20220211673316.0,20304203651654.0,20758112583203.0,21936921912262.0,23735231875655.0,24395822268816.0,24613014889519.0,25526634163276.0,27372792385351.0,27978748208217.0,28145700038987.0,27894846842380.0,27154673281364.0,26176371446281.0,25262511201472.0,25509715401551.0
I. Các khoản phải thu dài hạn,85500000.0,6640270170.0,17235317414.0,4271313000.0,310965000.0,4293313000.0,310965000.0,1578282116.0,0.0,0.0,0.0,0.0,0.0,0.0,1991672322.0,0.0,24807840167.0,26878090967.0,29721981141.0,22637051369.0,26441273929.0,33608357531.0,82832254837.0,134703030428.0,146136449483.0,180972869670.0,202201620809.0,191288963954.0,186793390312.0,207144399271.0,214448413862.0,216829039491.0,110600197674.0,118868647969.0,111621635216.0,128406370801.0,140543997174.0,140724336127.0,165117011195.0,162112201594.0,164536574936.0,182707631082.0,187022113084.0,187160253871.0,207977387687.0,168033469902.0,147838558867.0,168689074161.0,180567328681.0,149494096197.0,156742132220.0
1. Phải thu dài hạn của khách hàng,85500000.0,0.0,0.0,0.0,0.0,0.0,0.0,0.0,0.0,0.0,0.0,0.0,0.0,0.0,0.0,0.0,0.0,0.0,0.0,0.0,0.0,0.0,0.0,0.0,0.0,0.0,0.0,0.0,0.0,0.0,0.0,0.0,0.0,0.0,0.0,0.0,0.0,0.0,0.0,0.0,0.0,0.0,0.0,0.0,0.0,0.0,0.0,0.0,0.0,0.0,0.0
2. Vốn kinh doanh tại các đơn vị trực thuộc,0.0,0.0,0.0,0.0,0.0,0.0,0.0,0.0,0.0,0.0,0.0,0.0,0.0,0.0,0.0,0.0,0.0,0.0,0.0,0.0,0.0,0.0,0.0,0.0,0.0,88853044690.0,0.0,0.0,0.0,0.0,0.0,0.0,0.0,0.0,0.0,0.0,0.0,0.0,0.0,0.0,0.0,0.0,0.0,0.0,0.0,0.0,0.0,0.0,0.0,0.0,0.0
3. Phải thu dài hạn nội bộ,0.0,0.0,0.0,0.0,0.0,0.0,0.0,0.0,0.0,0.0,0.0,0.0,0.0,0.0,0.0,0.0,0.0,0.0,0.0,0.0,0.0,0.0,0.0,0.0,0.0,0.0,0.0,0.0,0.0,0.0,0.0,0.0,0.0,0.0,0.0,0.0,0.0,0.0,0.0,0.0,0.0,0.0,0.0,0.0,0.0,0.0,0.0,0.0,0.0,0.0,0.0
4. Phải thu về cho vay dài hạn,0.0,0.0,0.0,0.0,0.0,0.0,0.0,0.0,0.0,0.0,0.0,0.0,0.0,0.0,0.0,0.0,0.0,0.0,0.0,0.0,0.0,0.0,0.0,0.0,0.0,0.0,0.0,0.0,0.0,0.0,0.0,0.0,0.0,0.0,0.0,0.0,0.0,0.0,0.0,0.0,0.0,0.0,0.0,0.0,0.0,0.0,0.0,0.0,0.0,0.0,0.0
5. Phải thu dài hạn khác,0.0,6640270170.0,17235317414.0,4271313000.0,310965000.0,4293313000.0,310965000.0,1578282116.0,0.0,0.0,0.0,0.0,0.0,0.0,1991672322.0,0.0,24807840167.0,26878090967.0,29721981141.0,22637051369.0,26441273929.0,33608357531.0,82832254837.0,134703030428.0,146136449483.0,92119824980.0,202201620809.0,191288963954.0,186793390312.0,207144399271.0,214448413862.0,216829039491.0,110600197674.0,118868647969.0,111621635216.0,128406370801.0,140543997174.0,140724336127.0,165117011195.0,162112201594.0,164536574936.0,182707631082.0,187022113084.0,187718539786.0,207977387687.0,168033469902.0,147838558867.0,168689074161.0,180567328681.0,149494096197.0,156742132220.0
6. Dự phòng phải thu dài hạn khó đòi,0.0,0.0,0.0,0.0,0.0,0.0,0.0,0.0,0.0,0.0,0.0,0.0,0.0,0.0,0.0,0.0,0.0,0.0,0.0,0.0,0.0,0.0,0.0,0.0,0.0,0.0,0.0,0.0,0.0,0.0,0.0,0.0,0.0,0.0,0.0,0.0,0.0,0.0,0.0,0.0,0.0,0.0,0.0,-558285915.0,0.0,0.0,0.0,0.0,0.0,0.0,0.0
II. Tài sản cố định,9487939585478.0,17976591262900.0,17643132945432.0,17363864310218.0,16731157945699.0,16996793287184.0,16292361081945.0,15811550559717.0,15120961903256.0,16253264942986.0,15488586117186.0,17140165090656.0,17180448621032.0,16769836849531.0,15978699268080.0,15182324207234.0,14402601158358.0,13741349720726.0,13753746730243.0,14843715917816.0,14242970625320.0,18796675385904.0,17998266550070.0,17160567005500.0,16458626504422.0,16030086371632.0,15589832318497.0,15496985629551.0,20319365108791.0,19844559058535.0,19167663846002.0,18540035400912.0,17962175002666.0,17375593065538.0,16737810276160.0,15849859946892.0,15184191859069.0,14636642344055.0,14067547820860.0,19773601197998.0,19092950251134.0,19330095576422.0,18695392203111.0,18098268868761.0,17972543138207.0,17422757655931.0,17077040402901.0,16369664841026.0,15816238438361.0,15130118508739.0,19554745676519.0
1. Tài sản cố định hữu hình,9473582377445.0,17746980365758.0,17234260450837.0,16880391593443.0,16255166168004.0,16532954891533.0,15835364547275.0,15303915819173.0,14616788975717.0,15764156590440.0,15010808643754.0,16665894928079.0,16733524570143.0,16307789777037.0,15522022216991.0,14729620961637.0,13919254735909.0,13313337945718.0,13341422990783.0,14419217979766.0,13805039206858.0,18326074812412.0,17533151843481.0,16744474242286.0,15971914146051.0,15573538541514.0,15144101223484.0,15026246293980.0,19816108316235.0,19380854179112.0,18705577294908.0,18079835181335.0,17507665893348.0,16921971655204.0,16292282415371.0,15437766089565.0,14772241162891.0,14216746964405.0,13647255362390.0,19335105714286.0,18661289710447.0,18914315830103.0,18287436228711.0,17688043268312.0,17567064372462.0,17013507835869.0,16679673135051.0,15975936459471.0,15431555899679.0,14754151782209.0,19179761423855.0
Nguyên giá,17810840200470.0,25537511197950.0,27098838391390.0,27455376602037.0,27550254241793.0,28628522705771.0,28683142385768.0,28874917670457.0,28944335113921.0,30901695513486.0,30928592409113.0,33311012322756.0,34378981694729.0,34770711700915.0,34841806032214.0,34955499622973.0,35062744077504.0,35209297907096.0,35833871658137.0,37650867895450.0,37736597677669.0,43216622219545.0,43246117880412.0,43272491121442.0,43235073052616.0,43505138719240.0,43606028528549.0,44126463631655.0,49627484753212.0,49919491264748.0,49968137293572.0,50034431602055.0,50047696066253.0,50114645987924.0,50131720794355.0,48513599270479.0,48450603393275.0,48485517210805.0,48423701655554.0,54739218312039.0,54681879831412.0,55731894626760.0,55912013586251.0,56069459929388.0,56639115951408.0,56816596276446.0,57236715208612.0,57307438058633.0,57543280496033.0,57588798810931.0,62733893268136.0
Giá trị hao mòn lũy kế,-8337257823025.0,-7790530832192.0,-9864577940553.0,-10574985008594.0,-11295088073789.0,-12095567814238.0,-12847777838493.0,-13571001851284.0,-14327546138204.0,-15137538923046.0,-15917783765359.0,-16645117394677.0,-17645457124586.0,-18462921923878.0,-19319783815223.0,-20225878661336.0,-21143489341595.0,-21895959961378.0,-22492448667354.0,-23231649915684.0,-23931558470811.0,-24890547407133.0,-25712966036931.0,-26528016879156.0,-27263158906565.0,-27931600177726.0,-28461927305065.0,-29100217337675.0,-29811376436977.0,-30538637085636.0,-31262559998664.0,-31954596420720.0,-32540030172905.0,-33192674332720.0,-33839438378984.0,-33075833180914.0,-33678362230384.0,-34268770246400.0,-34776446293164.0,-35404112597753.0,-36020590120965.0,-36817578796657.0,-37624577357540.0,-38381416661076.0,-39072051578946.0,-39803088440577.0,-40557042073561.0,-41331501599162.0,-42111724596354.0,-42834647028722.0,-43554131844281.0
2. Tài sản cố định thuê tài chính,866258818.0,54268768464.0,142618999476.0,217309123704.0,205832080008.0,194402646155.0,182923405082.0,171444164015.0,159964922945.0,143982603868.0,130304644453.0,128992377398.0,103723725623.0,119599059346.0,103724994436.0,93944853925.0,83556743846.0,71211618615.0,58595493384.0,67464983238.0,83029367377.0,72480306049.0,62943354246.0,57229227905.0,52942963649.0,48656699393.0,41931435134.0,36763701195.0,32821982394.0,24789658359.0,22406795052.0,20023931745.0,17641068438.0,15258205131.0,12875341824.0,0.0,0.0,0.0,0.0,0.0,0.0,0.0,0.0,0.0,0.0,0.0,0.0,0.0,0.0,0.0,0.0
Nguyên giá,1521235000.0,55482747970.0,152069473790.0,233362226977.0,233362226977.0,233414964033.0,233414964033.0,233414964033.0,233414964033.0,233414964033.0,233414964033.0,245780656393.0,234189964033.0,265367073913.0,265367073913.0,228700252298.0,230092070480.0,230092070480.0,230092070480.0,202905476655.0,229815337706.0,229815337706.0,199884486706.0,94530744060.0,94530744060.0,94530744060.0,89110744060.0,86943925878.0,86943925878.0,55766815998.0,55766815998.0,49178501219.0,49178501219.0,49178501219.0,49178501219.0,0.0,0.0,0.0,0.0,0.0,0.0,0.0,0.0,0.0,0.0,0.0,0.0,0.0,0.0,0.0,0.0
Giá trị hao mòn lũy kế,-654976182.0,-1213979506.0,-9450474314.0,-16053103273.0,-27530146969.0,-39012317878.0,-50491558951.0,-61970800018.0,-73450041088.0,-89432360165.0,-103110319580.0,-116788278995.0,-130466238410.0,-145768014567.0,-161642079477.0,-134755398373.0,-146535326634.0,-158880451865.0,-171496577096.0,-135440493417.0,-146785970329.0,-157335031657.0,-136941132460.0,-37301516155.0,-41587780411.0,-45874044667.0,-47179308926.0,-50180224683.0,-54121943484.0,-30977157639.0,-33360020946.0,-29154569474.0,-31537432781.0,-33920296088.0,-36303159395.0,0.0,0.0,0.0,0.0,0.0,0.0,0.0,0.0,0.0,0.0,0.0,0.0,0.0,0.0,0.0,0.0
3. Tài sản cố định vô hình,13490949215.0,175342128678.0,266253495119.0,266163593071.0,270159697687.0,269435749496.0,274073129588.0,336190576529.0,344208004594.0,345125748678.0,347472828979.0,345277785179.0,343200325266.0,342448013148.0,352952056653.0,358758391672.0,399789678603.0,356800156393.0,353728246076.0,357032954812.0,354902051085.0,398120267443.0,402171352343.0,358863535309.0,433769394722.0,407891130725.0,403799659879.0,433975634376.0,470434810162.0,438915221064.0,439679756042.0,440176287832.0,436868040880.0,438363205203.0,432652518965.0,412093857327.0,411950696178.0,419895379650.0,420292458470.0,438495483712.0,431660540687.0,415779746319.0,407955974400.0,410225600449.0,405478765745.0,409249820062.0,397367267850.0,393728381555.0,384682538682.0,375966726530.0,374984252664.0
Nguyên giá,19233391962.0,183172745374.0,276343973597.0,277339154931.0,282615889451.0,283275634451.0,290957212951.0,356842894171.0,367442638716.0,370526255729.0,375364488970.0,375559849804.0,375578954774.0,377402004774.0,391048651486.0,399978956486.0,447168909637.0,404144194586.0,404304394586.0,410869536640.0,412350915000.0,458788349000.0,467525828400.0,427951883544.0,506644421884.0,486175057585.0,486291657585.0,521365712739.0,561883427739.0,536542329369.0,542806529369.0,550726305369.0,554138376869.0,563040758869.0,564424758869.0,539724659083.0,540741967193.0,549942242343.0,558223801011.0,585234713955.0,588884232839.0,582776332688.0,586494122688.0,588231701729.0,596608084093.0,612465294093.0,612356194093.0,620148444002.0,622794744002.0,622794744002.0,629534657913.0
Giá trị hao mòn lũy kế,-5742442747.0,-7830616696.0,-10090478478.0,-11175561860.0,-12456191764.0,-13839884955.0,-16884083363.0,-20652317642.0,-23234634122.0,-25400507051.0,-27891659991.0,-30282064625.0,-32378629508.0,-34953991626.0,-38096594833.0,-41220564814.0,-47379231034.0,-47344038193.0,-50576148510.0,-53836581828.0,-57448863915.0,-60668081557.0,-65354476057.0,-69088348235.0,-72875027162.0,-78283926860.0,-82491997706.0,-87390078363.0,-91448617577.0,-97627108305.0,-103126773327.0,-110550017537.0,-117270335989.0,-124677553666.0,-131772239904.0,-127630801756.0,-128791271015.0,-130046862693.0,-137931342541.0,-146739230243.0,-157223692152.0,-166996586369.0,-178538148288.0,-178006101280.0,-191129318348.0,-203215474031.0,-214988926243.0,-226420062447.0,-238112205320.0,-246828017472.0,-254550405249.0
III. Bất động sản đầu tư,0.0,0.0,0.0,0.0,0.0,1101424778.0,0.0,0.0,0.0,0.0,0.0,0.0,0.0,0.0,0.0,0.0,0.0,0.0,7139695323608.0,0.0,0.0,0.0,0.0,70776247860.0,24365433300.0,24133968680.0,24240143900.0,23721034580.0,24636096034.0,24428705134.0,24221683774.0,24014662414.0,23807641054.0,23600619694.0,23393598334.0,23186576974.0,22979555614.0,22772174254.0,22564972894.0,22357771534.0,22150570174.0,21943368814.0,21736167454.0,21934563658.0,21718563658.0,37061933207.0,36689694497.0,36267205787.0,35894967077.0,32404735973.0,32065687765.0
Nguyên giá,0.0,0.0,0.0,0.0,0.0,5653026713.0,0.0,0.0,0.0,0.0,0.0,0.0,0.0,0.0,0.0,0.0,0.0,0.0,0.0,0.0,0.0,0.0,0.0,72249782674.0,25306253729.0,25306253729.0,25306253729.0,25306253729.0,26427782233.0,26427782233.0,26427782233.0,26427782233.0,26427782233.0,26427782233.0,26427782233.0,26427782233.0,26427782233.0,26427782233.0,26427782233.0,26427782233.0,26427782233.0,26427782233.0,26427782233.0,26427782233.0,26427782233.0,42051001624.0,42051001624.0,42051001624.0,42051001624.0,38867115741.0,38867115741.0
Giá trị hao mòn lũy kế,0.0,0.0,0.0,0.0,0.0,-4551601935.0,0.0,0.0,0.0,0.0,0.0,0.0,0.0,0.0,0.0,0.0,0.0,0.0,7139695323608.0,0.0,0.0,0.0,0.0,-1473534814.0,-940820429.0,-1172285049.0,-1066109829.0,-1585219149.0,-1791686199.0,-1999077099.0,-2206098459.0,-2413119819.0,-2620141179.0,-2827162539.0,-3034183899.0,-3241205259.0,-3448226619.0,-3655607979.0,-3862809339.0,-4070010699.0,-4277212059.0,-4484413419.0,-4691614779.0,-4493218575.0,-4709218575.0,-4989068417.0,-5361307127.0,-5783795837.0,-6156034547.0,-6462379768.0,-6801427976.0
IV. Tài sản dở dang dài hạn,605612220488.0,873870460808.0,3747381885958.0,4327068647598.0,4459283702976.0,4130517635770.0,4401042026052.0,5176408567842.0,5513158590956.0,3776352392204.0,4142985501033.0,2804688119287.0,1902912894551.0,1721069184648.0,2861096876805.0,3827435417558.0,4297242205542.0,6071572530477.0,0.0,6620051911466.0,8019846085839.0,3016733414495.0,4058955913310.0,4736971837983.0,5456945250939.0,5656819538335.0,6065578442103.0,6367707254803.0,1149063111819.0,1075136718821.0,1128712543218.0,1230445087505.0,1409845680657.0,1457765238017.0,1563915206879.0,2882915139335.0,3672271209464.0,4675526900815.0,6419262478759.0,2302958751607.0,3684547023352.0,3497170682331.0,3849149311344.0,4871054316564.0,5012851515205.0,5420752443710.0,5381291818828.0,6120679097503.0,5981769504437.0,6534445518057.0,1792391843167.0
"1. Chi phí sản xuất, kinh doanh dở dang dài hạn",,,,,,,,,,,,,,,,,,0.0,0.0,0.0,0.0,0.0,0.0,0.0,0.0,0.0,0.0,0.0,0.0,0.0,0.0,0.0,0.0,0.0,0.0,0.0,0.0,0.0,0.0,0.0,0.0,0.0,0.0,0.0,0.0,1129234697.0,0.0,0.0,0.0,0.0,0.0
2. chi phí xây dựng cơ bản dở dang,,,,,,,,,,,,,,,,,,6071572530477.0,0.0,6620051911466.0,8019846085839.0,3016733414495.0,4058955913310.0,4736971837983.0,5456945250939.0,5656819538335.0,6065578442103.0,6367707254803.0,1149063111819.0,1075136718821.0,1128712543218.0,1230445087505.0,1409845680657.0,1457765238017.0,1563915206879.0,2882915139335.0,3672271209464.0,4675526900815.0,6419262478759.0,2302958751607.0,3684547023352.0,3497170682331.0,3849149311344.0,4871054316564.0,5012851515205.0,5419623209013.0,5381291818828.0,6120679097503.0,5981769504437.0,6534445518057.0,1792391843167.0
V. Các khoản đầu tư tài chính dài hạn,629645490567.0,1328255146316.0,914282572057.0,990464441887.0,925264150307.0,1038291946373.0,895307569411.0,867793637645.0,867894024146.0,848091671707.0,699455543945.0,505219192283.0,446859616780.0,442927190482.0,444015802872.0,87235631579.0,87806221946.0,85230557598.0,85210544920.0,85741527822.0,143528862651.0,143968911996.0,143851980266.0,144205831583.0,143586575496.0,141806894751.0,141678260924.0,92632703133.0,92422451568.0,65107699414.0,64240181574.0,63019500678.0,61982917747.0,60963801738.0,59911487254.0,404693951815.0,395426850324.0,394531125534.0,394781320357.0,379543042759.0,392296079925.0,373751442755.0,394298174079.0,400162192660.0,399368176514.0,415349579430.0,400625600819.0,406687103230.0,400221985887.0,414941031199.0,389319518294.0
1. Đầu tư vào công ty con,0.0,0.0,0.0,0.0,0.0,0.0,0.0,0.0,0.0,0.0,0.0,0.0,0.0,0.0,0.0,0.0,0.0,0.0,0.0,0.0,0.0,0.0,0.0,0.0,0.0,0.0,0.0,0.0,0.0,0.0,0.0,0.0,0.0,0.0,0.0,0.0,0.0,0.0,0.0,0.0,0.0,0.0,0.0,0.0,0.0,0.0,0.0,0.0,0.0,0.0,0.0
"2. Đầu tư vào công ty liên kết, liên doanh",423751276603.0,627856495218.0,115686664083.0,123325626151.0,102166794571.0,117665942593.0,101581565631.0,95193353865.0,75985491864.0,75491387927.0,76855260165.0,78618908503.0,80259333000.0,76326906702.0,77415519092.0,77235631579.0,77806221946.0,75230557598.0,75210544920.0,75741527822.0,133528862651.0,132048911996.0,131931980266.0,132285831583.0,131666575496.0,129886894751.0,129758260924.0,56592703133.0,55902451568.0,55107699414.0,54240181574.0,53019500678.0,51982917747.0,50963801738.0,49911487254.0,394693951815.0,385426850324.0,384531125534.0,384781320357.0,383294838051.0,382296079925.0,363751442755.0,384298174079.0,390162192660.0,389368176514.0,405349579430.0,390625600819.0,396687103230.0,390221985887.0,404941031199.0,379319518294.0
3. Đầu tư khác vào công cụ vốn,447045324791.0,712708531956.0,811138815736.0,892138815736.0,848097355736.0,945626003780.0,818726003780.0,797600283780.0,847600283780.0,847600283780.0,697600283780.0,501600283780.0,441600283780.0,441600283780.0,441600283780.0,85000000000.0,85000000000.0,85000000000.0,85000000000.0,85000000000.0,85000000000.0,86920000000.0,86920000000.0,86920000000.0,86920000000.0,86920000000.0,86920000000.0,111040000000.0,111520000000.0,85000000000.0,85000000000.0,85000000000.0,85000000000.0,85000000000.0,85000000000.0,35000000000.0,35000000000.0,35000000000.0,35000000000.0,35000000000.0,35000000000.0,35000000000.0,35000000000.0,35000000000.0,35000000000.0,35000000000.0,35000000000.0,35000000000.0,35000000000.0,35000000000.0,35000000000.0
4. Dự phòng giảm giá đầu tư tài chính dài hạn,-241151110827.0,-12309880858.0,-12542907762.0,-25000000000.0,-25000000000.0,-25000000000.0,-25000000000.0,-25000000000.0,-55691751498.0,-75000000000.0,-75000000000.0,-75000000000.0,-75000000000.0,-75000000000.0,-75000000000.0,-75000000000.0,-75000000000.0,-75000000000.0,-75000000000.0,-75000000000.0,-75000000000.0,-75000000000.0,-75000000000.0,-75000000000.0,-75000000000.0,-75000000000.0,-75000000000.0,-75000000000.0,-75000000000.0,-75000000000.0,-75000000000.0,-75000000000.0,-75000000000.0,-75000000000.0,-75000000000.0,-25000000000.0,-25000000000.0,-25000000000.0,-25000000000.0,-38751795292.0,-25000000000.0,-25000000000.0,-25000000000.0,-25000000000.0,-25000000000.0,-25000000000.0,-25000000000.0,-25000000000.0,-25000000000.0,-25000000000.0,-25000000000.0
5. Đầu tư nắm giữ đến ngày đáo hạn,0.0,0.0,0.0,0.0,0.0,0.0,0.0,0.0,0.0,0.0,0.0,0.0,0.0,0.0,0.0,0.0,0.0,0.0,0.0,0.0,0.0,0.0,0.0,0.0,0.0,0.0,0.0,0.0,0.0,0.0,0.0,0.0,0.0,0.0,0.0,0.0,0.0,0.0,0.0,0.0,0.0,0.0,0.0,0.0,0.0,0.0,0.0,0.0,0.0,0.0,0.0
VI. Tổng tài sản dài hạn khác,412918067934.0,3236871607627.0,3117656133898.0,3004578986357.0,2817985302669.0,2607793286145.0,2369300298305.0,2183948537810.0,2063567078593.0,1788877607339.0,1525410032497.0,1261130263406.0,1007048890067.0,890331128467.0,887414256177.0,924088967008.0,816384340275.0,858149854022.0,876297150457.0,925275149721.0,949498339813.0,1025778148136.0,1054560808306.0,992158326491.0,989463022387.0,1036064846452.0,1140843184466.0,1161302858466.0,1171021606211.0,1192917171200.0,1430632533679.0,1384959814149.0,1405185520188.0,1426230299944.0,1455295597593.0,847946173369.0,820794372055.0,835127600641.0,830067912597.0,1072286220739.0,1031370744613.0,1206707831981.0,2378397838070.0,3793573833703.0,4364289426946.0,4681744956807.0,4851360766468.0,4052685959657.0,3761679221838.0,3001107311307.0,3584450543586.0
1. Chi phí trả trước dài hạn,353942344341.0,3231988195711.0,3111609804449.0,2982084940813.0,2789546768922.0,2581443973689.0,2342443344887.0,2156287125726.0,2037972547251.0,1760884137742.0,1495990214647.0,1230426986980.0,976532100090.0,845086857014.0,841715777671.0,863033312521.0,775364467932.0,800938587559.0,819109122486.0,876962211006.0,902477506439.0,914589825692.0,943806483661.0,946232218895.0,940877082209.0,996048924826.0,1081627985442.0,1085721268693.0,1115486950937.0,1148027992447.0,1186328874534.0,1322466565320.0,1352515292324.0,1377555274684.0,1408597156373.0,817561883207.0,790685279220.0,806159054973.0,801711903584.0,1022898161376.0,981394979085.0,1151283171419.0,2321054921457.0,3744292533015.0,4311436331820.0,4625136414449.0,4787328225297.0,3997897390212.0,3718153738864.0,2956410565017.0,3533987610563.0
2. Tài sản Thuế thu nhập hoãn lại,57187500000.0,3985054753.0,0.0,3696280326.0,3117268000.0,6768446143.0,-2017330650.0,0.0,3420466131.0,5105331133.0,5105331133.0,5499218456.0,5105331133.0,19207616654.0,19207616654.0,35876859382.0,38747516152.0,57211266463.0,56623170980.0,48312938715.0,47020833374.0,111188322444.0,110754324645.0,45926107596.0,48585940178.0,40015921626.0,59215199024.0,75581589773.0,55534655274.0,44889178753.0,61828192847.0,62493248829.0,52670227864.0,48675025260.0,46698441220.0,30384290162.0,30109092835.0,28968545668.0,28356009013.0,49388059363.0,49975765528.0,55424660562.0,57342916613.0,49281300688.0,52853095126.0,56608542358.0,64029671393.0,54788569445.0,43525482974.0,44696746290.0,50462933023.0
3. Tài sản dài hạn khác,1788223593.0,898357163.0,6046329449.0,18797765218.0,25321265747.0,19580866313.0,28874284068.0,27661412084.0,22174065211.0,22888138464.0,24314486717.0,25204057970.0,25411458844.0,26036654799.0,26490861852.0,25178795105.0,2272356191.0,0.0,564856991.0,0.0,0.0,0.0,0.0,0.0,0.0,0.0,0.0,0.0,0.0,0.0,182475466298.0,0.0,0.0,0.0,0.0,0.0,0.0,0.0,0.0,0.0,0.0,0.0,0.0,0.0,0.0,0.0,2869778.0,0.0,0.0,0.0,0.0
VII. Lợi thế thương mại,0.0,15653645437.0,703711325080.0,692064922695.0,717431555929.0,658001783291.0,707214074319.0,619357443887.0,600035274185.0,580713104483.0,561390934781.0,531262467013.0,553608340157.0,518666966315.0,471207030894.0,482276351329.0,457547888986.0,433852250553.0,416634657436.0,393906604726.0,708210975635.0,340068527373.0,322629115712.0,305189704052.0,287351319809.0,270310880732.0,252312907456.0,234793701279.0,217274495102.0,200553234092.0,0.0,165036054638.0,147596642978.0,130795587451.0,113356175791.0,83203514130.0,67995807954.0,52788101777.0,37580395600.0,22372689424.0,7971024682.0,638356134.0,638356134.0,638356134.0,0.0,0.0,0.0,0.0,0.0,0.0,0.0
TỔNG CỘNG TÀI SẢN,21893834085771.0,39679259266585.0,54877734820376.0,45610766961022.0,52252870570016.0,50665951159620.0,49737342582772.0,45108421019256.0,48101968875708.0,49122286048449.0,48356717253633.0,50503546398934.0,51487898979360.0,49376259275628.0,53208319828115.0,53762672238302.0,52968689659839.0,52837549701521.0,54878245708584.0,56724384934262.0,59708787758377.0,59526287021889.0,58106823934254.0,56897271416985.0,61013023071375.0,60377343375858.0,60579566466685.0,61786993850008.0,66149715518727.0,68073091054073.0,60999894807152.0,62578965420769.0,62009451511843.0,65200269960611.0,62557544509153.0,62254322822238.0,65452636255786.0,67147956383291.0,61704299780672.0,63089655865684.0,68626315339643.0,74826437216601.0,73218244394411.0,78768074688564.0,85170155703686.0,88539470273208.0,85223863206357.0,82806381239384.0,84128383780644.0,88247092723762.0,84638510807322.0
NGUỒN VỐN,,,,,,,,,,,,,,,,,,,,,,,,,,,,,,,,0.0,,,,,,,,,,,,,,,,,,,
A. Nợ phải trả,14303221188094.0,17012302518162.0,28185321546053.0,20591723900161.0,24728433587961.0,23282442028229.0,21765190826637.0,16353385136359.0,14937904351975.0,15133788529151.0,13292154672398.0,15369123480062.0,14384827690609.0,12428786449276.0,16098037376277.0,16079059875072.0,12595416963632.0,11290168119652.0,10994953569258.0,13830393707937.0,16096501378769.0,18233007663814.0,15902922643516.0,16039764226956.0,18529035168213.0,19000221416938.0,19208546395224.0,18626767567481.0,20371490422652.0,23025430613549.0,16742952970191.0,15114379719650.0,16081249845202.0,18797910710025.0,15298611655689.0,12569850059139.0,13489515461037.0,13620272986171.0,13910235763845.0,13681513702675.0,17049736415071.0,26981135438346.0,23025099014563.0,26575344013434.0,29460831459392.0,27967582653074.0,27210833884142.0,21489088811223.0,19558855749945.0,20796045269697.0,21967229962854.0
I. Nợ ngắn hạn,6544024044328.0,9810187656841.0,12268849792292.0,10348754186231.0,14382938020212.0,13959177740754.0,12359596372935.0,7896823477380.0,8251011461085.0,9246510806026.0,7211851942138.0,9803610621858.0,8721067569973.0,7814424498997.0,10571263207355.0,10560575415890.0,6847992492729.0,6750507892324.0,5597450505963.0,8982040570283.0,9753736530277.0,11440312948339.0,9242784916462.0,9301326983351.0,10668078057386.0,11365717959827.0,11641622770191.0,10931313159127.0,12910731297064.0,15989593475583.0,11685214700205.0,11199310466133.0,13054150722584.0,15847980229539.0,12346610702704.0,9960115954205.0,10840024455253.0,11065046708012.0,10868789583895.0,9674514325093.0,11785544853231.0,20039328990026.0,13841165658679.0,16561261573886.0,18619859339324.0,17014431768668.0,15493286675805.0,12487956920689.0,10555594437939.0,12546218422492.0,13584866678486.0
1. Vay và nợ thuê tài chính ngắn hạn,1283041115872.0,2064741524603.0,1268802762919.0,2866904584313.0,2336422205407.0,2682364100545.0,2035800279034.0,2891880202365.0,2868809252132.0,3153980708440.0,2430575565102.0,2759512594119.0,2503306309054.0,3050701723409.0,2301163508900.0,2439523774572.0,2065412063511.0,1563432776048.0,1086147413465.0,1589777540020.0,1039665896029.0,1278837372753.0,902248912101.0,1177156860474.0,1200504322198.0,1709929307045.0,1977691952458.0,1737699131097.0,1728438026052.0,1668156523635.0,1783800294528.0,1489642437234.0,1493676331947.0,1433484236832.0,1500061924131.0,1340567022126.0,1193611630159.0,1239623597244.0,1146918752129.0,1017470000000.0,965580000000.0,962640000000.0,958248272497.0,484740000000.0,501538964190.0,22500000000.0,22500000000.0,44996858992.0,44996858992.0,858679168972.0,897011307486.0
2. Vay và nợ dài hạn đến hạn phải trả,0.0,0.0,0.0,0.0,0.0,0.0,0.0,0.0,0.0,0.0,0.0,0.0,0.0,0.0,0.0,0.0,0.0,0.0,0.0,0.0,0.0,0.0,0.0,0.0,0.0,0.0,0.0,0.0,0.0,0.0,0.0,0.0,0.0,0.0,0.0,0.0,0.0,0.0,0.0,0.0,0.0,0.0,0.0,0.0,0.0,0.0,0.0,0.0,0.0,0.0,0.0
3. Phải trả người bán ngắn hạn,3471733644255.0,4461715612146.0,7146001370785.0,4215277931471.0,8226657687774.0,7283115158510.0,6386016879520.0,2336004771065.0,2209942044816.0,3134444134877.0,2107638025815.0,3663121706059.0,2929412738070.0,1019353621226.0,2960858273756.0,1740047914640.0,1616972034527.0,2081809276627.0,1615941394749.0,1860355972203.0,2064783121723.0,2132701055734.0,1975774429621.0,2431916720869.0,1948499656343.0,2010593581988.0,2673477792759.0,2315055707923.0,2243787829015.0,3931241076967.0,1397739132478.0,2661701723319.0,2113971685917.0,2681290085285.0,2235320199635.0,1927470230974.0,1989003371944.0,2014770541628.0,2550195066690.0,2622448050875.0,2660830472348.0,4106165966090.0,4313257635834.0,6630916343590.0,6230249927686.0,5338407394313.0,7309914537417.0,6652093471748.0,3892874496566.0,5041498311733.0,4489727870157.0
4. Người mua trả tiền trước,272035332969.0,132607101700.0,115074710600.0,20504283485.0,153262149262.0,72028658135.0,78690189610.0,41855913750.0,169551930992.0,22750544482.0,8010337058.0,73689621213.0,81040144339.0,98432720636.0,107955672870.0,124181431763.0,169252347549.0,146929893157.0,152038942238.0,72041931676.0,130993727960.0,74393195644.0,83647651147.0,86394987159.0,144517177707.0,189845531850.0,201344922532.0,204146464466.0,187414315974.0,212794179062.0,197151310993.0,237513454862.0,135956118287.0,201127457499.0,199742345644.0,188794071549.0,12570095752.0,1720367623.0,207818895049.0,228057065321.0,137839635730.0,175309603853.0,52768751310.0,104816808984.0,49958201397.0,129369743612.0,134164113739.0,128097532572.0,161573911097.0,121606184768.0,115132352729.0
5. Thuế và các khoản phải nộp nhà nước,8757257237.0,254312586058.0,851695859746.0,596751265911.0,752197276383.0,816611356032.0,690814770755.0,704809524174.0,1176677782739.0,961031748456.0,862263514506.0,771895102880.0,986031164454.0,1006458980849.0,935176492144.0,1568969085289.0,848775181214.0,822613621862.0,692278282289.0,379821329315.0,526327808024.0,322723698138.0,311225863135.0,830691097059.0,601689017131.0,610616117718.0,578154862645.0,1119464724260.0,780549340314.0,880463124794.0,1072145953296.0,932008199234.0,720359439010.0,874200535142.0,941049292948.0,876773723877.0,796662724598.0,593002146437.0,399060504520.0,537960495126.0,710161026091.0,770582339231.0,742382417108.0,555128960547.0,1104212375161.0,1447754117258.0,934051953666.0,873530035417.0,974944462908.0,1190653100547.0,1142683063303.0
6. Phải trả người lao động,71246117866.0,85731706964.0,166804160602.0,158882685476.0,123485431571.0,149152927800.0,207748027607.0,163803747694.0,151683322317.0,108405363967.0,118139778077.0,139244012614.0,146759537363.0,162941664084.0,194618758894.0,148112546605.0,195248358674.0,145569016085.0,147360116440.0,190860884675.0,179151202179.0,204319399999.0,202949111351.0,175664051960.0,228688818281.0,242576125026.0,278859425323.0,173484777331.0,224005898239.0,215707964673.0,295944772230.0,190690375638.0,197636544836.0,253088004768.0,310169695644.0,118098347250.0,199059568530.0,292982756741.0,253017730386.0,199705941481.0,233169909757.0,312972204124.0,381095408083.0,296411234058.0,390442698981.0,302208475644.0,301039738960.0,252053435717.0,254776354106.0,267615917364.0,285632203621.0
7. Chi phí phải trả ngắn hạn,131745484548.0,408726828356.0,1785057849258.0,1042983577594.0,1085712946547.0,1443583734819.0,1491901189710.0,1182727325329.0,1147085913891.0,1194825527296.0,1021824174994.0,1561579267035.0,1521556757421.0,1577437157319.0,1291452573968.0,1528481849028.0,1128601069791.0,1158042943806.0,1121927570440.0,3962857468783.0,5203214990623.0,5753380977535.0,5044120035125.0,3390187774893.0,5803156593235.0,5497570688292.0,4904991398729.0,4429947177853.0,6667571664356.0,6825281043762.0,5627600853820.0,4650521272417.0,6937751265438.0,6609027051130.0,5837472921646.0,4048042295081.0,5862117557495.0,5757239873616.0,4992983026479.0,3768415658182.0,5382227208532.0,5200568759638.0,3488856313157.0,3858406862854.0,5270106346554.0,4148676894278.0,3747571565970.0,2978023503077.0,3616252834494.0,3594018453378.0,3337326474156.0
8. Phải trả nội bộ ngắn hạn,642382364325.0,0.0,103122531789.0,45128506078.0,101813814272.0,117340987458.0,48762780054.0,45631637351.0,51779487390.0,50069049220.0,49747675997.0,298361455294.0,59154001216.0,119284514165.0,65656680154.0,77135056337.0,51161487957.0,0.0,0.0,0.0,0.0,0.0,0.0,0.0,0.0,0.0,0.0,0.0,0.0,0.0,0.0,0.0,0.0,0.0,0.0,0.0,0.0,0.0,0.0,0.0,0.0,0.0,0.0,0.0,0.0,0.0,0.0,0.0,0.0,0.0,0.0
9. Phải trả theo tiến độ kế hoạch hợp đồng xây dựng,0.0,0.0,0.0,0.0,0.0,0.0,0.0,0.0,0.0,0.0,0.0,0.0,0.0,0.0,0.0,0.0,72374782164.0,0.0,0.0,0.0,0.0,0.0,0.0,0.0,0.0,0.0,0.0,0.0,0.0,0.0,0.0,0.0,0.0,0.0,0.0,0.0,0.0,0.0,0.0,0.0,0.0,0.0,0.0,0.0,0.0,0.0,0.0,0.0,0.0,0.0,0.0
10. Doanh thu chưa thực hiện ngắn hạn,0.0,0.0,0.0,0.0,0.0,0.0,0.0,0.0,0.0,0.0,0.0,0.0,0.0,0.0,0.0,0.0,0.0,1927171937.0,0.0,0.0,0.0,26938138273.0,0.0,74545455.0,0.0,1163488674.0,846087664.0,9329150891.0,111818182.0,1723187191.0,726069554.0,617009242.0,346012796.0,937591240.0,1399953012.0,72578282.0,10042033050.0,937591255.0,48098485.0,76501243174.0,711612703259.0,1014117916612.0,1836331726042.0,2586888884214.0,2580022732334.0,2816476250036.0,1179804729752.0,341833709291.0,339883740891.0,123240532539.0,2458642824.0
11. Phải trả ngắn hạn khác,627944479598.0,2370146587757.0,801340549211.0,1280701753553.0,1476140494069.0,1256516030937.0,1242985539683.0,468118611962.0,437883346881.0,492973490793.0,497275562562.0,427263011972.0,418590293118.0,530065626667.0,2563957464470.0,2652959648122.0,455463054434.0,480118290302.0,457785813080.0,673904403698.0,429829729342.0,1456011447919.0,549005522416.0,988196201246.0,544886750484.0,632225325723.0,681748301712.0,707238254079.0,699946264285.0,1876144780435.0,944216180667.0,677421668687.0,952830757590.0,3302009351340.0,856996319052.0,1035146380317.0,379261258451.0,629747633314.0,811669411431.0,744641868815.0,492408053783.0,6859465325775.0,1437700375124.0,1470759698318.0,1941974795456.0,2101924212488.0,1169111633729.0,836431004097.0,909659784425.0,743160367897.0,2743025062649.0
12. Dự phòng phải trả ngắn hạn,0.0,0.0,0.0,0.0,0.0,0.0,0.0,0.0,0.0,0.0,0.0,0.0,6871718.0,0.0,386034592.0,379448228.0,45292807174.0,144567169905.0,143658111834.0,53626429837.0,44915940632.0,12553377162.0,16832049148.0,47063198881.0,43444962065.0,240006235626.0,125372177726.0,0.0,2369390697.0,0.0,0.0,0.0,2726766092.0,7809021460.0,7614176977.0,0.0,0.0,1487133401.0,0.0,0.0,24940818515.0,0.0,0.0,0.0,0.0,0.0,0.0,0.0,0.0,0.0,0.0
13. Quỹ khen thưởng phúc lợi,35138247658.0,32205709257.0,30949997382.0,121619598350.0,127246014927.0,138464786518.0,176876716962.0,61991743690.0,37598379927.0,128030238495.0,116377308027.0,108943850672.0,75209753220.0,249748490642.0,150037747607.0,280784661306.0,199439305734.0,205497732595.0,180312861428.0,198794610076.0,134854113765.0,178454285182.0,156981342418.0,173981545355.0,152690759942.0,231191557885.0,219135848643.0,234947771227.0,376536749950.0,378081595064.0,365890132639.0,359194325500.0,498895800671.0,485006894843.0,456783874015.0,425151304749.0,397696215274.0,533535066753.0,507078098726.0,479314002119.0,466775025216.0,637506874703.0,630524759524.0,573192781321.0,551353297565.0,707114681039.0,695128402572.0,380897369778.0,360631994460.0,605746385294.0,571869701561.0
14. Quỹ bình ổn giá,0.0,0.0,0.0,0.0,0.0,0.0,0.0,0.0,0.0,0.0,0.0,0.0,0.0,0.0,0.0,0.0,0.0,0.0,0.0,0.0,0.0,0.0,0.0,0.0,0.0,0.0,0.0,0.0,0.0,0.0,0.0,0.0,0.0,0.0,0.0,0.0,0.0,0.0,0.0,0.0,0.0,0.0,0.0,0.0,0.0,0.0,0.0,0.0,0.0,0.0,0.0
15. Giao dịch mua bán lại trái phiếu chính phủ,0.0,0.0,0.0,0.0,0.0,0.0,0.0,0.0,0.0,0.0,0.0,0.0,0.0,0.0,0.0,0.0,0.0,0.0,0.0,0.0,0.0,0.0,0.0,0.0,0.0,0.0,0.0,0.0,0.0,0.0,0.0,0.0,0.0,0.0,0.0,0.0,0.0,0.0,0.0,0.0,0.0,0.0,0.0,0.0,0.0,0.0,0.0,0.0,0.0,0.0,0.0
II. Nợ dài hạn,7759197143766.0,7202114861321.0,15916471753761.0,10242969713930.0,10345495567749.0,9323264287475.0,9405594453702.0,8456561658979.0,6686892890890.0,5887277723125.0,6080302730260.0,5565512858204.0,5663760120636.0,4614361950279.0,5526774168922.0,5518484459182.0,5747424470903.0,4539660227328.0,5397503063295.0,4848353137654.0,6342764848492.0,6792694715475.0,6660137727054.0,6738437243605.0,7860957110827.0,7634503457111.0,7566923625033.0,7695454408354.0,7460759125588.0,7035837137966.0,5057738269986.0,3915069253517.0,3027099122618.0,2949930480486.0,2952000952985.0,2609734104934.0,2649491005784.0,2555226278159.0,3041446179950.0,4006999377582.0,5264191561840.0,6941806448320.0,9183933355884.0,10014082439548.0,10840972120068.0,10953150884406.0,11717547208337.0,9001131890534.0,9003261312006.0,8249826847205.0,8382363284368.0
1. Phải trả người bán dài hạn,0.0,0.0,0.0,0.0,0.0,0.0,0.0,0.0,0.0,0.0,0.0,0.0,0.0,0.0,0.0,0.0,80774452019.0,0.0,0.0,0.0,0.0,0.0,0.0,0.0,0.0,0.0,0.0,0.0,0.0,0.0,0.0,0.0,0.0,0.0,0.0,0.0,0.0,0.0,0.0,0.0,0.0,0.0,0.0,0.0,0.0,0.0,0.0,0.0,0.0,0.0,0.0
2. Chi phí phải trả dài hạn,0.0,0.0,0.0,0.0,0.0,0.0,0.0,0.0,0.0,0.0,0.0,0.0,0.0,0.0,0.0,0.0,0.0,0.0,0.0,0.0,0.0,0.0,0.0,0.0,0.0,0.0,0.0,0.0,0.0,0.0,0.0,0.0,0.0,0.0,0.0,0.0,0.0,0.0,0.0,0.0,0.0,0.0,0.0,0.0,0.0,0.0,0.0,0.0,0.0,0.0,0.0
3. Phải trả nội bộ về vốn kinh doanh,0.0,0.0,0.0,0.0,0.0,0.0,0.0,0.0,0.0,0.0,0.0,0.0,0.0,0.0,0.0,0.0,0.0,0.0,0.0,0.0,0.0,0.0,0.0,0.0,0.0,0.0,0.0,0.0,0.0,0.0,0.0,0.0,0.0,0.0,0.0,0.0,0.0,0.0,0.0,0.0,0.0,0.0,0.0,0.0,0.0,0.0,0.0,0.0,0.0,0.0,0.0
4. Phải trả nội bộ dài hạn,1629670994116.0,44265687854.0,45290000808.0,44264383269.0,44264383269.0,44264383269.0,44264383269.0,44264383269.0,44264383269.0,44264383269.0,44264383269.0,44264383269.0,0.0,0.0,0.0,0.0,7592267072.0,0.0,0.0,0.0,0.0,0.0,0.0,0.0,0.0,0.0,0.0,0.0,0.0,0.0,0.0,0.0,0.0,0.0,0.0,0.0,0.0,0.0,0.0,0.0,0.0,0.0,0.0,0.0,0.0,0.0,0.0,0.0,0.0,0.0,0.0
5. Phải trả dài hạn khác,188052146002.0,198972135791.0,4250827510940.0,265905529389.0,276454886838.0,275327675705.0,275579349153.0,270061016924.0,264779181718.0,247641047889.0,239136919568.0,229197999385.0,218033520488.0,211987572440.0,202903111473.0,194663433474.0,114030617701.0,201707640820.0,200061833281.0,197566700209.0,183362251397.0,196585910829.0,185428694167.0,186784129402.0,172148576179.0,186180040083.0,198055048298.0,208104903653.0,210385336388.0,220039279295.0,226018774941.0,247137862278.0,252760726846.0,264007518584.0,273445457719.0,86941807721.0,83787403883.0,86912898041.0,86107385708.0,93020749601.0,98843691299.0,102275334508.0,108161142142.0,114046536416.0,138531814826.0,153175177953.0,152996950454.0,140713909428.0,167578344491.0,149789131652.0,159737799639.0
6. Vay và nợ thuê tài chính dài hạn,5482742134621.0,5382515946148.0,9523792341406.0,8149810808499.0,8342467823662.0,7701968255977.0,7763495591750.0,6338494601382.0,5788907885100.0,5175392183222.0,5585123314361.0,4697396517868.0,4769757285355.0,4021042142840.0,5158683037547.0,5135324424862.0,5171586127618.0,3998151095467.0,4847796603746.0,4502207174373.0,6011010919385.0,6453417859458.0,6300289232338.0,6369057395481.0,7508914050495.0,7261464925380.0,7180595339028.0,7311935862404.0,7041627042296.0,6590452540150.0,4577753718133.0,3395742808039.0,2495217808039.0,2014416755744.0,2007696755744.0,1455930000000.0,1480500000000.0,971040000000.0,1463523862737.0,1963867248970.0,3280614357698.0,4677596266574.0,6916261691157.0,7510120451721.0,8113095957168.0,8204318613980.0,8960439164636.0,6037962890208.0,6026796732059.0,5177506554059.0,5293932973491.0
7. Trái phiếu chuyển đổi,0.0,0.0,0.0,0.0,0.0,0.0,0.0,0.0,0.0,0.0,0.0,0.0,0.0,0.0,0.0,0.0,0.0,0.0,0.0,0.0,0.0,0.0,0.0,0.0,0.0,0.0,0.0,0.0,0.0,0.0,0.0,0.0,0.0,0.0,0.0,0.0,0.0,0.0,0.0,0.0,0.0,0.0,0.0,0.0,0.0,0.0,0.0,0.0,0.0,0.0,0.0
8. Thuế thu nhập hoãn lại phải trả,0.0,0.0,0.0,0.0,76107000.0,0.0,0.0,0.0,0.0,0.0,0.0,0.0,0.0,0.0,0.0,0.0,0.0,0.0,0.0,44924303926.0,44924303926.0,62404801768.0,66640144801.0,90227237151.0,92832067026.0,99375972190.0,99941180771.0,107275599272.0,126813685378.0,146394815937.0,167528991861.0,182027789429.0,189489797127.0,197351043185.0,197351043186.0,182000454368.0,182000454367.0,182000454368.0,173780781330.0,168877320380.0,171627679437.0,188734197700.0,188734197700.0,219007722635.0,226316521821.0,233241179255.0,233241179255.0,253194790414.0,258420179424.0,270507723802.0,276301987266.0
9. Dự phòng trợ cấp mất việc làm,21573096990.0,22506110661.0,2938635633.0,3137375655.0,3287023920.0,3594696418.0,3076086274.0,0.0,0.0,686861084.0,686861084.0,0.0,0.0,0.0,0.0,0.0,0.0,0.0,0.0,0.0,0.0,0.0,0.0,0.0,0.0,0.0,0.0,0.0,0.0,0.0,0.0,0.0,0.0,0.0,0.0,0.0,0.0,0.0,0.0,0.0,0.0,0.0,0.0,0.0,0.0,0.0,0.0,0.0,0.0,0.0,0.0
10. Dự phòng phải trả dài hạn,66692487506.0,578774423056.0,617691783430.0,0.0,0.0,0.0,0.0,0.0,33929024482.0,72560442692.0,70505030857.0,82576132249.0,91253993862.0,102302280309.0,113318452903.0,112735894746.0,342084961944.0,308445446492.0,318288581719.0,49038329745.0,49038329745.0,48930098871.0,49701480442.0,16585313781.0,10695609958.0,13821982121.0,13821982121.0,23526331752.0,26896353544.0,33111263241.0,41652628343.0,45337438542.0,45565326545.0,431443617812.0,431638462295.0,845701953745.0,864667086683.0,1279622764434.0,1282626679324.0,1749074356692.0,1681162138983.0,1943657359634.0,1942423034981.0,2145620277655.0,2338820412712.0,2338208499677.0,2347333185419.0,2546853859491.0,2529077736191.0,2632071375367.0,2632488461647.0
11. Doanh thu chưa thực hiện dài hạn,0.0,4336402478.0,329220479191.0,633140614765.0,532234340707.0,151398273753.0,172468040903.0,650076207412.0,548057968682.0,339778357330.0,133631773482.0,505123377794.0,577760873292.0,272075507051.0,44915119360.0,44404661551.0,0.0,0.0,0.0,23260584852.0,23072999490.0,0.0,26722130757.0,26506123241.0,27089762620.0,24623492788.0,25643030266.0,24264502389.0,25056849427.0,23761120307.0,23278920552.0,24192820135.0,23842811847.0,22896775827.0,23544797587.0,23328790071.0,23112782555.0,22032745747.0,23112782555.0,22464760007.0,22248752491.0,21168715684.0,21168715684.0,21600729943.0,20520692363.0,20520692363.0,20952707395.0,19822419815.0,19656662299.0,19390404783.0,19390404783.0
12. Quỹ phát triển khoa học và công nghệ,370466284531.0,970744155333.0,1146711002353.0,1146711002353.0,1146711002353.0,1146711002353.0,1146711002353.0,1153665449992.0,6954447639.0,6954447639.0,6954447639.0,6954447639.0,6954447639.0,6954447639.0,6954447639.0,31356044549.0,31356044549.0,31356044549.0,31356044549.0,31356044549.0,31356044549.0,31356044549.0,31356044549.0,49277044549.0,49277044549.0,49037044549.0,48867044549.0,20347208884.0,29979858555.0,22078119036.0,21505236156.0,20630535094.0,20222652214.0,19814769334.0,18324436454.0,15831099029.0,15423278296.0,13617415569.0,12294688296.0,9694941932.0,9694941932.0,8374574220.0,7184574220.0,3686721178.0,3686721178.0,3686721178.0,2584021178.0,2584021178.0,1731657542.0,561657542.0,511657542.0
B. Nguồn vốn chủ sở hữu,7590612897677.0,22666956748423.0,26692413274323.0,25019043060861.0,27524436982055.0,27383509131391.0,27972151756135.0,28755035882897.0,33164064523733.0,33988497519298.0,35064562581235.0,35134422918872.0,37103071288751.0,36947472826352.0,37110282451838.0,37683612363230.0,40373272696207.0,41547381581869.0,43883292139326.0,42893991226325.0,43612286379608.0,41293279358075.0,42203901290738.0,40857507190029.0,42483987903162.0,41377121958920.0,41371020071461.0,43160226282527.0,45778225096075.0,45047660440524.0,44256941836961.0,47464585701119.0,45928201666641.0,46402359250586.0,47258932853464.0,49684472763099.0,51963120794749.0,53527683397120.0,47794064016827.0,49408142163009.0,51576578924572.0,47845301778255.0,50193145379848.0,52192730675130.0,55709324244294.0,60571887620134.0,58013029322215.0,61317292428161.0,64569528030699.0,67451047454065.0,62671280844468.0
I. Vốn chủ sở hữu,7583437245560.0,22662079190019.0,26690766336741.0,25017116809361.0,27522045061192.0,27380788256224.0,27969530128475.0,28753471838043.0,33162799654174.0,33988497519298.0,35064562581235.0,35134422918872.0,37101267984468.0,36947472826352.0,37110282451838.0,37683612363230.0,40373272696207.0,41547381581869.0,43883292139326.0,42893991226325.0,43612286379608.0,41293279358075.0,42203901290738.0,40857507190029.0,42483987903162.0,41377121958920.0,41371020071461.0,43160226282527.0,45778225096075.0,45047660440524.0,44256941836961.0,47464585701119.0,45928201666641.0,46402359250586.0,47258932853464.0,49684472763099.0,51963120794749.0,53527683397120.0,47794064016827.0,49408142163009.0,51576578924572.0,47845301778255.0,50193145379848.0,52192730675130.0,55709324244294.0,60571887620134.0,58013029322215.0,61317292428161.0,64569528030699.0,67451047454065.0,62671280844468.0
1. Vốn đầu tư của chủ sở hữu,5068993804933.0,10455050754975.0,18950000000000.0,18950000000000.0,18950000000000.0,18950000000000.0,18950000000000.0,18950000000000.0,18950000000000.0,18950000000000.0,18950000000000.0,18950000000000.0,18950000000000.0,18950000000000.0,18950000000000.0,18950000000000.0,18950000000000.0,18950000000000.0,18950000000000.0,18950000000000.0,19139500000000.0,19139500000000.0,19139500000000.0,19139500000000.0,19139500000000.0,19139500000000.0,19139500000000.0,19139500000000.0,19139500000000.0,19139500000000.0,19139500000000.0,19139500000000.0,19139500000000.0,19139500000000.0,19139500000000.0,19139500000000.0,19139500000000.0,19139500000000.0,19139500000000.0,19139500000000.0,19139500000000.0,19139500000000.0,19139500000000.0,19139500000000.0,19139500000000.0,19139500000000.0,19139500000000.0,19139500000000.0,19139500000000.0,19139500000000.0,19139500000000.0
2. Thặng dư vốn cổ phần,0.0,0.0,10669128330.0,0.0,10642014176.0,0.0,0.0,0.0,0.0,0.0,0.0,1216727266.0,1216727266.0,1216727266.0,1216727266.0,1216727266.0,1216727266.0,1216727266.0,1041727266.0,421727266.0,189746727266.0,189746727266.0,189746727267.0,189746727266.0,189746727266.0,189746727266.0,189746727266.0,189746727266.0,210679541297.0,210679541297.0,210261047473.0,210261047473.0,210261047473.0,210679541297.0,210679541297.0,210679541297.0,210679541298.0,210679541297.0,210679541297.0,210679541297.0,210679541297.0,210679541297.0,210679541297.0,210679541297.0,210679541296.0,210679541297.0,210679541297.0,210679541297.0,210679541297.0,210679541297.0,210679541297.0
3. Quyền chọn chuyển đổi trái phiếu,0.0,0.0,0.0,0.0,0.0,0.0,0.0,0.0,0.0,0.0,0.0,0.0,0.0,0.0,0.0,0.0,0.0,0.0,0.0,0.0,0.0,0.0,0.0,0.0,0.0,0.0,0.0,0.0,0.0,0.0,0.0,0.0,0.0,0.0,0.0,0.0,0.0,0.0,0.0,0.0,0.0,0.0,0.0,0.0,0.0,0.0,0.0,0.0,0.0,0.0,0.0
4. Vốn khác của chủ sở hữu,0.0,1254472277.0,0.0,30966515289.0,0.0,30949322304.0,11200180895.0,30939401135.0,32941402529.0,33010841083.0,32941402529.0,32941402529.0,32941402529.0,31669684486.0,31695428185.0,59407831433.0,99284117472.0,100392477344.0,100378966864.0,251878967648.0,255997699987.0,255848686264.0,255848686264.0,255848686264.0,255850125849.0,255319038873.0,255850125849.0,255850125849.0,255850125849.0,255319038873.0,256268619673.0,256268619673.0,256268619673.0,255319038873.0,255319038873.0,196658562648.0,196658562647.0,196658562648.0,196658562648.0,196658562648.0,196658562648.0,196658562648.0,196658562648.0,196658562647.0,196658562649.0,196658562648.0,196658562648.0,196658562647.0,196658562647.0,191518297085.0,236959539600.0
5. Cổ phiếu quỹ,0.0,0.0,0.0,0.0,0.0,0.0,0.0,0.0,0.0,0.0,0.0,-1153105.0,0.0,0.0,0.0,0.0,-39911223937.0,-40111223937.0,-40111223937.0,-40111223937.0,-40111223937.0,-40111223937.0,-40111223937.0,-40111223937.0,-40111223937.0,-40111223937.0,-40111223937.0,-40111223937.0,0.0,0.0,0.0,0.0,0.0,0.0,0.0,0.0,0.0,0.0,0.0,0.0,0.0,0.0,0.0,0.0,0.0,0.0,0.0,0.0,0.0,0.0,0.0
6. Chênh lệch đánh giá lại tài sản,0.0,6710919929696.0,0.0,0.0,0.0,0.0,0.0,0.0,0.0,0.0,0.0,0.0,0.0,0.0,0.0,0.0,0.0,0.0,0.0,0.0,0.0,0.0,0.0,0.0,0.0,0.0,0.0,0.0,0.0,0.0,0.0,0.0,0.0,0.0,0.0,0.0,0.0,0.0,0.0,0.0,0.0,0.0,0.0,0.0,0.0,0.0,0.0,0.0,0.0,0.0,0.0
7. Chênh lệch tỷ giá hối đoái,-6501673520.0,-2561854279.0,-44510923850.0,-71056425755.0,-54369223656.0,-75390405860.0,-76312668923.0,-71978893917.0,0.0,0.0,0.0,0.0,0.0,0.0,0.0,0.0,0.0,0.0,0.0,0.0,0.0,0.0,0.0,0.0,0.0,0.0,0.0,0.0,0.0,0.0,0.0,0.0,0.0,0.0,0.0,0.0,0.0,0.0,0.0,0.0,0.0,0.0,0.0,0.0,0.0,0.0,0.0,0.0,0.0,0.0,0.0
8. Quỹ đầu tư phát triển,835463974369.0,1469719828337.0,142623337878.0,357653653654.0,358011156258.0,1545432949604.0,1545862514260.0,1568961755342.0,1549044498676.0,4235596821406.0,4236537810552.0,8525901268078.0,8547674504920.0,6967402952442.0,6941396840284.0,7628468143990.0,11646077847827.0,11661074756320.0,11661986576720.0,11513300927912.0,11527456420487.0,13253158089615.0,13274821291364.0,13404936846079.0,13404937821334.0,14849893822097.0,14849893822097.0,14849893822097.0,14849893822097.0,14862130022329.0,14862130022329.0,14862130022329.0,17213130022329.0,18945860840072.0,18945860840072.0,18844379948876.0,18844379948876.0,18853826843892.0,18853826843892.0,18853826843892.0,18853826843892.0,21053839680240.0,21053839680240.0,21053839680240.0,21053839680240.0,21063056727255.0,21063056727255.0,21063056727255.0,21063056727255.0,27627271883765.0,27581824673348.0
9. Quỹ dự phòng tài chính,1270467878633.0,1753694107517.0,26510467551.0,456640566558.0,456841647905.0,464399563825.0,464437260396.0,1454247518130.0,1456427891609.0,1459089933157.0,1459373448994.0,2683675233314.0,2684129436726.0,2685944872162.0,2686186558088.0,4057349429174.0,0.0,0.0,0.0,0.0,0.0,0.0,0.0,0.0,0.0,0.0,0.0,0.0,0.0,0.0,0.0,0.0,0.0,0.0,0.0,0.0,0.0,0.0,0.0,0.0,0.0,0.0,0.0,0.0,0.0,0.0,0.0,0.0,0.0,0.0,0.0
10. Quỹ khác thuộc vốn chủ sở hữu,0.0,0.0,0.0,214429579255.0,214429579255.0,133749266332.0,140335064940.0,133689748947.0,131687747553.0,134944997553.0,134944997553.0,134944997553.0,134944997553.0,134944997553.0,134944997553.0,134944997553.0,134944997553.0,134944997553.0,134944997553.0,134945065666.0,134945065666.0,134944997553.0,134944997553.0,6287250000.0,6287318113.0,6287318113.0,6287318113.0,6287318113.0,6287318113.0,6287318113.0,6287318113.0,6287318113.0,6287318113.0,6287318113.0,6287318113.0,6287318113.0,6287318113.0,6287318113.0,6287318113.0,6287318113.0,6287318113.0,6287318113.0,6287318113.0,6287318113.0,6287318113.0,6287318113.0,6287318113.0,6287318113.0,6287318113.0,0.0,0.0
11. Lợi nhuận sau thuế chưa phân phối,183164716652.0,1657643473306.0,5896722494487.0,3541719326186.0,5819991659873.0,4684891721152.0,5343615720021.0,5048111290522.0,9334616693813.0,7498221099021.0,8509232979340.0,3133246277103.0,5141411115131.0,6558549617186.0,6622076130801.0,5154252657795.0,7755511077173.0,8935990871931.0,11211656147532.0,10254306115669.0,10442654373366.0,6600132128327.0,7543792880545.0,6176838462263.0,7805412457197.0,5299641034355.0,5285209221562.0,7011059402469.0,9528331483600.0,8719398137931.0,8020327515611.0,11212394893694.0,7291727956024.0,6042608163424.0,6985470307219.0,10146378758237.0,12454547908680.0,13992652108803.0,8329627819410.0,9958597337430.0,12080348068918.0,6156899737283.0,8550242800618.0,10487292270016.0,13949540186632.0,18762422641870.0,16023172827194.0,19242897173727.0,22581985091345.0,18883617297033.0,14309167502728.0
LNST chưa phân phối lũy kế đến cuối kỳ trước,,,,,,,,,,,,,,,,,,3796951229654.0,3796710799729.0,3817538512367.0,8867704049159.0,3706058570135.0,6586674058282.0,-576407346931.0,5624833313385.0,1353737957502.0,931112925216.0,948744751056.0,6942893539838.0,3107736344418.0,3168389744778.0,3224399573988.0,2963052600343.0,56819857635.0,59661642406.0,12869080634.0,10123682181319.0,9958116938165.0,2309577270227.0,2292591092098.0,10053507513839.0,1934441021515.0,1948547615517.0,1959966685399.0,10523675386395.0,10326533217687.0,4598234440097.0,4607157091879.0,19234924361338.0,12471036723883.0,5566051637159.0
LNST chưa phân phối kỳ này,,,,,,,,,,,,,,,,,,5139039642277.0,7414945347803.0,6436767603302.0,1574950324207.0,2894073558192.0,957118822263.0,6753245809194.0,2180579143812.0,3945903076853.0,4354096296346.0,6062314651413.0,2585437943762.0,5611661793513.0,4851937770833.0,7987995319706.0,4328675355681.0,5985788305789.0,6925808664813.0,10133509677603.0,2330865727361.0,4034535170638.0,6020050549183.0,7666006245332.0,2026840555079.0,4222458715768.0,6601695185101.0,8527325584617.0,3425864800237.0,8435889424183.0,11424938387097.0,14635740081848.0,3347060730007.0,6412580573150.0,8743115865569.0
12. Nguồn vốn đầu tư xây dựng cơ bản,0.0,0.0,0.0,0.0,0.0,0.0,0.0,0.0,0.0,0.0,0.0,0.0,0.0,0.0,0.0,0.0,0.0,0.0,0.0,0.0,0.0,0.0,0.0,0.0,0.0,0.0,0.0,0.0,0.0,0.0,0.0,0.0,0.0,0.0,0.0,0.0,0.0,0.0,0.0,0.0,0.0,0.0,0.0,0.0,0.0,0.0,0.0,0.0,0.0,0.0,0.0
13. Quỹ hỗ trợ sắp xếp doanh nghiệp,0.0,0.0,0.0,0.0,0.0,0.0,0.0,0.0,0.0,0.0,0.0,0.0,0.0,0.0,0.0,0.0,0.0,0.0,0.0,0.0,0.0,0.0,0.0,0.0,0.0,0.0,0.0,0.0,0.0,0.0,0.0,0.0,0.0,0.0,0.0,0.0,0.0,0.0,0.0,0.0,0.0,0.0,0.0,0.0,0.0,0.0,0.0,0.0,0.0,0.0,0.0
14. Lợi ích của cổ đông không kiểm soát,231848544493.0,616358478190.0,1708751832345.0,1536763594174.0,1766498227381.0,1646755838867.0,1590392056886.0,1639501017884.0,1708081419994.0,1677633827078.0,1741531942267.0,1672498166134.0,1608949800343.0,1617743975257.0,1742765769661.0,1697972576019.0,1826149152853.0,1803872975392.0,1863394947328.0,1829249646101.0,1962097316773.0,1760059952987.0,1705357931682.0,1724460442094.0,1722364677340.0,1676845242153.0,1684644080511.0,1748000110670.0,1787682805119.0,1854346381981.0,1762167313762.0,1777743799837.0,1811026703029.0,1802104348807.0,1715815807890.0,1140588633928.0,1111067515135.0,1128079022367.0,1057483931467.0,1042592559629.0,1089278589704.0,1081436938674.0,1035937476932.0,1098473302817.0,1152818955364.0,1193282828951.0,1373674345708.0,1458213105122.0,1371360790042.0,1398460434885.0,1193149587495.0
II. Nguồn kinh phí và quỹ khác,7175652117.0,4877558404.0,1646937582.0,1926251500.0,2391920863.0,2720875167.0,2621627660.0,1564044854.0,1264869559.0,0.0,0.0,0.0,1803304283.0,0.0,0.0,0.0,0.0,0.0,0.0,0.0,0.0,0.0,0.0,0.0,0.0,0.0,0.0,0.0,0.0,0.0,0.0,0.0,0.0,0.0,0.0,0.0,0.0,0.0,0.0,0.0,0.0,0.0,0.0,0.0,0.0,0.0,0.0,0.0,0.0,0.0,0.0
1. Nguồn kinh phí ,0.0,0.0,0.0,0.0,645000000.0,645000000.0,645000000.0,0.0,0.0,0.0,0.0,0.0,0.0,0.0,0.0,0.0,0.0,0.0,0.0,0.0,0.0,0.0,0.0,0.0,0.0,0.0,0.0,0.0,0.0,0.0,0.0,0.0,0.0,0.0,0.0,0.0,0.0,0.0,0.0,0.0,0.0,0.0,0.0,0.0,0.0,0.0,0.0,0.0,0.0,0.0,0.0
2. Nguồn kinh phí đã hình thành tài sản cố định,7175652117.0,4877558404.0,1646937582.0,1926251500.0,1746920863.0,2075875167.0,1976627660.0,1564044854.0,1264869559.0,0.0,0.0,0.0,1803304283.0,0.0,0.0,0.0,0.0,0.0,0.0,0.0,0.0,0.0,0.0,0.0,0.0,0.0,0.0,0.0,0.0,0.0,0.0,0.0,0.0,0.0,0.0,0.0,0.0,0.0,0.0,0.0,0.0,0.0,0.0,0.0,0.0,0.0,0.0,0.0,0.0,0.0,0.0
3. Quỹ dự phòng trợ cấp mất việc làm,0.0,0.0,0.0,0.0,0.0,0.0,0.0,0.0,0.0,0.0,0.0,0.0,0.0,0.0,0.0,0.0,0.0,0.0,0.0,0.0,0.0,0.0,0.0,0.0,0.0,0.0,0.0,0.0,0.0,0.0,0.0,0.0,0.0,0.0,0.0,0.0,0.0,0.0,0.0,0.0,0.0,0.0,0.0,0.0,0.0,0.0,0.0,0.0,0.0,0.0,0.0
TỔNG CỘNG NGUỒN VỐN,21893834085771.0,39679259266585.0,54877734820376.0,45610766961022.0,52252870570016.0,50665951159620.0,49737342582772.0,45108421019256.0,48101968875708.0,49122286048449.0,48356717253633.0,50503546398934.0,51487898979360.0,49376259275628.0,53208319828115.0,53762672238302.0,52968689659839.0,52837549701521.0,54878245708584.0,56724384934262.0,59708787758377.0,59526287021889.0,58106823934254.0,56897271416985.0,61013023071375.0,60377343375858.0,60579566466685.0,61786993850008.0,66149715518727.0,68073091054073.0,60999894807152.0,62578965420769.0,62009451511843.0,65200269960611.0,62557544509153.0,62254322822238.0,65452636255786.0,67147956383291.0,61704299780672.0,63089655865684.0,68626315339643.0,74826437216601.0,73218244394411.0,78768074688564.0,85170155703686.0,88539470273208.0,85223863206357.0,82806381239384.0,84128383780644.0,88247092723762.0,84638510807322.0
