Item,Q4 2006,Q3 2007,Q4 2007,Q1 2008,Q2 2008,Q3 2008,Q4 2008,Q1 2009,Q2 2009,Q3 2009,Q4 2009,Q1 2010,Q2 2010,Q3 2010,Q4 2010,Q1 2011,Q2 2011,Q3 2011,Q4 2011,Q1 2012,Q2 2012,Q3 2012,Q4 2012,Q1 2013,Q2 2013,Q3 2013,Q4 2013,Q1 2014,Q2 2014,Q3 2014,Q4 2014,Q1 2015,Q2 2015,Q3 2015,Q4 2015,Q1 2016,Q2 2016,Q3 2016,Q4 2016,Q1 2017,Q2 2017,Q3 2017,Q4 2017,Q1 2018,Q2 2018,Q3 2018,Q4 2018,Q1 2019,Q2 2019,Q3 2019,Q4 2019,Q1 2020,Q2 2020,Q3 2020,Q4 2020,Q1 2021,Q2 2021,Q3 2021,Q4 2021,Q1 2022,Q2 2022,Q3 2022,Q4 2022,Q1 2023,Q2 2023,Q3 2023
TÀI SẢN,,,,,,,,,,,,,,,,,,,,,,,,,,,,,,,,,,,,,,,,,,,,,,,,,,,,,,,,,,,,,,,,,,
A. Tài sản lưu động và đầu tư ngắn hạn,3225041000000.0,3028720000690.0,2812447858419.0,2174488570768.0,3248200442514.0,3581515313816.0,4186760000000.0,3840919000000.0,4016665000000.0,4071051584809.0,5161038000000.0,4945645000000.0,7291700000000.0,6987018339400.0,6925273542547.0,7307024425058.0,11478241000000.0,11662029856334.0,13584995490747.0,14229428264582.0,13273219000000.0,13001372464498.0,11441310399361.0,12386795961470.0,14429430710602.0,15866789285677.0,14283933834935.0,14741643185473.0,16811991189293.0,17505307072771.0,16809649647352.0,16081006161038.0,17237604955041.0,17778687883564.0,15924273142480.0,15440227174235.0,15223790143488.0,15350390585079.0,15094673277964.0,13663101984676.0,14421688988077.0,13873131551054.0,13318027963798.0,12470313347831.0,13645857912895.0,13970920873305.0,13822963235490.0,14810277987914.0,16546128142036.0,16573368225555.0,15329911766869.0,15451642428324.0,17565883253112.0,17448605298972.0,16663756750601.0,15090130030751.0,15200362902345.0,15492492762341.0,15445617999351.0,15237896244292.0,16099158308147.0,15972599470804.0,16334344785173.0,16258341242742.0,17777752356120.0,18938796701889.0
I. Tiền và các khoản tương đương tiền,2109917000000.0,921958048889.0,929841277314.0,564026698109.0,1094553864620.0,871570339495.0,1047800000000.0,1414540000000.0,1222811000000.0,964829022229.0,1997913000000.0,1721151000000.0,2095486000000.0,3107563030796.0,2786059051030.0,2349075779698.0,4872619000000.0,4554240705135.0,6082918218315.0,6182065623601.0,5833961000000.0,6556946870057.0,5810920467487.0,6683489731742.0,6235853143965.0,6860485939569.0,5855790340932.0,5885914338331.0,7574278371682.0,8240876588011.0,8245532700055.0,8074612038765.0,8734779536288.0,8550509970272.0,8118484349643.0,6940818900397.0,6810352845469.0,6387834578079.0,5885286338407.0,5519642177286.0,6286643370630.0,6311682680718.0,5744948929601.0,5376069828919.0,5594387101440.0,6797732424631.0,6434258281478.0,5386209063088.0,7904699295168.0,7356189473959.0,6949114784400.0,5638171128069.0,5627496051082.0,6323597129933.0,5182155694269.0,4332974891984.0,4414541697480.0,5856967177448.0,5753678609731.0,6541989890694.0,6880572324947.0,5286595717069.0,5250499110617.0,5270708871263.0,5670923588103.0,4880561634197.0
1. Tiền,396252000000.0,921958048889.0,829841277314.0,385972483568.0,1094553864620.0,861570339495.0,,,,951732969537.0,,1127305000000.0,1749552000000.0,2868234379074.0,2118923308768.0,2219946423129.0,3926927000000.0,3117039569589.0,3937722943227.0,3266048673880.0,3805312000000.0,4726465824142.0,3303342435755.0,4399038260372.0,4068768980873.0,4696446482877.0,3768025979969.0,3437147447605.0,4753567825022.0,5382612621056.0,4276762706947.0,4686478708984.0,4890609451448.0,5352313079101.0,3982995416054.0,2929785854563.0,2582520703583.0,2796029374658.0,2646758096799.0,2417185451368.0,2725310815508.0,2850287466582.0,2086379982335.0,2425393470068.0,2717865883028.0,3781213564606.0,3827641705735.0,3334306033516.0,4967051865401.0,4772922019149.0,4041409116303.0,3124268604531.0,3762595025538.0,3983430888834.0,3387221129416.0,2569606428887.0,2308195378286.0,3436954154505.0,3483869987131.0,3870723372263.0,4780257470153.0,3493465742490.0,3690256979373.0,3663405195885.0,4261105519550.0,3194455141822.0
2. Các khoản tương đương tiền,1713665000000.0,0.0,100000000000.0,178054214541.0,0.0,10000000000.0,,,,13096052692.0,,593846000000.0,345934000000.0,239328651722.0,667135742262.0,129129356569.0,945692000000.0,1437201135546.0,2145195275088.0,2916016949721.0,2028649000000.0,1830481045915.0,2507578031732.0,2284451471370.0,2167084163092.0,2164039456692.0,2087764360963.0,2448766890726.0,2820710546660.0,2858263966955.0,3968769993108.0,3388133329781.0,3844170084840.0,3198196891171.0,4135488933589.0,4011033045834.0,4227832141886.0,3591805203421.0,3238528241608.0,3102456725918.0,3561332555122.0,3461395214136.0,3658568947266.0,2950676358851.0,2876521218412.0,3016518860025.0,2606616575743.0,2051903029572.0,2937647429767.0,2583267454810.0,2907705668097.0,2513902523538.0,1864901025544.0,2340166241099.0,1794934564853.0,1763368463097.0,2106346319194.0,2420013022943.0,2269808622600.0,2671266518431.0,2100314854794.0,1793129974579.0,1560242131244.0,1607303675378.0,1409818068553.0,1686106492375.0
II. Các khoản đầu tư tài chính ngắn hạn,3900000000.0,26900000000.0,3900000000.0,3900000000.0,3900000000.0,3900000000.0,3900000000.0,3900000000.0,3900000000.0,54667312521.0,3900000000.0,3900000000.0,5600000000.0,5600000000.0,5600000000.0,3900000000.0,233326000000.0,230000000000.0,80000000000.0,0.0,13346000000.0,63345884000.0,64164431552.0,14164431552.0,0.0,0.0,0.0,0.0,18200000000.0,18200000000.0,610000000.0,4110000000.0,0.0,412000000000.0,450200000000.0,553070000000.0,789331361111.0,859812502411.0,911017446191.0,1130634908513.0,1297195000000.0,1449153819444.0,1541181091296.0,1689023423144.0,1898774186810.0,1684719769950.0,1600417234379.0,1852135420998.0,2548434557181.0,3329426254621.0,2742983284059.0,2427636137335.0,2962151752102.0,2891535146928.0,3340783914291.0,3060939932510.0,2823237959907.0,2335054792322.0,2670300567303.0,2646167113189.0,3291314140367.0,4710712173127.0,4807330575989.0,4924908035295.0,5076799008117.0,5183383583505.0
1. Chứng khoán kinh doanh,3900000000.0,26900000000.0,3900000000.0,3900000000.0,3900000000.0,3900000000.0,,,,54667312521.0,,3900000000.0,5600000000.0,5600000000.0,5600000000.0,3900000000.0,233326000000.0,230000000000.0,80000000000.0,0.0,13346000000.0,63345884000.0,64164431552.0,14164431552.0,0.0,0.0,0.0,0.0,18200000000.0,18200000000.0,610000000.0,4110000000.0,0.0,0.0,0.0,0.0,0.0,0.0,0.0,0.0,0.0,0.0,0.0,0.0,0.0,0.0,0.0,0.0,0.0,0.0,0.0,0.0,0.0,0.0,0.0,0.0,0.0,0.0,0.0,0.0,0.0,0.0,0.0,0.0,0.0,0.0
2. Dự phòng giảm giá chứng khoán kinh doanh,0.0,0.0,0.0,0.0,0.0,0.0,,,,0.0,,0.0,0.0,0.0,0.0,0.0,0.0,0.0,0.0,0.0,0.0,0.0,0.0,0.0,0.0,0.0,0.0,0.0,0.0,0.0,0.0,0.0,0.0,0.0,0.0,0.0,0.0,0.0,0.0,0.0,0.0,0.0,0.0,0.0,0.0,0.0,0.0,0.0,0.0,0.0,0.0,0.0,0.0,0.0,0.0,0.0,0.0,0.0,0.0,0.0,0.0,0.0,0.0,0.0,0.0,0.0
3. Đầu tư nắm giữ đến ngày đáo hạn,0.0,0.0,0.0,0.0,0.0,0.0,,,,0.0,,0.0,0.0,0.0,0.0,0.0,0.0,0.0,0.0,0.0,0.0,0.0,0.0,0.0,0.0,0.0,0.0,0.0,0.0,0.0,0.0,0.0,0.0,412000000000.0,450200000000.0,553070000000.0,789331361111.0,859812502411.0,911017446191.0,1130634908513.0,1297195000000.0,1449153819444.0,1541181091296.0,1689023423144.0,1898774186810.0,1684719769950.0,1600417234379.0,1852135420998.0,2548434557181.0,3329426254621.0,2742983284059.0,2427636137335.0,2962151752102.0,2891535146928.0,3340783914291.0,3060939932510.0,2823237959907.0,2335054792322.0,2670300567303.0,2646167113189.0,3291314140367.0,4710712173127.0,4807330575989.0,4924908035295.0,5076799008117.0,5183383583505.0
III. Các khoản phải thu ngắn hạn,1014607000000.0,1880443463095.0,1695461217798.0,1357585315617.0,1875456044358.0,2460640379236.0,2849604000000.0,2093984000000.0,2339245000000.0,2637956876105.0,2727639000000.0,2824951000000.0,4607789000000.0,3098733785860.0,3621231929234.0,4238226522190.0,5185335000000.0,5586720818137.0,6087531739043.0,6492132938329.0,5958985000000.0,5026128513019.0,4852863990426.0,4949709249619.0,7490690022865.0,8277855541736.0,7564535678797.0,7927815568278.0,8282794110066.0,8337622915234.0,7350203190018.0,6991946080942.0,7569488861272.0,7526570426043.0,5635913316758.0,6486424751416.0,5954194910930.0,6176644311605.0,6092032680573.0,5302865298495.0,5158889094567.0,4464249421795.0,5150349519052.0,4735325509959.0,5448108846977.0,4760934441504.0,4951237203069.0,6608624758598.0,4972564674393.0,4705158360645.0,4164888093037.0,5522139236269.0,6914700351736.0,5973563023342.0,5661092139692.0,5027218724769.0,4850830905667.0,4661536261343.0,4619778856073.0,4377267419689.0,4652433562177.0,4547434097507.0,4990497818831.0,4729214998868.0,5572500872499.0,6953813448980.0
1. Phải thu ngắn hạn của khách hàng,979930000000.0,1052360400607.0,1047218449746.0,843512098290.0,1303685427508.0,1869259939239.0,,,,2479988989265.0,,2735836000000.0,4461540000000.0,2874269472580.0,3344366753793.0,3598433822400.0,4429936000000.0,4079810170362.0,4421438714634.0,5270582350081.0,4424337000000.0,3274700749536.0,3337059666797.0,3241498346798.0,5594405236033.0,6418007333639.0,5755473603722.0,5943422157136.0,5666833747728.0,6558787188566.0,5597351199691.0,5173468330767.0,5572922985011.0,5892353076236.0,4278216474953.0,4858618413010.0,4542290157792.0,4842742196546.0,4858513801902.0,4123795805241.0,3765976705425.0,2967437395677.0,3418424904539.0,3150958664967.0,3903750065824.0,3163817266600.0,2998000242438.0,4672919249114.0,3588831311543.0,3463099255890.0,2863452556133.0,4257083825334.0,5795303621652.0,4952658562081.0,5079843799307.0,4407132990003.0,4172997958661.0,4022086421822.0,4004475782525.0,3862715038708.0,3966004746239.0,3697036214323.0,4159291192915.0,3663438902265.0,4566417798288.0,5883622350855.0
2. Trả trước cho người bán,19647000000.0,373658965355.0,74849347312.0,111497426682.0,102093885995.0,113639664554.0,,,,82673842431.0,,134788000000.0,206899000000.0,283192541413.0,300313677079.0,451370566142.0,400390000000.0,330175014331.0,113742752359.0,133736837082.0,103850000000.0,99569690733.0,67732131059.0,127389084576.0,139320361287.0,259538856631.0,232543257300.0,289659555395.0,287963724058.0,205927591764.0,212066707561.0,321415120826.0,166589054450.0,165273051311.0,306614970047.0,498473878158.0,483204354543.0,461443590051.0,259357007355.0,231788458840.0,307107632456.0,353570288224.0,410833179214.0,475338389579.0,499479248350.0,516001302595.0,515436442887.0,520392930715.0,471446906378.0,453107852200.0,429041292872.0,604944994686.0,608855601459.0,623878266838.0,368651752289.0,368854418315.0,314877334324.0,317927314008.0,297970072369.0,294451721594.0,340441693054.0,396598396786.0,303860480249.0,270186583357.0,535297645082.0,554997612414.0
3. Phải thu nội bộ ngắn hạn,23140000000.0,470316222264.0,574700742351.0,0.0,480977693105.0,479301688886.0,,,,0.0,,0.0,0.0,0.0,0.0,0.0,0.0,0.0,0.0,0.0,0.0,0.0,0.0,0.0,0.0,0.0,0.0,0.0,0.0,0.0,0.0,0.0,0.0,0.0,0.0,0.0,0.0,0.0,0.0,0.0,0.0,0.0,0.0,0.0,0.0,0.0,0.0,0.0,0.0,0.0,0.0,0.0,0.0,0.0,0.0,0.0,0.0,0.0,0.0,0.0,0.0,0.0,0.0,0.0,0.0,0.0
4. Phải thu theo tiến độ hợp đồng xây dựng,0.0,0.0,0.0,0.0,0.0,0.0,,,,0.0,,0.0,0.0,0.0,0.0,5105200692.0,0.0,0.0,0.0,0.0,0.0,0.0,0.0,0.0,0.0,0.0,0.0,0.0,0.0,0.0,0.0,0.0,0.0,0.0,0.0,102536065330.0,233539032719.0,322130170176.0,413611852908.0,218856770302.0,267978848450.0,273291003005.0,406741709557.0,273146290944.0,415952514198.0,355530205320.0,248210286881.0,246697101517.0,232914207120.0,249200003506.0,379503255638.0,247667015173.0,250832735758.0,74968093176.0,85720543145.0,65879968485.0,28347348814.0,12549917627.0,11927115975.0,5398231931.0,4740249648.0,4714434948.0,0.0,69968946447.0,75637743910.0,102850001533.0
5. Phải thu về cho vay ngắn hạn,0.0,0.0,0.0,0.0,0.0,0.0,,,,0.0,,0.0,0.0,0.0,0.0,0.0,0.0,0.0,0.0,0.0,0.0,0.0,0.0,0.0,0.0,0.0,0.0,0.0,0.0,0.0,0.0,0.0,27976168584.0,47929258197.0,28757555368.0,19005179130.0,9508994923.0,0.0,0.0,0.0,0.0,0.0,0.0,0.0,0.0,0.0,0.0,0.0,0.0,0.0,0.0,0.0,0.0,0.0,0.0,0.0,0.0,0.0,0.0,0.0,0.0,0.0,69968946447.0,0.0,0.0,0.0
6. Phải thu ngắn hạn khác,36065000000.0,23381484393.0,22892849134.0,426775961390.0,12817490078.0,22557538885.0,,,,105439875781.0,,19306000000.0,36115000000.0,42021394869.0,51189034348.0,261253773446.0,431086000000.0,1207625338082.0,1580392539781.0,1144705579880.0,1462080000000.0,1679515627116.0,1474923041781.0,1613948745118.0,1776930422655.0,1620733995874.0,1603192286458.0,1737541137138.0,2364360569802.0,1612931516497.0,1581099518563.0,1545290987347.0,1864876403050.0,1501249763360.0,1150400928245.0,1161197266554.0,841134683154.0,749500543359.0,676158596459.0,823729353853.0,950857454729.0,1069776285282.0,1115680295551.0,1033620790328.0,839003811796.0,914150497276.0,1424645794514.0,1379356842792.0,995853009528.0,850339472387.0,780645106989.0,589265507670.0,411317736015.0,470352943396.0,259690616697.0,333391300891.0,490598659159.0,472061568475.0,463331196922.0,381318135631.0,514123993927.0,615610073591.0,620238917804.0,842821337711.0,498804397975.0,535274015946.0
7. Dự phòng phải thu ngắn hạn khó đòi,-44175000000.0,-39273609524.0,-24200170745.0,-24200170745.0,-24118452328.0,-24118452328.0,,,,-30145831372.0,,-64979000000.0,-96765000000.0,-100749623002.0,-74637535986.0,-77936840490.0,-76077000000.0,-30889704638.0,-28042267731.0,-56891828714.0,-31282000000.0,-27657554366.0,-26850849211.0,-33126926873.0,-19965997110.0,-20424644408.0,-26673468683.0,-42807281391.0,-36363931522.0,-40023381593.0,-40314235797.0,-48228357998.0,-62875749823.0,-80234723061.0,-128076611855.0,-153406050766.0,-155482312201.0,-199172188527.0,-115608578051.0,-95305089741.0,-133031546493.0,-199825550393.0,-201330569809.0,-197738625859.0,-210076793191.0,-188564830287.0,-235055563651.0,-210741365540.0,-316480760176.0,-310588223338.0,-287754118595.0,-176822106594.0,-151609343148.0,-148294842149.0,-132814571746.0,-148039952925.0,-155990395291.0,-163088960589.0,-157925311718.0,-166615708175.0,-172877120691.0,-166525022141.0,-162861718584.0,-117200770912.0,-103656712756.0,-122930531768.0
IV. Tổng hàng tồn kho,83619000000.0,148111910975.0,127202432372.0,188392176185.0,212803827303.0,176204759927.0,188316000000.0,218252000000.0,334023000000.0,287074907144.0,342339000000.0,285115000000.0,440133000000.0,628023859283.0,372253197267.0,528624341910.0,905080000000.0,884190161801.0,1046239123082.0,1264597063170.0,1250398000000.0,1184136592110.0,570304000972.0,559301077176.0,605785407567.0,613375368190.0,698509178951.0,735681592096.0,745573254948.0,730172811175.0,879012424794.0,654672406055.0,562653012548.0,870363972454.0,1195845290679.0,920962621008.0,1102117942494.0,1375518507043.0,1622156528774.0,1215289054599.0,1253801948873.0,1195473815855.0,434353592852.0,327694044450.0,398036451558.0,417510482948.0,469151670516.0,417917033625.0,679039939467.0,759214406135.0,1061408285270.0,1427133675445.0,1754693680007.0,2021706250105.0,2190248310625.0,2365461279440.0,2826489982675.0,2409038288988.0,2160558135038.0,1466751063744.0,1046548668829.0,1172013076727.0,1010840812718.0,974945294569.0,1047480458569.0,1439983469594.0
1. Hàng tồn kho,99069000000.0,163561662563.0,141054181808.0,202243925621.0,226655576739.0,190056509363.0,,,,293289129688.0,,289075000000.0,444093000000.0,631984220645.0,376037092792.0,532408237435.0,908864000000.0,887974057326.0,1050008733068.0,1268366673156.0,1254168000000.0,1187906202096.0,574062987472.0,563060063676.0,609544394067.0,617134354690.0,702076249226.0,739248662371.0,749140325223.0,733739881450.0,883670685614.0,659330666875.0,567311273368.0,875022233274.0,1201542205828.0,926568537864.0,1107814857643.0,1381215422192.0,1627365371593.0,1220497897418.0,1259010791692.0,1200682658674.0,439313779363.0,332654230961.0,402996638069.0,422470669459.0,536708840668.0,422111386786.0,683234292628.0,763408759296.0,1064316269121.0,1429471716778.0,1757031721340.0,2024044291438.0,2192447024754.0,2427555603694.0,2888584306929.0,2471132613242.0,2162749301199.0,1468942229905.0,1048739834990.0,1174204242888.0,1012791067106.0,976895548957.0,1049430712957.0,1441933723982.0
2. Dự phòng giảm giá hàng tồn kho,-15450000000.0,-15449751588.0,-13851749436.0,-13851749436.0,-13851749436.0,-13851749436.0,,,,-6214222544.0,,-3960000000.0,-3960000000.0,-3960361362.0,-3783895525.0,-3783895525.0,-3784000000.0,-3783895525.0,-3769609986.0,-3769609986.0,-3770000000.0,-3769609986.0,-3758986500.0,-3758986500.0,-3758986500.0,-3758986500.0,-3567070275.0,-3567070275.0,-3567070275.0,-3567070275.0,-4658260820.0,-4658260820.0,-4658260820.0,-4658260820.0,-5696915149.0,-5605916856.0,-5696915149.0,-5696915149.0,-5208842819.0,-5208842819.0,-5208842819.0,-5208842819.0,-4960186511.0,-4960186511.0,-4960186511.0,-4960186511.0,-67557170152.0,-4194353161.0,-4194353161.0,-4194353161.0,-2907983851.0,-2338041333.0,-2338041333.0,-2338041333.0,-2198714129.0,-62094324254.0,-62094324254.0,-62094324254.0,-2191166161.0,-2191166161.0,-2191166161.0,-2191166161.0,-1950254388.0,-1950254388.0,-1950254388.0,-1950254388.0
V. Tài sản ngắn hạn khác,12998000000.0,51306577731.0,56042930935.0,60584380857.0,61486706233.0,69199835158.0,97140000000.0,110243000000.0,116686000000.0,126523466810.0,89247000000.0,110528000000.0,142692000000.0,147097663461.0,140129365016.0,187197781260.0,281881000000.0,406878171261.0,288306410307.0,290632639482.0,216529000000.0,170814605312.0,143057508924.0,180131471381.0,97102136205.0,115072436182.0,165098636255.0,192231686768.0,191145452597.0,178434758351.0,334291332485.0,355665635276.0,370683544933.0,419243514795.0,523830185400.0,538950901414.0,567793083484.0,550580685941.0,584180284019.0,494670545783.0,425159574007.0,452571813242.0,447194830997.0,342200541359.0,306551326110.0,310023754272.0,367898846048.0,545391711605.0,441389675827.0,423379730195.0,411517320103.0,436562251206.0,306841418185.0,238203748664.0,289476691724.0,303535202048.0,285262356616.0,229896242240.0,241301831206.0,205720756976.0,228289611827.0,255844406374.0,275176467018.0,358564042747.0,410048428832.0,481054565613.0
1. Chi phí trả trước ngắn hạn,3107000000.0,6106107866.0,2609693906.0,1989513048.0,1987737058.0,3619658269.0,,,,2124419684.0,,11027000000.0,10952000000.0,43589700137.0,23757304807.0,70181134608.0,22679000000.0,35240251182.0,10316025311.0,37888985835.0,25979000000.0,29078641558.0,23876056552.0,39687037575.0,50629189561.0,56421818535.0,49754208424.0,79014846963.0,85745662104.0,86234226621.0,46802719138.0,71607323052.0,81918135595.0,64827738319.0,23292401646.0,58289358999.0,61439802484.0,67658723752.0,28261857256.0,40525314236.0,46321080765.0,46936566205.0,46681925290.0,34023530682.0,32311696170.0,33454207826.0,54910737311.0,61094847176.0,57266184201.0,55975586668.0,37077280329.0,64193922473.0,60099554890.0,31684625774.0,31560452092.0,45968147379.0,45809720025.0,32379486652.0,37104441619.0,62308549159.0,49315272601.0,43311511174.0,37350519907.0,53013517924.0,56167245077.0,64926757099.0
2. Thuế giá trị gia tăng được khấu trừ,9227000000.0,43545611105.0,51921270808.0,54266580203.0,53343792661.0,59559849191.0,,,,113480021563.0,,88657000000.0,103496000000.0,92955931525.0,101774925574.0,94236689407.0,236105000000.0,354197048665.0,262904894838.0,234528671771.0,171647000000.0,101391685001.0,81776377418.0,119489012215.0,25654290378.0,29174812924.0,83920834358.0,48453894913.0,70139377245.0,50653527988.0,173971365321.0,201660887864.0,249183176554.0,314409773393.0,460424365348.0,432339537181.0,458275616541.0,421707024395.0,505691902770.0,403930148986.0,338213107215.0,338995283654.0,335573243966.0,293653390420.0,264396027638.0,260364025340.0,271868784935.0,249416353546.0,256944998369.0,244737807556.0,323487819780.0,335389860898.0,213166373401.0,177698483206.0,199858428385.0,196255033813.0,187326780001.0,140975439940.0,153403886645.0,133816322109.0,141540604964.0,209033864914.0,234751020404.0,301893202173.0,350460535438.0,413366724841.0
3. Thuế và các khoản phải thu Nhà nước,65000000.0,33045099.0,119290533.0,93578572.0,1085426000.0,28104726.0,,,,3144086939.0,,2524000000.0,504000000.0,113301000.0,1319183502.0,7361142283.0,1802000000.0,133122003.0,3295348310.0,2365696379.0,1498000000.0,164792155.0,3046048194.0,2973564539.0,3437484786.0,3589565599.0,22852118691.0,22058292869.0,2324979479.0,1865747653.0,39538828850.0,60950561692.0,39582232784.0,40006003083.0,40113418406.0,48322005234.0,48077664459.0,61214937794.0,50226523993.0,50215082561.0,40625386027.0,66639963383.0,64939661741.0,14523620257.0,9843602302.0,16205521106.0,41119323802.0,5608994223.0,12545384928.0,8033227641.0,22777351994.0,11364951472.0,7961973530.0,3207123320.0,32444294883.0,35698504492.0,26512340226.0,30927799284.0,25179986578.0,9459522072.0,37297370626.0,3362666650.0,2938563071.0,3520959014.0,3342147107.0,2726538219.0
4. Giao dịch mua bán lại trái phiếu chính phủ,0.0,0.0,0.0,0.0,0.0,0.0,,,,0.0,,0.0,0.0,0.0,0.0,0.0,0.0,0.0,0.0,0.0,0.0,0.0,0.0,0.0,0.0,0.0,0.0,0.0,0.0,0.0,0.0,0.0,0.0,0.0,0.0,0.0,0.0,0.0,0.0,0.0,0.0,0.0,0.0,0.0,0.0,0.0,0.0,0.0,0.0,0.0,0.0,25613516363.0,0.0,25613516364.0,0.0,0.0,0.0,0.0,0.0,0.0,0.0,0.0,0.0,0.0,0.0,0.0
5. Tài sản ngắn hạn khác,599000000.0,1621813661.0,1392675688.0,4234709034.0,5069750514.0,5992222972.0,,,,7774938624.0,,8320000000.0,27740000000.0,10438730799.0,13277951133.0,15418814962.0,21295000000.0,17307749411.0,11790141848.0,15849285497.0,17405000000.0,40179486598.0,34359026760.0,17981857052.0,17381171480.0,25886239124.0,8571474782.0,42704652023.0,32935433769.0,39681256089.0,73978419176.0,21446862668.0,0.0,0.0,0.0,0.0,0.0,0.0,0.0,0.0,0.0,0.0,0.0,0.0,0.0,0.0,0.0,229271516660.0,114633108329.0,114633108330.0,28174868000.0,0.0,25613516364.0,0.0,25613516364.0,25613516364.0,25613516364.0,25613516364.0,25613516364.0,136363636.0,136363636.0,136363636.0,136363636.0,136363636.0,78501210.0,34545454.0
B. Tài sản cố định và đầu tư dài hạn,1444622000000.0,1793107724423.0,2008570349123.0,2416554981443.0,2792380887305.0,3315267496647.0,3798708000000.0,4564727000000.0,5233806000000.0,6263689278922.0,7138839000000.0,7671211000000.0,8853341000000.0,9397735778599.0,10233831431154.0,10814129113545.0,11092338000000.0,11112047821770.0,9045327721482.0,10601240454787.0,9645537000000.0,9442413660702.0,9213896695500.0,9625665888157.0,9757100916372.0,9759545526633.0,9537261166603.0,9416381049471.0,9415784190116.0,9443321942050.0,9416840966550.0,9800223821068.0,10112996243248.0,10029441513409.0,10589598378925.0,10498318584508.0,10558742407515.0,10491904666229.0,10428305775916.0,10332618272634.0,10342445252148.0,10346936910975.0,9817039964420.0,10324880888337.0,10206845855236.0,9849497907177.0,8719675099263.0,9168368036342.0,9320635563789.0,9457913677940.0,9745146249891.0,9976740488949.0,9622445970467.0,9617429100969.0,9706900670817.0,9510578807120.0,9366941267264.0,9390034108293.0,9247379203750.0,9407212805884.0,8944126602747.0,9204268330063.0,9442220028453.0,9376170367050.0,9279428556349.0,9625372435763.0
I. Các khoản phải thu dài hạn,1012000000.0,639197249.0,1374121987.0,1415641607.0,6048377264.0,15889842212.0,283000000.0,283000000.0,193000000.0,192938866.0,180000000.0,176000000.0,1176000000.0,176276416.0,176276416.0,176276416.0,159000000.0,158728000.0,158728000.0,238915800.0,158000000.0,155728000.0,155728000.0,155728000.0,0.0,58728000.0,0.0,35000000.0,65000000.0,65000000.0,30000000.0,11516550273.0,62459070696.0,34676068040.0,264487177482.0,134125284028.0,86099091880.0,84181333108.0,99145920319.0,36957156305.0,35644898112.0,37458013042.0,36743273464.0,35149500146.0,34155363218.0,34202438513.0,31753609258.0,31567443481.0,97977533910.0,97803491677.0,163795121544.0,165311678832.0,159711625245.0,180342269782.0,153965972063.0,140218630857.0,130714555390.0,188482841213.0,175179801036.0,173206276141.0,161520405662.0,125268754734.0,123822830133.0,123165753231.0,121692319420.0,122709035347.0
1. Phải thu dài hạn của khách hàng,310000000.0,310128003.0,1375180744.0,1362830744.0,1342785641.0,1338952315.0,,,,310128003.0,,310000000.0,355000000.0,355087777.0,362228339.0,362228339.0,362000000.0,0.0,372653040.0,484670767.0,565000000.0,565357637.0,565357637.0,565357637.0,685772574.0,684251608.0,684403704.0,684251608.0,690943858.0,0.0,0.0,0.0,9343872720.0,0.0,0.0,0.0,0.0,0.0,0.0,0.0,0.0,0.0,0.0,0.0,0.0,0.0,0.0,0.0,0.0,0.0,0.0,0.0,0.0,0.0,0.0,0.0,0.0,0.0,0.0,0.0,0.0,0.0,0.0,0.0,0.0,0.0
2. Vốn kinh doanh tại các đơn vị trực thuộc,0.0,0.0,0.0,0.0,0.0,0.0,,,,0.0,,0.0,0.0,0.0,0.0,0.0,0.0,0.0,0.0,0.0,0.0,0.0,0.0,0.0,0.0,0.0,0.0,0.0,0.0,0.0,0.0,0.0,0.0,9604850850.0,0.0,0.0,0.0,0.0,0.0,0.0,0.0,0.0,0.0,0.0,0.0,0.0,0.0,0.0,0.0,0.0,0.0,0.0,0.0,0.0,0.0,0.0,0.0,0.0,0.0,0.0,0.0,0.0,0.0,0.0,0.0,0.0
3. Phải thu dài hạn nội bộ,0.0,0.0,0.0,0.0,0.0,0.0,,,,0.0,,0.0,0.0,0.0,0.0,0.0,0.0,0.0,0.0,0.0,0.0,0.0,0.0,0.0,0.0,0.0,0.0,0.0,0.0,0.0,0.0,0.0,0.0,0.0,0.0,0.0,0.0,0.0,0.0,0.0,0.0,0.0,0.0,0.0,0.0,0.0,0.0,0.0,0.0,0.0,0.0,0.0,0.0,0.0,0.0,0.0,0.0,0.0,0.0,0.0,0.0,0.0,0.0,0.0,0.0,0.0
4. Phải thu về cho vay dài hạn,0.0,0.0,0.0,0.0,0.0,0.0,,,,0.0,,0.0,0.0,0.0,0.0,0.0,0.0,0.0,0.0,0.0,0.0,0.0,0.0,0.0,0.0,0.0,0.0,0.0,0.0,0.0,0.0,0.0,27976169676.0,0.0,0.0,0.0,0.0,0.0,0.0,0.0,0.0,0.0,0.0,0.0,0.0,0.0,0.0,0.0,97977533910.0,0.0,0.0,0.0,0.0,0.0,0.0,0.0,0.0,0.0,0.0,0.0,0.0,0.0,0.0,0.0,0.0,0.0
5. Phải thu dài hạn khác,702000000.0,329069246.0,309069246.0,362938866.0,5015719626.0,14861017900.0,,,,192938866.0,,176000000.0,1176000000.0,176276416.0,176276416.0,176276416.0,159000000.0,158728000.0,158728000.0,158728000.0,600000000.0,597459983.0,597459983.0,597459983.0,579245564.0,636602894.0,578011961.0,612874893.0,648905846.0,65000000.0,30000000.0,11516550273.0,25139028300.0,25071217190.0,264487177482.0,134125284028.0,86099091880.0,84181333108.0,99145920319.0,36957156305.0,35644898112.0,37458013042.0,36743273464.0,35149500146.0,34155363218.0,34202438513.0,31753609258.0,31567443481.0,0.0,97803491677.0,163795121544.0,165311678832.0,159711625245.0,180342269782.0,153965972063.0,140218630857.0,130714555390.0,188482841213.0,175179801036.0,173206276141.0,161520405662.0,125268754734.0,123822830133.0,123165753231.0,121692319420.0,122709035347.0
6. Dự phòng phải thu dài hạn khó đòi,0.0,0.0,-310128003.0,-310128003.0,-310128003.0,-310128003.0,,,,-310128003.0,,-310000000.0,-355000000.0,-355087777.0,-362228339.0,-362228339.0,-362000000.0,0.0,-372653040.0,-404482967.0,-1007000000.0,-1007089620.0,-1007089620.0,-1007089620.0,-1265018138.0,-1262126502.0,-1262415665.0,-1262126501.0,-1274849704.0,0.0,0.0,0.0,0.0,0.0,0.0,0.0,0.0,0.0,0.0,0.0,0.0,0.0,0.0,0.0,0.0,0.0,0.0,0.0,0.0,0.0,0.0,0.0,0.0,0.0,0.0,0.0,0.0,0.0,0.0,0.0,0.0,0.0,0.0,0.0,0.0,0.0
II. Tài sản cố định,880768000000.0,749608859886.0,732327986517.0,1128369631958.0,1075761962831.0,1028472377380.0,978172000000.0,1203368000000.0,1378157000000.0,1518568342905.0,2721105000000.0,2884719000000.0,4061348000000.0,4401191945461.0,5124609512193.0,5291562647521.0,5437942000000.0,5012880341626.0,5732230766319.0,6902583536294.0,6467254000000.0,6169081485093.0,5935501565085.0,5768184463288.0,5526757859212.0,5360159477487.0,5287625094143.0,5100964486956.0,4909507434110.0,4718811716593.0,4623716343671.0,4441520735680.0,4372718499791.0,4552881684053.0,4722095754418.0,4543498972881.0,4452054121445.0,4288305589205.0,4150439107437.0,3981046590914.0,3878439563301.0,3755628548704.0,3681363019723.0,3608548947290.0,3516868848804.0,3495236888123.0,2862879303785.0,2651735139776.0,2707836412839.0,2853098775336.0,3180502345868.0,3213822903256.0,3119697704053.0,3092392072295.0,3135215643003.0,3131907963403.0,3024523713885.0,2942512537016.0,2981903785565.0,2886932284673.0,2820013682718.0,2936888363929.0,3070196515267.0,3064712609905.0,3074275058356.0,3011250220197.0
1. Tài sản cố định hữu hình,879454000000.0,747144614482.0,729818980274.0,1125463126589.0,1072932955016.0,1025834196119.0,971939000000.0,1062632000000.0,1238451000000.0,1377354372210.0,2572747000000.0,2732246000000.0,4043806000000.0,4383290930522.0,5106913999920.0,5272736639812.0,5420090000000.0,4996311588981.0,5714841731293.0,6885846914882.0,6455092000000.0,6158261565696.0,5925463035686.0,5760016290963.0,5519915324171.0,5353825042275.0,5280432849351.0,5093818087971.0,4903304740327.0,4710382079720.0,4598114932400.0,4416596832859.0,4350958482689.0,4532048943389.0,4697515216579.0,4520410231333.0,4432458639515.0,4270610955099.0,4133766907309.0,3966680104154.0,3865569571675.0,3737590642751.0,3657832054886.0,3587347200077.0,3491503387212.0,3469103565323.0,2835046109848.0,2626813347996.0,2685529785958.0,2832853546357.0,3157937657203.0,3194886657425.0,3104279282137.0,3079103781391.0,3113733292588.0,3113356098336.0,3009184470717.0,2929510820648.0,2968414845549.0,2874030653360.0,2807569547977.0,2925780951680.0,3003159770144.0,2999252333355.0,3010500425404.0,2947774758597.0
Nguyên giá,1978579000000.0,2167887777393.0,2205496274679.0,2662901483039.0,2438633472168.0,2416327611648.0,,,,2992763058542.0,,4537059000000.0,6038635000000.0,6376680085088.0,7276694850204.0,7606931358791.0,7937737000000.0,7676289934229.0,8793650497383.0,10254259738356.0,9957241000000.0,9996162845084.0,10121867912627.0,10202727262790.0,10165626529210.0,10240040354479.0,10391130914048.0,10438379503537.0,10487894866133.0,10537317821112.0,10669208337795.0,10730441645621.0,10891075433421.0,11332511606132.0,11653416894534.0,11685099294074.0,11831393741285.0,11871335741285.0,11927166182310.0,11942500664959.0,11988856836251.0,12021699593116.0,12077270198075.0,12132563072411.0,12176413838725.0,12286804213897.0,10794210420135.0,10688313443247.0,10845318397145.0,11104637094293.0,11483151815737.0,11652978902495.0,11694129391784.0,11793655123556.0,11840205350059.0,11955648268232.0,11944149333730.0,11982862066885.0,12118345721437.0,11979763353327.0,12028831745644.0,12257868760585.0,12425413062609.0,12529435609354.0,12655127609480.0,12711744156514.0
Giá trị hao mòn lũy kế,-1099125000000.0,-1420743162911.0,-1475677294405.0,-1537438356450.0,-1365700517152.0,-1390493415529.0,,,,-1615408686332.0,,-1804813000000.0,-1994829000000.0,-1993389154566.0,-2169780850284.0,-2334194718979.0,-2517647000000.0,-2679978345248.0,-3078808766090.0,-3368412823474.0,-3502149000000.0,-3837901279388.0,-4196404876941.0,-4442710971827.0,-4645711205039.0,-4886215312204.0,-5110698064697.0,-5344561415566.0,-5584590125806.0,-5826935741392.0,-6071093405395.0,-6313844812762.0,-6540116950732.0,-6800462662743.0,-6955901677955.0,-7164689062741.0,-7398935101770.0,-7600724786186.0,-7793399275001.0,-7975820560805.0,-8123287264576.0,-8284108950365.0,-8419438143189.0,-8545215872334.0,-8684910451513.0,-8817700648574.0,-7959164310287.0,-8061500095251.0,-8159788611187.0,-8271783547936.0,-8325214158534.0,-8458092245070.0,-8589850109647.0,-8714551342165.0,-8726472057471.0,-8842292169896.0,-8934964863013.0,-9053351246237.0,-9149930875888.0,-9105732699967.0,-9221262197667.0,-9332087808905.0,-9422253292465.0,-9530183275999.0,-9644627184076.0,-9763969397917.0
2. Tài sản cố định thuê tài chính,0.0,0.0,0.0,0.0,0.0,0.0,0.0,0.0,0.0,0.0,0.0,0.0,0.0,0.0,0.0,0.0,0.0,0.0,0.0,0.0,0.0,0.0,0.0,0.0,0.0,0.0,0.0,0.0,0.0,0.0,0.0,0.0,0.0,0.0,0.0,0.0,0.0,0.0,0.0,0.0,0.0,0.0,0.0,0.0,0.0,0.0,0.0,0.0,0.0,0.0,0.0,0.0,0.0,0.0,0.0,0.0,0.0,0.0,0.0,0.0,0.0,0.0,0.0,0.0,0.0,0.0
Nguyên giá,0.0,0.0,0.0,0.0,0.0,0.0,0.0,0.0,0.0,0.0,0.0,0.0,0.0,0.0,0.0,0.0,0.0,0.0,0.0,0.0,0.0,0.0,0.0,0.0,0.0,0.0,0.0,0.0,0.0,0.0,0.0,0.0,0.0,0.0,0.0,0.0,0.0,0.0,0.0,0.0,0.0,0.0,0.0,0.0,0.0,0.0,0.0,0.0,0.0,0.0,0.0,0.0,0.0,0.0,0.0,0.0,0.0,0.0,0.0,0.0,0.0,0.0,0.0,0.0,0.0,0.0
Giá trị hao mòn lũy kế,0.0,0.0,0.0,0.0,0.0,0.0,0.0,0.0,0.0,0.0,0.0,0.0,0.0,0.0,0.0,0.0,0.0,0.0,0.0,0.0,0.0,0.0,0.0,0.0,0.0,0.0,0.0,0.0,0.0,0.0,0.0,0.0,0.0,0.0,0.0,0.0,0.0,0.0,0.0,0.0,0.0,0.0,0.0,0.0,0.0,0.0,0.0,0.0,0.0,0.0,0.0,0.0,0.0,0.0,0.0,0.0,0.0,0.0,0.0,0.0,0.0,0.0,0.0,0.0,0.0,0.0
3. Tài sản cố định vô hình,1314000000.0,2464245404.0,2509006243.0,2906505369.0,2829007815.0,2638181261.0,6233000000.0,140736000000.0,139706000000.0,141213970695.0,148358000000.0,152473000000.0,17542000000.0,17901014939.0,17695512273.0,18826007709.0,17852000000.0,16568752645.0,17389035026.0,16736621412.0,12162000000.0,10819919397.0,10038529399.0,8168172325.0,6842535041.0,6334435212.0,7192244792.0,7146398985.0,6202693783.0,8429636873.0,25601411271.0,24923902821.0,21760017102.0,20832740664.0,24580537839.0,23088741548.0,19595481930.0,17694634106.0,16672200128.0,14366486760.0,12869991626.0,18037905953.0,23530964837.0,21201747213.0,25365461592.0,26133322800.0,27833193937.0,24921791780.0,22306626881.0,20245228979.0,22564688665.0,18936245831.0,15418421916.0,13288290904.0,21482350415.0,18551865067.0,15339243168.0,13001716368.0,13488940016.0,12901631313.0,12444134741.0,11107412249.0,67036745123.0,65460276550.0,63774632952.0,63475461600.0
Nguyên giá,1728000000.0,3135158093.0,3310039182.0,3905549370.0,4017838653.0,4017838653.0,,,,148143592787.0,,163242000000.0,23408000000.0,25554466433.0,24551008159.0,27336844721.0,28003000000.0,28266380667.0,31109588933.0,32656061659.0,29606000000.0,30502653637.0,31913377637.0,32165730837.0,32285734539.0,32952050299.0,34434831214.0,35928801334.0,36041161334.0,39514031634.0,58824135445.0,60467068445.0,61425471245.0,63947684125.0,71472164725.0,71334494725.0,71459063475.0,72779063475.0,76843823475.0,79322283937.0,81021564109.0,89646408969.0,98931250958.0,99481250958.0,106661545958.0,110869955358.0,115762232458.0,116252425987.0,117095348287.0,118567208287.0,124036621919.0,124109521919.0,124109521919.0,125460141919.0,136664574783.0,137098114783.0,136954849394.0,136805621371.0,127410860720.0,128223718103.0,129632615549.0,130053615549.0,187999064578.0,188321028578.0,188525048578.0,190168598578.0
Giá trị hao mòn lũy kế,-414000000.0,-670912689.0,-801032939.0,-999044001.0,-1188830838.0,-1379657392.0,,,,-6929622092.0,,-10769000000.0,-5866000000.0,-7653451494.0,-6855495886.0,-8510837012.0,-10151000000.0,-11697628022.0,-13720553907.0,-15919440247.0,-17444000000.0,-19682734240.0,-21874848238.0,-23997558512.0,-25443199498.0,-26617615087.0,-27242586422.0,-28782402349.0,-29838467551.0,-31084394761.0,-33222724174.0,-35543165624.0,-39665454143.0,-43114943461.0,-46891626886.0,-48245753177.0,-51863581545.0,-55084429369.0,-60171623347.0,-64955797177.0,-68151572483.0,-71608503016.0,-75400286121.0,-78279503745.0,-81296084366.0,-84736632558.0,-87929038521.0,-91330634207.0,-94788721406.0,-98321979308.0,-101471933254.0,-105173276088.0,-108691100003.0,-112171851015.0,-115182224368.0,-118546249716.0,-121615606226.0,-123803905003.0,-113921920704.0,-115322086790.0,-117188480808.0,-118946203300.0,-120962319455.0,-122860752028.0,-124750415626.0,-126693136978.0
III. Bất động sản đầu tư,0.0,0.0,0.0,0.0,0.0,0.0,0.0,0.0,0.0,0.0,0.0,0.0,0.0,0.0,0.0,0.0,0.0,0.0,0.0,0.0,0.0,0.0,0.0,0.0,0.0,0.0,0.0,0.0,0.0,0.0,0.0,0.0,0.0,203460953727.0,202277135763.0,201093317799.0,199909499835.0,198725681871.0,197541863907.0,196358045943.0,195174227979.0,193990410015.0,192806592051.0,191622774087.0,190438956123.0,189255138159.0,188071320195.0,186887502231.0,185703684267.0,184519866303.0,183336048339.0,182152230375.0,180968412411.0,179784594447.0,178600776483.0,177416958519.0,176233140555.0,175049322591.0,173865504627.0,172681686663.0,171497868699.0,170314050735.0,169130232771.0,167946414807.0,166762596843.0,165578778879.0
Nguyên giá,0.0,0.0,0.0,0.0,0.0,0.0,0.0,0.0,0.0,0.0,0.0,0.0,0.0,0.0,0.0,0.0,0.0,0.0,0.0,0.0,0.0,0.0,0.0,0.0,0.0,0.0,0.0,0.0,0.0,0.0,0.0,0.0,0.0,229280786454.0,229280786454.0,229280786454.0,229280786454.0,229280786454.0,229280786454.0,229280786454.0,229280786454.0,229280786454.0,229280786454.0,229280786454.0,229280786454.0,229280786454.0,229280786454.0,229280786454.0,229280786454.0,229280786454.0,229280786454.0,229280786454.0,229280786454.0,229280786454.0,229280786454.0,229280786454.0,229280786454.0,229280786454.0,229280786454.0,229280786454.0,229280786454.0,229280786454.0,229280786454.0,229280786454.0,229280786454.0,229280786454.0
Giá trị hao mòn lũy kế,0.0,0.0,0.0,0.0,0.0,0.0,0.0,0.0,0.0,0.0,0.0,0.0,0.0,0.0,0.0,0.0,0.0,0.0,0.0,0.0,0.0,0.0,0.0,0.0,0.0,0.0,0.0,0.0,0.0,0.0,0.0,0.0,0.0,-25819832727.0,-27003650691.0,-28187468655.0,-29371286619.0,-30555104583.0,-31738922547.0,-32922740511.0,-34106558475.0,-35290376439.0,-36474194403.0,-37658012367.0,-38841830331.0,-40025648295.0,-41209466259.0,-42393284223.0,-43577102187.0,-44760920151.0,-45944738115.0,-47128556079.0,-48312374043.0,-49496192007.0,-50680009971.0,-51863827935.0,-53047645899.0,-54231463863.0,-55415281827.0,-56599099791.0,-57782917755.0,-58966735719.0,-60150553683.0,-61334371647.0,-62518189611.0,-63702007575.0
IV. Tài sản dở dang dài hạn,96766000000.0,491876345781.0,693979584553.0,718629051352.0,1140367421197.0,1711978394446.0,2252966000000.0,2880771000000.0,3093953000000.0,3286086631302.0,2937125000000.0,3062126000000.0,3024543000000.0,3090468583265.0,2968439169717.0,3201780507290.0,3293609000000.0,3559616453855.0,355509750834.0,710238326726.0,289022000000.0,358762144245.0,309471510336.0,286402905400.0,275493687633.0,332158857787.0,25798578493.0,26450074201.0,54215385907.0,136237697530.0,91319444663.0,521609405538.0,766552266960.0,383751061406.0,424420945500.0,444261623370.0,467257151945.0,473171089291.0,498672582913.0,520400974521.0,465349255045.0,495184999091.0,231496597766.0,257555386061.0,260306277266.0,176840508930.0,188223132101.0,198076536023.0,209315704171.0,215549832107.0,202623119565.0,141367792524.0,149021691059.0,164300689474.0,235819369525.0,123756615027.0,244009228154.0,225804505656.0,183615310336.0,191211186971.0,202552752183.0,216272777378.0,171959008908.0,187687710860.0,206266711010.0,408390712324.0
"1. Chi phí sản xuất, kinh doanh dở dang dài hạn",,,,,,,,,,,,,,,,,,,,,,,,,,,,,,,,,342933797742.0,309822570333.0,369678895035.0,369678895035.0,369678895035.0,369678895035.0,370518483216.0,370429940489.0,370394940489.0,371358809839.0,69057769876.0,69694316672.0,69694316672.0,69694316672.0,70791590909.0,69815950708.0,69815950708.0,69815950708.0,70647487403.0,69815950708.0,69815950708.0,69815950708.0,69815950708.0,69815950708.0,69815950708.0,69815950708.0,69815950708.0,69815950708.0,69815950708.0,69815950708.0,69815950708.0,69815950708.0,69815950708.0,69815950708.0
2. chi phí xây dựng cơ bản dở dang,,,,,,,,,,,,,,,,,,,,,,,,,,,,,,,,,423618469218.0,73928491073.0,54742050465.0,74582728335.0,97578256910.0,103492194256.0,128154099697.0,149971034032.0,94954314556.0,123826189252.0,162438827890.0,187861069389.0,190611960594.0,107146192258.0,117431541192.0,128260585315.0,139499753463.0,145733881399.0,131975632162.0,71551841816.0,79205740351.0,94484738766.0,166003418817.0,53940664319.0,174193277446.0,155988554948.0,113799359628.0,121395236263.0,132736801475.0,146456826670.0,102143058200.0,117871760152.0,136450760302.0,338574761616.0
V. Các khoản đầu tư tài chính dài hạn,382861000000.0,472877357995.0,503732397545.0,493830988228.0,499003636424.0,487161075313.0,564571000000.0,452852000000.0,734289000000.0,1432291575314.0,1450409000000.0,1695781000000.0,1575802000000.0,1718419417172.0,1645926134727.0,1709617168922.0,1660681000000.0,1859677917768.0,2240692031885.0,2401865993072.0,2299373000000.0,2338696042961.0,2450277778755.0,3046314350419.0,3452485547785.0,3571546605252.0,3630176217713.0,3666954466735.0,3791956314176.0,3927241731403.0,4046619522059.0,4202714627832.0,4261468606868.0,4225691273907.0,4190646007161.0,4404216890480.0,4612619773470.0,4700283656458.0,4750043720747.0,4903562111599.0,5085104342926.0,5175564490589.0,4954203677449.0,4997747969223.0,4986718380038.0,4774096751123.0,4457822003963.0,5066405797958.0,5084584853958.0,5073276387838.0,4938010837962.0,5206723663553.0,4977146355199.0,4928288670945.0,4964841769500.0,4936966125670.0,4811992570291.0,4841777968064.0,4734611307080.0,4906104896245.0,4557612190453.0,4800498926294.0,4890661013625.0,4833951660039.0,4721272581935.0,4934823057977.0
1. Đầu tư vào công ty con,0.0,0.0,0.0,0.0,0.0,0.0,,,,0.0,,90594000000.0,0.0,0.0,0.0,0.0,0.0,0.0,0.0,0.0,0.0,0.0,0.0,0.0,0.0,0.0,0.0,0.0,0.0,0.0,0.0,0.0,0.0,0.0,0.0,0.0,0.0,0.0,0.0,0.0,0.0,0.0,0.0,0.0,0.0,0.0,0.0,0.0,0.0,0.0,0.0,0.0,0.0,0.0,0.0,0.0,0.0,0.0,0.0,0.0,0.0,0.0,0.0,0.0,0.0,0.0
"2. Đầu tư vào công ty liên kết, liên doanh",2881000000.0,3739214924.0,96552630266.0,96114557865.0,97048026927.0,97616132110.0,,,,985135322631.0,,1142146000000.0,1224315000000.0,1250013203790.0,1172660489412.0,1225850332731.0,1178202000000.0,1505165407037.0,1903743931932.0,2079073983004.0,1989561000000.0,2044717696863.0,2172346061102.0,2787954477304.0,3207613781151.0,3338618174885.0,3433447634769.0,3467062910576.0,3601176928831.0,3755261348971.0,3865854098587.0,4056384218279.0,4197207634327.0,4154714817947.0,4151961674439.0,4367780383715.0,4575346435029.0,4667844701063.0,4718297626376.0,4877377364638.0,5059407561962.0,5149920942646.0,4928819155855.0,4972599310224.0,4961777626339.0,4749155997425.0,4432888977693.0,5041515681699.0,5056996176013.0,5045850389893.0,4910735791045.0,5179829397034.0,4950496397662.0,4901885187080.0,4945926338020.0,4919150679512.0,4794550850412.0,4824583958177.0,4717714902753.0,4888556776412.0,4540389355177.0,4783292305577.0,4873700608145.0,4816357005504.0,4704229792759.0,4918031310545.0
3. Đầu tư khác vào công cụ vốn,379980000000.0,469138143071.0,407179767279.0,397716430363.0,401955609497.0,389544943203.0,,,,452268316127.0,,471123000000.0,362472000000.0,479074405481.0,484473389535.0,493108830129.0,490890000000.0,361250020756.0,348635678033.0,333526207048.0,321190000000.0,305623982543.0,289824355783.0,274071787971.0,261177327016.0,249737238151.0,232750449076.0,232741055369.0,224731211875.0,206182909622.0,219285874301.0,177659186693.0,110656533710.0,121186533710.0,61030000000.0,61030000000.0,61030000000.0,51030000000.0,51030000000.0,51030000000.0,51030000000.0,51030000000.0,51030000000.0,51030000000.0,51030000000.0,51030000000.0,51030000000.0,51030000000.0,51030000000.0,51030000000.0,51030000000.0,51030000000.0,51030000000.0,51030000000.0,41655000000.0,41655000000.0,41655000000.0,41655000000.0,41655000000.0,41655000000.0,41655000000.0,31125000000.0,31125000000.0,31125000000.0,31125000000.0,31125000000.0
4. Dự phòng giảm giá đầu tư tài chính dài hạn,0.0,0.0,0.0,0.0,0.0,0.0,,,,-5112063444.0,,-8082000000.0,-10985000000.0,-10668192099.0,-11207744220.0,-9341993938.0,-8411000000.0,-6737510025.0,-11687578080.0,-10734196980.0,-11378000000.0,-11645636445.0,-11892638130.0,-15711914856.0,-16305560382.0,-16808807784.0,-36021866132.0,-32849499210.0,-33951826530.0,-34202527190.0,-38520450829.0,-31328777140.0,-46395561169.0,-50210077750.0,-22345667278.0,-24593493235.0,-23756661559.0,-18591044605.0,-19283905629.0,-24845253039.0,-25333219036.0,-25386452057.0,-25645478406.0,-25881341001.0,-26089246301.0,-26089246302.0,-26096973730.0,-26139883741.0,-23441322055.0,-23604002055.0,-23754953083.0,-24135733481.0,-24380042463.0,-24626516135.0,-22739568520.0,-23839553842.0,-24213280121.0,-24460990113.0,-24758595673.0,-24106880167.0,-24432164724.0,-13918379283.0,-14164594520.0,-13530345465.0,-14082210824.0,-14333252568.0
5. Đầu tư nắm giữ đến ngày đáo hạn,0.0,0.0,0.0,0.0,0.0,0.0,,,,0.0,,0.0,0.0,0.0,0.0,0.0,0.0,0.0,0.0,0.0,0.0,0.0,0.0,0.0,0.0,0.0,0.0,0.0,0.0,0.0,0.0,0.0,0.0,0.0,0.0,0.0,0.0,0.0,0.0,0.0,0.0,0.0,0.0,0.0,0.0,0.0,0.0,0.0,0.0,0.0,0.0,0.0,0.0,0.0,0.0,0.0,0.0,0.0,0.0,0.0,0.0,0.0,0.0,0.0,0.0,0.0
VI. Tổng tài sản dài hạn khác,83215000000.0,78105963512.0,77156258521.0,74309668298.0,71199489589.0,71765807296.0,2716000000.0,27453000000.0,27214000000.0,26549790535.0,30020000000.0,28409000000.0,170958000000.0,167965917823.0,476193733242.0,593019425339.0,682483000000.0,679714380521.0,716736444444.0,586313682895.0,589730000000.0,575718260403.0,518490113324.0,524608441050.0,502363821742.0,495621858107.0,593661276254.0,621977021579.0,660040055923.0,660965796524.0,655155656157.0,622862501745.0,649797798933.0,628980472276.0,785671358601.0,771122495950.0,740802768940.0,747237316296.0,732462580593.0,694293393352.0,640670653686.0,689110449534.0,720426803967.0,1234256311530.0,1218358029787.0,1179866182329.0,990925729961.0,1033695616873.0,1035217374644.0,1033665324679.0,1076878776613.0,1067362220409.0,1035900182500.0,1072320804026.0,1038457140243.0,1000312513644.0,979468058989.0,1016406933753.0,998203495106.0,1077076475191.0,1030929703032.0,955025456993.0,1016450427749.0,998706218208.0,989159288785.0,982620631039.0
1. Chi phí trả trước dài hạn,81161000000.0,75473769601.0,74520306582.0,71631046948.0,68508749361.0,69066904438.0,,,,24050579482.0,,25619000000.0,168101000000.0,164996698131.0,473203924611.0,590045984388.0,672820000000.0,665517874650.0,597831427766.0,583591423200.0,547606000000.0,529800413652.0,515848455468.0,504589256683.0,499650700523.0,492963385337.0,591010996302.0,619281105771.0,657433147370.0,658280340402.0,652501712663.0,620403877352.0,649742746266.0,628939498811.0,742636563586.0,719119492275.0,696553093556.0,703710775351.0,686639080357.0,649374408862.0,640670653686.0,653072690411.0,686844840111.0,702166943146.0,692784045370.0,659631516653.0,552121367757.0,566779692617.0,559528313670.0,555374835123.0,561618062588.0,582869347711.0,594960306347.0,630703788612.0,647551178569.0,633758122804.0,614776151306.0,600328498317.0,611857988456.0,591194799556.0,610790831660.0,590683299616.0,645794200561.0,636692216008.0,662033573799.0,675065353679.0
2. Tài sản Thuế thu nhập hoãn lại,0.0,0.0,0.0,0.0,0.0,0.0,,,,0.0,,0.0,0.0,0.0,0.0,0.0,6682000000.0,11489613765.0,116184960502.0,0.0,39496000000.0,43283154229.0,0.0,17371463572.0,0.0,0.0,0.0,0.0,0.0,0.0,0.0,0.0,0.0,0.0,0.0,0.0,0.0,0.0,0.0,0.0,0.0,0.0,0.0,498848569779.0,491875524430.0,486538155600.0,405717884111.0,431959381377.0,442394657405.0,444448390636.0,486190787572.0,457288841914.0,414650957382.0,416137500192.0,364796936455.0,342590103839.0,341330228501.0,392749304279.0,363348556008.0,462463258518.0,394229920555.0,336216340605.0,339499051006.0,329365781662.0,293901747119.0,274490174344.0
3. Tài sản dài hạn khác,2054000000.0,2632193911.0,2635951939.0,2678621350.0,2690740228.0,2698902858.0,,,,2499211053.0,,2790000000.0,2857000000.0,2969219692.0,2989808631.0,2973440951.0,2981000000.0,2706892106.0,2720056176.0,2722259695.0,2628000000.0,2634692522.0,2641657856.0,2647720795.0,2713121219.0,2658472770.0,2650279952.0,2695915808.0,2606908553.0,2685456122.0,2653943494.0,2458624393.0,55052667.0,40973465.0,43034795015.0,52003003675.0,44249675384.0,43526540945.0,45823500236.0,44918984490.0,0.0,36037759123.0,33581963856.0,33240798605.0,33698459987.0,33696510076.0,33086478093.0,34956542879.0,33294403569.0,33842098920.0,29069926453.0,27204030784.0,26288918771.0,25479515222.0,26109025219.0,23964287001.0,23361679182.0,23329131157.0,22996950642.0,23418417117.0,25908950817.0,28125816772.0,31157176182.0,32648220538.0,33223967867.0,33065103016.0
VII. Lợi thế thương mại,0.0,0.0,0.0,0.0,0.0,0.0,0.0,0.0,0.0,0.0,0.0,0.0,19514000000.0,19513638462.0,18486604859.0,17973088057.0,17464000000.0,0.0,0.0,0.0,0.0,0.0,0.0,0.0,0.0,0.0,0.0,0.0,0.0,0.0,0.0,0.0,0.0,0.0,0.0,0.0,0.0,0.0,0.0,0.0,0.0,0.0,0.0,0.0,0.0,0.0,0.0,0.0,0.0,0.0,0.0,0.0,0.0,0.0,0.0,0.0,0.0,0.0,0.0,0.0,0.0,0.0,0.0,0.0,0.0,0.0
TỔNG CỘNG TÀI SẢN,4669663000000.0,4821827725113.0,4821018207542.0,4591043552211.0,6040581329819.0,6896782810463.0,7985468000000.0,8405646000000.0,9250471000000.0,10334740863731.0,12299877000000.0,12616856000000.0,16145041000000.0,16384754117999.0,17159104973701.0,18121153538603.0,22570579000000.0,22774077678104.0,22630323212229.0,24830668719369.0,22918756000000.0,22443786125200.0,20655207094861.0,22012461849627.0,24186531626974.0,25626334812310.0,23821195001538.0,24158024234944.0,26227775379409.0,26948629014821.0,26226490613902.0,25881229982106.0,27350601198289.0,27808129396973.0,26513871521405.0,25938545758743.0,25782532551003.0,25842295251308.0,25522979053880.0,23995720257310.0,24764134240225.0,24220068462029.0,23135067928218.0,22795194236168.0,23852703768131.0,23820418780482.0,22542638334754.0,23978646024256.0,25866763705825.0,26031281903495.0,25075058016760.0,25428382917273.0,27188329223579.0,27066034399941.0,26370657421418.0,24600708837871.0,24567304169609.0,24882526870634.0,24692997203101.0,24645109050176.0,25043284910894.0,25176867800867.0,25776564813626.0,25634511609792.0,27057180912469.0,28564169137652.0
NGUỒN VỐN,,,,,,,,,,,,,,,,,,,,,,,,,,,,,,,,,,,,,,,,,,,,,,,0.0,,,,,,,,,,,,,,,,,,,
A. Nợ phải trả,3688914000000.0,3590178678258.0,3511190074429.0,3379715937222.0,4713402909930.0,5460817137299.0,5668632000000.0,5974052000000.0,6762594000000.0,7702220960562.0,8718744000000.0,9321630000000.0,12629311000000.0,12697376615572.0,13016705604928.0,13285992768716.0,16910786000000.0,16756000641632.0,15919791653516.0,17118653097664.0,15652488000000.0,14815978872401.0,12821766698134.0,13121037276304.0,15475325579659.0,16410060565637.0,14180649810007.0,14227784350912.0,16365948639711.0,16800087326654.0,15498478412700.0,14843741398755.0,16514520550342.0,16299251946672.0,14664984581797.0,13818754950397.0,14002786719867.0,14019372827978.0,13822274620430.0,11967936008788.0,12758271645180.0,12223395192297.0,11074619080759.0,10780005934541.0,11971296538315.0,11842022414694.0,10387915419631.0,10912929849600.0,12830646629446.0,13053409599154.0,12544128315993.0,12466707534732.0,14152456342238.0,13833620559062.0,13461701418449.0,11563041784361.0,11642746169238.0,11794754955728.0,12171692779081.0,11865998429929.0,12439222149475.0,12282988749405.0,12938105814056.0,12494304037622.0,13924518409892.0,15164707873451.0
I. Nợ ngắn hạn,2948033000000.0,2583971393067.0,2690521106039.0,2542496715411.0,3093783282507.0,3288752379198.0,3637605000000.0,3479534000000.0,4116226000000.0,4526744556458.0,5111664000000.0,5569565000000.0,8449111000000.0,7892452512360.0,7987798012215.0,7495792287401.0,11913342000000.0,11845453649878.0,11248866969337.0,11718726801092.0,10898669000000.0,10224449373542.0,8459931348542.0,9448401289918.0,12154629549452.0,13239300610461.0,10328979482858.0,10687914554017.0,13121951570690.0,13678157650196.0,12507398123647.0,11678678992009.0,11878772621407.0,11619727492117.0,10059975977479.0,9421641782129.0,9754410182870.0,9697893235339.0,9698763188944.0,8150531009919.0,8759665669271.0,8295749197354.0,7577840080258.0,6407077794003.0,7775297776777.0,7683484501540.0,6843707850130.0,7249178709509.0,8740999037128.0,8736150322866.0,8286384196076.0,8285786475565.0,10019136953123.0,9728615070959.0,9696304813046.0,8038888050040.0,8162768718392.0,8229876578703.0,8625939659784.0,8323533415752.0,9040248616007.0,8815825572364.0,9247302359705.0,8568238536768.0,10121965802049.0,11337210071428.0
1. Vay và nợ thuê tài chính ngắn hạn,185972000000.0,65506637843.0,190497868760.0,160120119641.0,171675297212.0,64667352068.0,,,,734157390269.0,,1102096000000.0,1236840000000.0,787422846536.0,1245974826905.0,1330568336648.0,3015802000000.0,2966961563744.0,2560496837832.0,2460747422420.0,1096953000000.0,1095789906559.0,1074733867861.0,1251974144439.0,1014203308990.0,840244637192.0,959562526043.0,1042090031094.0,1014200979187.0,763325778745.0,751764086591.0,767204610922.0,716779175368.0,668583495105.0,763964845141.0,602509604115.0,505652539743.0,434054403654.0,432147165555.0,355485032621.0,280837616176.0,299255383767.0,233785872472.0,256718783908.0,192232327584.0,190445902584.0,721241129887.0,713132887762.0,707276335168.0,739880734313.0,771273458439.0,772005075444.0,760249751270.0,744787622876.0,733841388273.0,777963946798.0,736705708396.0,723194953775.0,711101884029.0,722657494464.0,719620965851.0,769548521695.0,752208505290.0,760397143199.0,763105095782.0,787997591849.0
2. Vay và nợ dài hạn đến hạn phải trả,0.0,0.0,0.0,0.0,0.0,0.0,,,,0.0,,0.0,0.0,0.0,0.0,0.0,0.0,0.0,0.0,0.0,0.0,0.0,0.0,0.0,0.0,0.0,0.0,0.0,0.0,0.0,0.0,0.0,0.0,0.0,0.0,0.0,0.0,0.0,0.0,0.0,0.0,0.0,0.0,0.0,0.0,0.0,0.0,0.0,0.0,0.0,0.0,0.0,0.0,0.0,0.0,0.0,0.0,0.0,0.0,0.0,0.0,0.0,0.0,0.0,0.0,0.0
3. Phải trả người bán ngắn hạn,849775000000.0,698653856476.0,674384960300.0,753655260310.0,1288951388706.0,1333567159831.0,,,,1748054331170.0,,1628852000000.0,2900736000000.0,3379939183065.0,2607581125372.0,3034866889282.0,3972780000000.0,3639316153200.0,2599847506066.0,2940138098389.0,3510622000000.0,3446840909440.0,2965584831771.0,2195278146333.0,3183966700835.0,4284616484571.0,3552039375271.0,3756847555048.0,4901625807450.0,5405569949307.0,5088899076450.0,4235027501706.0,4709042867002.0,4957421054547.0,4409513661496.0,3875478303934.0,3611557976927.0,3704280592881.0,4031854713926.0,3147787190398.0,2823140427409.0,2625885220968.0,2925738285325.0,2448258180083.0,3316519034600.0,3046527413242.0,3170903906117.0,2894807596729.0,4093198659843.0,3558837247667.0,4022312193497.0,4396855336169.0,5878242177731.0,5495915004630.0,6163726955270.0,4718811723391.0,4413947395987.0,4252812089714.0,4293157123959.0,3814195638869.0,4142536600401.0,4123351082712.0,5296383405250.0,4732579454349.0,4795744263022.0,6548283474210.0
4. Người mua trả tiền trước,553000000.0,7467948524.0,154422462508.0,170016114906.0,170835259847.0,214558235617.0,,,,220235613006.0,,481957000000.0,471893000000.0,455896471443.0,339798618139.0,331409079418.0,897826000000.0,1179312829362.0,1153086943741.0,1427945706475.0,1276723000000.0,1295594559995.0,1365355374494.0,1690423126990.0,1854577318855.0,1718567650511.0,1794939659807.0,1782295751650.0,2052626612147.0,2068979160895.0,2090126777780.0,2187289491474.0,802530802986.0,683196481222.0,990133013717.0,1292154181147.0,1226986487320.0,1428092619077.0,1232189102504.0,1465961067363.0,1429330741134.0,1481546893617.0,244306181282.0,305782586916.0,228376547585.0,248198363967.0,139629299298.0,87679528999.0,101058092846.0,136327508661.0,319772039979.0,488253976124.0,582021010375.0,573621523549.0,426327772460.0,397719050473.0,421637558218.0,358969424720.0,227573071947.0,207813827839.0,212300363578.0,214521279446.0,174728633064.0,173543391729.0,193415016269.0,261138867966.0
5. Thuế và các khoản phải nộp nhà nước,59832000000.0,25898632312.0,31393579605.0,39581607625.0,36912283397.0,61895948526.0,,,,133264894487.0,,77576000000.0,304090000000.0,140758284676.0,171619138434.0,161037869230.0,507831000000.0,197391754168.0,661314512923.0,157673722415.0,236433000000.0,297862646642.0,406814895779.0,220980294849.0,298835503071.0,379930083040.0,361062406610.0,225648892198.0,266568264032.0,298820361811.0,347088512494.0,142842449344.0,238582987431.0,238218466668.0,197745283081.0,79192391385.0,95746857995.0,96484610736.0,122482372102.0,60435361725.0,99290702557.0,88887795371.0,183046785521.0,117822902988.0,114960460170.0,104682767583.0,114201848077.0,122934382740.0,126983428257.0,92327512694.0,87303299985.0,83886575676.0,98481287418.0,100064993392.0,101329784959.0,79371881400.0,102226339943.0,82349780704.0,45147565279.0,88887145373.0,130345801612.0,34145142096.0,98413453347.0,103617279930.0,86295634990.0,52393426540.0
6. Phải trả người lao động,47407000000.0,85803253955.0,140124963178.0,81055354005.0,152326032560.0,145798301984.0,,,,223510603735.0,,163193000000.0,296060000000.0,428592257331.0,251767874129.0,201562810209.0,492460000000.0,486858803019.0,453161697655.0,295632760482.0,329746000000.0,420873863706.0,401659140427.0,221537547068.0,190350788071.0,244416792105.0,523289126112.0,201697795494.0,266273610608.0,271834611378.0,420067404409.0,235905168601.0,282015225563.0,363160293133.0,463339378629.0,223358199165.0,238409339289.0,208737213538.0,380100132628.0,143622817309.0,243467555284.0,321670691255.0,472266991746.0,266335403323.0,461883655404.0,502127561080.0,631119740873.0,434195474541.0,471489979120.0,584379280791.0,595849265327.0,332420296638.0,481521282685.0,699854425406.0,600428374235.0,273416837612.0,419392488903.0,541443900166.0,647025188001.0,278652030794.0,616432629572.0,469322568074.0,690340343776.0,360156071096.0,555170567103.0,735453053461.0
7. Chi phí phải trả ngắn hạn,3206000000.0,408339318807.0,376479844678.0,238497321586.0,319025258395.0,375666401613.0,,,,687566443594.0,,913317000000.0,2068377000000.0,1296383375163.0,1465525304164.0,1140470588282.0,1857714000000.0,1770856021531.0,1753600613927.0,2221128484260.0,2081294000000.0,1954381782838.0,975756414678.0,1526611935112.0,3397316780640.0,3653154073606.0,1521757420879.0,1908554523840.0,2390905848112.0,3092999118783.0,2504590175501.0,2558565275163.0,2654378771068.0,2662031446826.0,1553787720222.0,1975340013195.0,2187685508021.0,2720910226840.0,2247609060798.0,1866920490294.0,2108748472837.0,1912858046608.0,2094964767998.0,2017675537476.0,2205280630828.0,2214595818743.0,1021960062745.0,2029156908374.0,2069904210952.0,2399048528913.0,1418026190666.0,1090081738050.0,1021820873261.0,978997467742.0,438088806588.0,380604769447.0,469391494289.0,818373024222.0,1216837141973.0,1825614684429.0,1452677197147.0,1722383640078.0,938173303805.0,1168206610443.0,1705694562555.0,1079150122840.0
8. Phải trả nội bộ ngắn hạn,0.0,136888121868.0,849755699116.0,0.0,0.0,0.0,,,,0.0,,0.0,0.0,0.0,0.0,0.0,0.0,0.0,0.0,0.0,0.0,0.0,0.0,0.0,0.0,0.0,0.0,0.0,0.0,0.0,0.0,0.0,0.0,0.0,0.0,0.0,0.0,0.0,238298386212.0,0.0,0.0,0.0,0.0,0.0,0.0,0.0,0.0,0.0,0.0,0.0,0.0,0.0,0.0,0.0,0.0,0.0,0.0,0.0,0.0,0.0,0.0,0.0,0.0,0.0,0.0,0.0
9. Phải trả theo tiến độ kế hoạch hợp đồng xây dựng,0.0,0.0,0.0,0.0,0.0,0.0,,,,0.0,,0.0,0.0,0.0,0.0,0.0,0.0,6523212024.0,10950048161.0,0.0,0.0,0.0,0.0,0.0,0.0,0.0,0.0,0.0,0.0,0.0,0.0,0.0,24982370292.0,27798285191.0,15754849030.0,0.0,63548207495.0,1519582855.0,0.0,67623631913.0,214946434553.0,71673323203.0,101459429692.0,7320484583.0,0.0,0.0,0.0,0.0,0.0,0.0,0.0,0.0,0.0,0.0,75762067290.0,223488750966.0,240128013030.0,181420142377.0,224549623026.0,163572511329.0,386637026620.0,148671795403.0,17741336460.0,13259602170.0,616798885574.0,498956389679.0
10. Doanh thu chưa thực hiện ngắn hạn,0.0,0.0,0.0,0.0,0.0,0.0,,,,0.0,,0.0,0.0,0.0,0.0,0.0,0.0,0.0,0.0,0.0,0.0,0.0,0.0,0.0,0.0,0.0,0.0,0.0,0.0,0.0,0.0,0.0,0.0,0.0,6677099560.0,24594162288.0,23120714133.0,21482821380.0,18630004131.0,10364388663.0,183621508435.0,197523048056.0,196052599709.0,33204765682.0,41841129319.0,58640590465.0,85261515483.0,49246705783.0,50930626020.0,61230517052.0,66133317052.0,63571317052.0,45555129332.0,51970326083.0,42993129332.0,54683572123.0,60355038011.0,46001034974.0,57765278437.0,49698366571.0,23189639646.0,22186274646.0,18841804076.0,9704089076.0,8700724076.0,7983724784.0
11. Phải trả ngắn hạn khác,1744615000000.0,1122816068359.0,236792062900.0,1061584592524.0,931248274476.0,1061942919135.0,,,,745092534591.0,,1117237000000.0,1098163000000.0,1349356430219.0,1866608765520.0,1163433013025.0,1057509000000.0,1514705342744.0,2004682148787.0,2188225885833.0,2164792000000.0,1536637854619.0,1122011993939.0,2223003449488.0,1979679552551.0,1919009792555.0,1450163993623.0,1644306811951.0,1967232481462.0,1549780395721.0,1084844510785.0,1362399420183.0,1849000925668.0,1364218418641.0,1033814139895.0,999081590223.0,1221353519018.0,675692236300.0,628818516558.0,692945960475.0,969615060204.0,918259683437.0,719790111367.0,676326351426.0,889757436582.0,961081981275.0,595051403827.0,605207012336.0,710922800725.0,703707956360.0,591903135799.0,662927045954.0,679274596595.0,654699694490.0,648784519989.0,632570827882.0,688034182995.0,637963814125.0,593612093375.0,633605939307.0,646200171968.0,642747482791.0,571921188858.0,668008047939.0,655444153843.0,696434568749.0
12. Dự phòng phải trả ngắn hạn,1590000000.0,0.0,0.0,7171195437.0,0.0,0.0,,,,0.0,,0.0,0.0,0.0,0.0,0.0,0.0,0.0,0.0,0.0,0.0,0.0,0.0,0.0,0.0,0.0,0.0,0.0,0.0,0.0,0.0,11773777942.0,222232710442.0,321319116824.0,332037588994.0,96807103694.0,174324636790.0,63754892736.0,62541064649.0,82848248639.0,75046805165.0,62908264240.0,135456225808.0,37580076924.0,63481117817.0,67575711531.0,113468504387.0,157415939020.0,124551592514.0,98325622279.0,96976931214.0,122527301282.0,136025378295.0,122857894637.0,104840742675.0,180020549223.0,132517329543.0,133356186343.0,47856953905.0,48568938166.0,69469385410.0,65667723880.0,80392901320.0,93646528605.0,106674673571.0,73574813720.0
13. Quỹ khen thưởng phúc lợi,55083000000.0,32597554923.0,36669664994.0,30815149377.0,22809487914.0,30656060424.0,77093000000.0,52392000000.0,46218000000.0,34862745606.0,21221000000.0,85337000000.0,72952000000.0,54103663927.0,38922359552.0,132443701307.0,111420000000.0,83527970086.0,51726660245.0,27234720818.0,202106000000.0,176467849743.0,148014829593.0,118592645639.0,235699596439.0,199361096881.0,166164974513.0,126473192742.0,262517967692.0,226848273556.0,220017579637.0,177671296674.0,379226785587.0,333780433960.0,293208397714.0,253126232983.0,406024396139.0,342884035342.0,304092669881.0,256536820519.0,331620345517.0,315280846832.0,270972829338.0,240052720694.0,260965436888.0,289608391070.0,250870439436.0,155402273225.0,284683311683.0,362085414136.0,316834364118.0,273257813176.0,335945466161.0,305846118154.0,360181271975.0,320236140725.0,478433169077.0,453992227583.0,561313735853.0,490266838611.0,640838834202.0,603280061543.0,608157484459.0,485120318232.0,634922225264.0,595844037630.0
14. Quỹ bình ổn giá,0.0,0.0,0.0,0.0,0.0,0.0,,,,0.0,,0.0,0.0,0.0,0.0,0.0,0.0,0.0,0.0,0.0,0.0,0.0,0.0,0.0,0.0,0.0,0.0,0.0,0.0,0.0,0.0,0.0,0.0,0.0,0.0,0.0,0.0,0.0,0.0,0.0,0.0,0.0,0.0,0.0,0.0,0.0,0.0,0.0,0.0,0.0,0.0,0.0,0.0,0.0,0.0,0.0,0.0,0.0,0.0,0.0,0.0,0.0,0.0,0.0,0.0,0.0
15. Giao dịch mua bán lại trái phiếu chính phủ,0.0,0.0,0.0,0.0,0.0,0.0,,,,0.0,,0.0,0.0,0.0,0.0,0.0,0.0,0.0,0.0,0.0,0.0,0.0,0.0,0.0,0.0,0.0,0.0,0.0,0.0,0.0,0.0,0.0,0.0,0.0,0.0,0.0,0.0,0.0,0.0,0.0,0.0,0.0,0.0,0.0,0.0,0.0,0.0,0.0,0.0,0.0,0.0,0.0,0.0,0.0,0.0,0.0,0.0,0.0,0.0,0.0,0.0,0.0,0.0,0.0,0.0,0.0
II. Nợ dài hạn,740881000000.0,1006207285191.0,820668968390.0,837219221811.0,1619619627423.0,2172064758101.0,2031027000000.0,2494518000000.0,2646368000000.0,3175476404104.0,3607080000000.0,3752065000000.0,4180200000000.0,4804924103212.0,5028907592713.0,5790200481315.0,4997444000000.0,4910546991754.0,4670924684179.0,5399926296572.0,4753819000000.0,4591529498859.0,4361835349592.0,3672635986386.0,3320696030207.0,3170759955176.0,3851670327149.0,3539869796895.0,3243997069021.0,3121929676458.0,2991080289053.0,3165062406746.0,4635747928935.0,4679524454555.0,4605008604318.0,4397113168268.0,4248376536997.0,4321479592639.0,4123511431486.0,3817404998869.0,3998605975909.0,3927645994943.0,3496779000501.0,4372928140538.0,4195998761538.0,4158537913154.0,3544207569501.0,3663751140091.0,4089647592318.0,4317259276288.0,4257744119917.0,4180921059167.0,4133319389115.0,4105005488103.0,3765396605403.0,3524153734321.0,3479977450846.0,3564878377025.0,3545753119297.0,3542465014177.0,3398973533468.0,3467163177041.0,3690803454351.0,3926065500854.0,3802552607843.0,3827497802023.0
1. Phải trả người bán dài hạn,0.0,0.0,606933224.0,0.0,197589190.0,3106743768.0,,,,0.0,,0.0,0.0,0.0,530143480879.0,559426808985.0,533091000000.0,534376414118.0,480052737739.0,411473775116.0,411474000000.0,397607610659.0,397607610659.0,331339675549.0,265071740439.0,265071740439.0,265071740439.0,265071740439.0,198803805329.0,198803805329.0,132535870219.0,132535870219.0,132535870219.0,132535870219.0,66267935109.0,66267935109.0,66267935109.0,66267935109.0,0.0,0.0,0.0,0.0,0.0,0.0,0.0,0.0,0.0,0.0,0.0,0.0,0.0,0.0,0.0,0.0,0.0,0.0,0.0,0.0,0.0,0.0,0.0,0.0,0.0,0.0,0.0,
2. Chi phí phải trả dài hạn,0.0,0.0,0.0,0.0,0.0,0.0,,,,0.0,,0.0,0.0,0.0,0.0,0.0,0.0,0.0,0.0,0.0,0.0,0.0,0.0,0.0,0.0,0.0,0.0,0.0,0.0,0.0,0.0,0.0,0.0,1090356620603.0,0.0,0.0,0.0,0.0,0.0,0.0,0.0,0.0,0.0,0.0,0.0,0.0,0.0,0.0,0.0,0.0,199903984.0,181785197.0,163666410.0,145348515.0,127030620.0,109110940.0,227975322.0,209657427.0,143375872.0,143375872.0,60155761.0,17856036.0,0.0,0.0,23146617.0,
3. Phải trả nội bộ về vốn kinh doanh,0.0,0.0,0.0,0.0,0.0,0.0,,,,0.0,,0.0,0.0,0.0,0.0,0.0,0.0,0.0,0.0,0.0,0.0,0.0,0.0,0.0,0.0,0.0,0.0,0.0,0.0,0.0,0.0,0.0,0.0,0.0,0.0,0.0,0.0,0.0,0.0,0.0,0.0,0.0,0.0,0.0,0.0,0.0,0.0,0.0,0.0,0.0,0.0,0.0,0.0,0.0,0.0,0.0,0.0,0.0,0.0,0.0,0.0,0.0,0.0,0.0,0.0,
4. Phải trả nội bộ dài hạn,0.0,0.0,0.0,0.0,0.0,197589190.0,,,,0.0,,0.0,0.0,0.0,0.0,0.0,0.0,0.0,0.0,0.0,0.0,0.0,0.0,0.0,0.0,0.0,0.0,0.0,0.0,0.0,0.0,0.0,1216179430094.0,0.0,0.0,1080939208064.0,0.0,0.0,0.0,0.0,0.0,0.0,0.0,0.0,0.0,0.0,0.0,0.0,0.0,0.0,0.0,0.0,0.0,0.0,0.0,0.0,0.0,0.0,0.0,0.0,0.0,0.0,0.0,0.0,0.0,
5. Phải trả dài hạn khác,6106000000.0,21103929349.0,20101951505.0,20258122379.0,19932484269.0,1343903115.0,,,,22032612897.0,,17924000000.0,26261000000.0,35186664674.0,8066341799.0,723206112706.0,732896000000.0,732896112706.0,732896112706.0,526246489164.0,295234000000.0,295234168591.0,295267350096.0,18412903005.0,18418371250.0,18418133500.0,596944750.0,630156260.0,635505635.0,632771510.0,636932135.0,14400865422.0,646679885.0,662609135.0,1235232482709.0,202532885.0,1055067633921.0,1027994664488.0,1026981022748.0,779499895164.0,1173932589509.0,1130273705430.0,1030230860930.0,964371344561.0,914879274810.0,880278345124.0,842466045672.0,828463168311.0,824712848602.0,990625320141.0,976757272912.0,969397185775.0,947205720295.0,951391513874.0,927370532088.0,915589157486.0,953694050680.0,941212558896.0,924226320378.0,904459623752.0,884563799437.0,850744225820.0,850743169820.0,1002679749317.0,988888048547.0,976812367269.0
6. Vay và nợ thuê tài chính dài hạn,718848000000.0,967809082341.0,796817665285.0,812957002323.0,1595715937933.0,2163970240944.0,,,,3148625148519.0,,3691148000000.0,4097244000000.0,4707191374350.0,4482266035492.0,4451349925765.0,3654915000000.0,3558128414214.0,3325400781808.0,4214827913415.0,3808749000000.0,3661594405178.0,3521715009186.0,3178953475435.0,2853409191884.0,2703762382020.0,2564292064881.0,2314483813719.0,2097961959983.0,1944875329935.0,1827999608092.0,1693260394073.0,1743584929204.0,1607826600036.0,1483795424317.0,1376941401345.0,1299712196370.0,1225894672877.0,1143508611250.0,1109140585734.0,1034225234599.0,955777831682.0,921630497441.0,886787106259.0,791029026739.0,778497244543.0,192809024510.0,280734281562.0,334665982916.0,405701724881.0,584273712046.0,575111065085.0,533652212231.0,516137264465.0,473725620270.0,456196851077.0,447633120494.0,458351705480.0,534043674869.0,507688834368.0,486791379095.0,588681735854.0,623765467201.0,633449469309.0,592669812878.0,606153448245.0
7. Trái phiếu chuyển đổi,0.0,0.0,0.0,0.0,0.0,0.0,,,,0.0,,0.0,0.0,0.0,0.0,0.0,0.0,0.0,0.0,0.0,0.0,0.0,0.0,0.0,0.0,0.0,0.0,0.0,0.0,0.0,0.0,0.0,0.0,0.0,0.0,0.0,0.0,0.0,0.0,0.0,0.0,0.0,0.0,0.0,0.0,0.0,0.0,0.0,0.0,0.0,0.0,0.0,0.0,0.0,0.0,0.0,0.0,0.0,0.0,0.0,0.0,0.0,0.0,0.0,0.0,
8. Thuế thu nhập hoãn lại phải trả,0.0,0.0,0.0,0.0,0.0,0.0,,,,0.0,,36496000000.0,50314000000.0,56444938791.0,0.0,47906634340.0,68440000000.0,77489817705.0,123261785414.0,8448518138.0,0.0,0.0,3315447254.0,0.0,39866794237.0,39577766820.0,83270843510.0,21338415241.0,60843646275.0,92055867885.0,102960477241.0,137125920264.0,177738648408.0,269463588769.0,274449670453.0,320129671944.0,361340699851.0,436742201534.0,510480632641.0,293972279012.0,156467260031.0,216912448390.0,128948966782.0,660544386534.0,670369539109.0,686582326369.0,731992313687.0,779213315525.0,782354628208.0,789618130114.0,765156017539.0,775060094795.0,800264201602.0,795161842115.0,808664629265.0,811496618469.0,763033740002.0,835118459081.0,803285697887.0,845898585067.0,754085994659.0,762353545886.0,782769194194.0,749850405889.0,704936839728.0,728763507227.0
9. Dự phòng trợ cấp mất việc làm,15927000000.0,17294273501.0,3142418376.0,4004097109.0,3773616031.0,3446281084.0,,,,4708327764.0,,6497000000.0,6381000000.0,6101125397.0,8431734543.0,8310999519.0,8102000000.0,7656233011.0,9313266512.0,8156864397.0,8675000000.0,7405993051.0,0.0,0.0,0.0,0.0,0.0,0.0,0.0,0.0,0.0,0.0,0.0,0.0,0.0,0.0,0.0,0.0,0.0,0.0,0.0,0.0,0.0,0.0,0.0,0.0,0.0,0.0,0.0,0.0,0.0,0.0,0.0,0.0,0.0,0.0,0.0,0.0,0.0,0.0,0.0,0.0,0.0,0.0,0.0,
10. Dự phòng phải trả dài hạn,0.0,0.0,0.0,0.0,0.0,0.0,,,,110314924.0,,0.0,0.0,0.0,0.0,0.0,0.0,0.0,0.0,230772736342.0,229687000000.0,229687321380.0,143929932397.0,143929932397.0,143929932397.0,143929932397.0,875639176417.0,875639176417.0,875639176417.0,875639176417.0,868164635769.0,1157936210670.0,1322223358623.0,1312435287821.0,1271110020004.0,1284717059773.0,1190563285572.0,1290456282399.0,1168770117421.0,1359472141479.0,1360760244236.0,1287701461561.0,1092777270122.0,1471818816370.0,1450093977953.0,1453856217721.0,1428123869884.0,1421039372528.0,1803649294010.0,1798670826153.0,1615284452020.0,1578449086813.0,1577957060658.0,1579255439298.0,1294839742407.0,1126181428699.0,1111867978904.0,1128699810643.0,1088089864739.0,1090130126179.0,1080848735523.0,1075917477731.0,1245611187368.0,1345126390517.0,1322093510758.0,1324298045068.0
11. Doanh thu chưa thực hiện dài hạn,0.0,0.0,0.0,0.0,0.0,0.0,,,,0.0,,0.0,0.0,0.0,0.0,0.0,0.0,0.0,0.0,0.0,0.0,0.0,0.0,0.0,0.0,0.0,62799557152.0,62706494819.0,10112975382.0,9922725382.0,28979619499.0,0.0,6356575746.0,229685250740.0,226141693908.0,219903981330.0,218603031384.0,217302081438.0,211887162632.0,210586212686.0,209285262740.0,273267063086.0,259939022232.0,326291503820.0,307717826600.0,297780513004.0,287843199421.0,293649885838.0,283712572255.0,272345258672.0,256141945089.0,251901281506.0,243383967923.0,232374419840.0,222072690757.0,204045477174.0,193174713604.0,190940313658.0,187553913712.0,186208513766.0,185307613820.0,184406713874.0,182353813928.0,189587263982.0,188686364036.0,187785464090.0
12. Quỹ phát triển khoa học và công nghệ,0.0,0.0,0.0,0.0,0.0,0.0,,,,0.0,,0.0,0.0,0.0,0.0,0.0,0.0,0.0,0.0,0.0,0.0,0.0,0.0,0.0,0.0,0.0,0.0,0.0,0.0,0.0,29803146098.0,29803146098.0,36482436756.0,36558627232.0,48011377818.0,48011377818.0,56821754790.0,56821754794.0,61883884794.0,64733884794.0,63935384794.0,63713484794.0,63252382994.0,63114982994.0,61909116327.0,61543266393.0,60973116327.0,60651116327.0,60552266327.0,60298016327.0,59930816327.0,30820559996.0,30692559996.0,30539659996.0,38596359996.0,10535090476.0,10345871840.0,10345871840.0,8410271840.0,7935955173.0,7315855173.0,5041621840.0,5560621840.0,5372221840.0,5254885279.0,3660360279.0
B. Nguồn vốn chủ sở hữu,980749000000.0,1231649046855.0,1309828133113.0,1211327614989.0,1327178419889.0,1435965673164.0,2316836000000.0,2431594000000.0,2487877000000.0,2632519903169.0,3581133000000.0,3295226000000.0,3515730000000.0,3687377502427.0,4142399368773.0,4835160769887.0,5659793000000.0,6018077036472.0,6710531558713.0,7712015621705.0,7266268000000.0,7627807252799.0,7833440396727.0,8891424573323.0,8711206047315.0,9216274246673.0,9640545191531.0,9930239884032.0,9861826739698.0,10148541688167.0,10728012201202.0,11037488583351.0,10836080647947.0,11508877450301.0,11848886939608.0,12119790808346.0,11779745831136.0,11822922423330.0,11700704433450.0,12027784248522.0,12005862595045.0,11996673269732.0,12060448847459.0,12015188301627.0,11881407229816.0,11978396365788.0,12154722915123.0,13065716174656.0,13036117076379.0,12977872304341.0,12530929700767.0,12961675382541.0,13035872881341.0,13232413840879.0,12908956002969.0,13037667053510.0,12924558000371.0,13087771914906.0,12521304424020.0,12779110620247.0,12604062761419.0,12893879051462.0,12838458999570.0,13140207572170.0,13132662502577.0,13399461264201.0
I. Vốn chủ sở hữu,980494000000.0,1231393718990.0,1309609280658.0,1211108762534.0,1326959567434.0,1435746820709.0,2316654000000.0,2431421000000.0,2487713000000.0,2632364882682.0,3580987000000.0,3295089000000.0,3515602000000.0,3687258957348.0,4142289942546.0,4835060462512.0,5659702000000.0,6017994966801.0,6710458607894.0,7710828889738.0,7266213000000.0,7627761658536.0,7833403921316.0,8891397216764.0,8711187809608.0,9216265127818.0,9640545191531.0,9930239884032.0,9861826739698.0,10148541688167.0,10728012201202.0,11037488583351.0,10836080647947.0,11508877450301.0,11848886939608.0,12119790808346.0,11779745831136.0,11822922423330.0,11700704433450.0,12027784248522.0,12005862595045.0,11996673269732.0,12060448847459.0,12015188301627.0,11881407229816.0,11978396365788.0,12154722915123.0,13065716174656.0,13036117076379.0,12977872304341.0,12530929700767.0,12961675382541.0,13035872881341.0,13232413840879.0,12908956002969.0,13037667053510.0,12924558000371.0,13087771914906.0,12521304424020.0,12779110620247.0,12604062761419.0,12893879051462.0,12838458999570.0,13140207572170.0,13132662502577.0,13399461264201.0
1. Vốn đầu tư của chủ sở hữu,364042000000.0,708927094007.0,1000000000000.0,1000000000000.0,1000000000000.0,1000000000000.0,1750000000000.0,1750000000000.0,1750000000000.0,1750000000000.0,2000000000000.0,2000000000000.0,2000000000000.0,2000000000000.0,2000000000000.0,2978020940000.0,2978021000000.0,2978020940000.0,2978020940000.0,2978020940000.0,2978021000000.0,2978020940000.0,2978020940000.0,4467004210000.0,4467004210000.0,4467004210000.0,4467004210000.0,4467004210000.0,4467004210000.0,4467004210000.0,4467004210000.0,4467004210000.0,4467004210000.0,4467004210000.0,4467004210000.0,4467004210000.0,4467004210000.0,4467004210000.0,4467004210000.0,4467004210000.0,4467004210000.0,4467004210000.0,4467004210000.0,4467004210000.0,4467004210000.0,4467004210000.0,4779662900000.0,4779662900000.0,4779662900000.0,4779662900000.0,4779662900000.0,4779662900000.0,4779662900000.0,4779662900000.0,4779662900000.0,4779662900000.0,4779662900000.0,4779662900000.0,4779662900000.0,4779662900000.0,4779662900000.0,4779662900000.0,4779662900000.0,4779662900000.0,4779662900000.0,4779662900000.0
2. Thặng dư vốn cổ phần,0.0,0.0,0.0,0.0,0.0,0.0,0.0,0.0,0.0,0.0,486293000000.0,486293000000.0,486293000000.0,486293000000.0,486293000000.0,486293000000.0,486293000000.0,486293000000.0,486293000000.0,486293000000.0,486222000000.0,486222151515.0,486222151515.0,39546211516.0,39546211515.0,39546211515.0,39546211515.0,39545660000.0,39545660000.0,39545660000.0,39545660000.0,39545660000.0,39545660000.0,39545660000.0,39545660000.0,39545660000.0,39617060000.0,39617060000.0,39617060000.0,39617060000.0,39617060000.0,39617060000.0,39617060000.0,39617060000.0,39617060000.0,39617060000.0,39617060000.0,39617060000.0,39617060000.0,39617060000.0,39617060000.0,39617060000.0,39617060000.0,39617060000.0,39617060000.0,39617060000.0,39617060000.0,39617060000.0,39617060000.0,39617060000.0,39617060000.0,39617060000.0,39617060000.0,39617060000.0,39617060000.0,39617060000.0
3. Quyền chọn chuyển đổi trái phiếu,0.0,0.0,0.0,0.0,0.0,0.0,0.0,0.0,0.0,0.0,0.0,0.0,0.0,0.0,0.0,0.0,0.0,0.0,0.0,0.0,0.0,0.0,0.0,0.0,0.0,0.0,0.0,0.0,0.0,0.0,0.0,0.0,0.0,0.0,0.0,0.0,0.0,0.0,0.0,0.0,0.0,0.0,0.0,0.0,0.0,0.0,0.0,0.0,0.0,0.0,0.0,0.0,0.0,0.0,0.0,0.0,0.0,0.0,0.0,0.0,0.0,0.0,0.0,0.0,0.0,0.0
4. Vốn khác của chủ sở hữu,0.0,0.0,22585301970.0,0.0,0.0,0.0,0.0,0.0,0.0,0.0,0.0,0.0,0.0,0.0,0.0,0.0,0.0,0.0,0.0,0.0,0.0,1864265704.0,1864265704.0,11987400597.0,1864265704.0,1864265704.0,0.0,0.0,0.0,0.0,0.0,0.0,0.0,0.0,0.0,0.0,0.0,0.0,0.0,0.0,0.0,0.0,0.0,0.0,0.0,0.0,0.0,0.0,0.0,0.0,0.0,0.0,0.0,0.0,0.0,0.0,0.0,0.0,0.0,0.0,0.0,0.0,0.0,0.0,0.0,0.0
5. Cổ phiếu quỹ,0.0,0.0,0.0,0.0,0.0,0.0,0.0,0.0,0.0,0.0,0.0,0.0,0.0,0.0,0.0,0.0,0.0,0.0,0.0,0.0,0.0,0.0,0.0,0.0,0.0,0.0,0.0,0.0,0.0,0.0,0.0,0.0,0.0,0.0,0.0,0.0,0.0,0.0,0.0,0.0,0.0,0.0,0.0,0.0,0.0,0.0,0.0,0.0,0.0,0.0,0.0,0.0,0.0,0.0,0.0,0.0,0.0,0.0,0.0,0.0,0.0,0.0,0.0,0.0,0.0,0.0
6. Chênh lệch đánh giá lại tài sản,308364000000.0,0.0,0.0,0.0,0.0,0.0,0.0,0.0,55000000.0,0.0,38000000.0,0.0,0.0,0.0,0.0,0.0,79258000000.0,79258127167.0,59443595375.0,0.0,0.0,0.0,0.0,0.0,0.0,0.0,0.0,0.0,0.0,0.0,0.0,0.0,0.0,0.0,0.0,0.0,0.0,0.0,0.0,0.0,0.0,0.0,0.0,0.0,0.0,0.0,0.0,0.0,0.0,0.0,0.0,0.0,0.0,0.0,0.0,0.0,0.0,0.0,0.0,0.0,0.0,0.0,0.0,0.0,0.0,0.0
7. Chênh lệch tỷ giá hối đoái,0.0,0.0,104051986.0,1623966668.0,22318865835.0,30767142563.0,83693000000.0,577000000.0,577000000.0,10070134086.0,64168000000.0,23880000000.0,-27304000000.0,-39851313490.0,15765723525.0,-421113687.0,-126447000000.0,-166834402662.0,-16523774263.0,10233205787.0,-1284000000.0,3643001600.0,0.0,0.0,0.0,0.0,0.0,0.0,0.0,0.0,0.0,0.0,0.0,0.0,0.0,0.0,0.0,0.0,0.0,0.0,0.0,0.0,0.0,0.0,0.0,0.0,0.0,441238614856.0,454493267385.0,436721060322.0,276487401571.0,471960392366.0,393670028655.0,386608370694.0,360428356977.0,356875085412.0,356790800485.0,281001328089.0,270642882342.0,278891370402.0,347136700276.0,438094005250.0,394172327471.0,364235515767.0,380958192377.0,513930773318.0
8. Quỹ đầu tư phát triển,182700000000.0,183812180199.0,16156889435.0,15885644502.0,120432268821.0,121131865427.0,121132000000.0,121132000000.0,350719000000.0,350719075896.0,350019000000.0,394085000000.0,394085000000.0,394084760182.0,394540442529.0,691169577842.0,691158000000.0,691158340055.0,691201606047.0,693065245896.0,1041359000000.0,1031616424102.0,1031627686108.0,1034961097223.0,1130228609965.0,1130228609964.0,1129645527689.0,1132043956450.0,1554533746267.0,1555192138476.0,1555723426969.0,1848165524522.0,2396068988480.0,2418539906052.0,2418539906052.0,2614699443424.0,2626119682700.0,2626119682698.0,2626119682698.0,2626267975540.0,2728613621181.0,2728613621180.0,2728613621180.0,2733991187687.0,2767344942048.0,2767344942048.0,2767344942048.0,2767344942049.0,2984495208487.0,2984302015949.0,2984302015949.0,2984495208487.0,2995104942631.0,2995104942630.0,2995104942630.0,2995104942632.0,3081668462592.0,3081668462589.0,3081668462589.0,3081668462592.0,3214152180685.0,3214152180685.0,3214094269215.0,3214094269215.0,3451157842825.0,3451157842825.0
9. Quỹ dự phòng tài chính,83104000000.0,82782089358.0,16156889435.0,15885644502.0,15885644502.0,16128982452.0,41700000000.0,42196000000.0,42196000000.0,42195885139.0,41953000000.0,69819000000.0,69701000000.0,69700796144.0,69841699389.0,107327908164.0,107027000000.0,107146530405.0,107900758834.0,109617106161.0,170202000000.0,179944773343.0,179945435814.0,171077977360.0,213709031335.0,213709031335.0,213347636320.0,234298065774.0,291688817706.0,292018013810.0,292283658057.0,0.0,0.0,0.0,0.0,0.0,0.0,0.0,0.0,0.0,0.0,0.0,0.0,0.0,0.0,0.0,0.0,0.0,0.0,0.0,0.0,0.0,0.0,0.0,0.0,0.0,0.0,0.0,0.0,0.0,0.0,0.0,0.0,0.0,0.0,0.0
10. Quỹ khác thuộc vốn chủ sở hữu,42284000000.0,0.0,0.0,0.0,0.0,0.0,0.0,0.0,0.0,0.0,0.0,0.0,0.0,0.0,455016957.0,250162387.0,250000000.0,250162387.0,334874417.0,5107694315.0,2114000000.0,250162387.0,250162387.0,194468349.0,194468349.0,194468349.0,0.0,0.0,0.0,0.0,0.0,0.0,0.0,0.0,0.0,0.0,0.0,0.0,0.0,0.0,0.0,0.0,0.0,0.0,0.0,0.0,0.0,0.0,0.0,0.0,0.0,0.0,0.0,0.0,0.0,0.0,0.0,0.0,0.0,0.0,0.0,0.0,0.0,0.0,0.0,0.0
11. Lợi nhuận sau thuế chưa phân phối,0.0,213588612729.0,254606147832.0,177713506862.0,168322788276.0,267718830267.0,320129000000.0,413991000000.0,237187000000.0,372834534508.0,532822000000.0,201611000000.0,419762000000.0,613562623883.0,966263381223.0,321750541896.0,664867000000.0,913296825538.0,1448044046546.0,1875002275341.0,1037841000000.0,1335698953288.0,1541217471140.0,1571907095717.0,1297220347966.0,1782170581039.0,2367137980396.0,2659285996332.0,1997281533135.0,2352187705010.0,2943090408159.0,3320262928729.0,2557714163145.0,2899634337163.0,3299841190750.0,3412926761765.0,3086338707028.0,3194774126320.0,3137262768266.0,3444546466729.0,3333502619449.0,3366500894792.0,3489283095421.0,3523531151467.0,3446148330754.0,3583008141828.0,3734907785392.0,4191528091354.0,4039073161698.0,3990384533863.0,3745518296627.0,3964823546597.0,4135175968593.0,4318531848528.0,3995180167864.0,4111524740521.0,3957600121826.0,4179367483886.0,3621743878734.0,3837084136497.0,3507270243814.0,3707881895114.0,3680035941133.0,4002059666169.0,3770977106553.0,3905093032709.0
LNST chưa phân phối lũy kế đến cuối kỳ trước,0.0,,,,,,,,,,,,,,,,,,,,,,,,,,,,,,,,1392141667833.0,1027818520004.0,1190438421192.0,3130029008930.0,2403091035059.0,2390099035059.0,2390099035058.0,3188753401093.0,2780420783673.0,2705386848749.0,2705604032612.0,3272906838465.0,2962390533979.0,2878779358193.0,2722386843738.0,3825881002675.0,3458291229159.0,3356967778227.0,3029073948024.0,3856690802067.0,3767994997101.0,3767994997102.0,3379724046822.0,3970850786925.0,3669407450356.0,3673208517421.0,3035884533421.0,3620836912037.0,3295899712349.0,3308586512348.0,2928678969182.0,3790999491749.0,3341730237486.0,3341730537486.0
LNST chưa phân phối kỳ này,0.0,,,,,,,,,,,,,,,,,,,,,,,,,,,,,,,,1165572495312.0,1871815817159.0,2109402769558.0,282897752835.0,683247671969.0,804675091261.0,747163733208.0,255793065636.0,553081835776.0,661114046043.0,783679062809.0,250624313002.0,483757796775.0,704228783635.0,1012520941654.0,365647088679.0,580781932539.0,633416755636.0,716444348603.0,108132744530.0,367180971492.0,550536851426.0,615456121042.0,140673953596.0,288192671470.0,506158966465.0,585859345313.0,216247224460.0,211370531465.0,399295382766.0,751356971951.0,211060174420.0,429246869067.0,563362495223.0
12. Nguồn vốn đầu tư xây dựng cơ bản,0.0,42283742697.0,0.0,0.0,0.0,0.0,0.0,0.0,0.0,0.0,0.0,0.0,0.0,0.0,0.0,0.0,0.0,0.0,0.0,0.0,0.0,0.0,0.0,0.0,0.0,0.0,0.0,0.0,0.0,0.0,0.0,0.0,0.0,0.0,0.0,0.0,0.0,0.0,0.0,0.0,0.0,0.0,0.0,0.0,0.0,0.0,0.0,0.0,0.0,0.0,0.0,0.0,0.0,0.0,0.0,0.0,0.0,0.0,0.0,0.0,0.0,0.0,0.0,0.0,0.0,0.0
13. Quỹ hỗ trợ sắp xếp doanh nghiệp,0.0,0.0,0.0,0.0,0.0,0.0,0.0,0.0,0.0,0.0,0.0,0.0,0.0,0.0,0.0,0.0,0.0,0.0,0.0,0.0,0.0,0.0,0.0,0.0,0.0,0.0,0.0,0.0,0.0,0.0,0.0,0.0,0.0,0.0,0.0,0.0,0.0,0.0,0.0,0.0,0.0,0.0,0.0,0.0,0.0,0.0,0.0,0.0,0.0,0.0,0.0,0.0,0.0,0.0,0.0,0.0,0.0,0.0,0.0,0.0,0.0,0.0,0.0,0.0,0.0,0.0
14. Lợi ích của cổ đông không kiểm soát,0.0,0.0,0.0,0.0,0.0,0.0,0.0,103525000000.0,106979000000.0,106545253053.0,105694000000.0,119401000000.0,173065000000.0,163469090629.0,209130678923.0,250669445910.0,779275000000.0,929405443911.0,955743560938.0,1553489422238.0,1551738000000.0,1610500986597.0,1614255808648.0,1594718756002.0,1561420664774.0,1581547749912.0,1423863625611.0,1398061995476.0,1511772772590.0,1442593960871.0,1430364838017.0,1362510260100.0,1375747626322.0,1684153337086.0,1623955972806.0,1585614733157.0,1560666171408.0,1495407344312.0,1430700712486.0,1450348536253.0,1437125084415.0,1394937483760.0,1335930860858.0,1251044692473.0,1161292687014.0,1121422011912.0,833190227683.0,846324566397.0,738775478809.0,747184734207.0,705342026620.0,721116275091.0,692641981462.0,712888719027.0,738962575498.0,754882324945.0,709218655468.0,726454680342.0,727969240355.0,762186690756.0,716223676644.0,714471010413.0,730876501751.0,740538161019.0,710289400822.0,709999655349.0
II. Nguồn kinh phí và quỹ khác,255000000.0,255327865.0,218852455.0,218852455.0,218852455.0,218852455.0,182000000.0,173000000.0,164000000.0,155020487.0,146000000.0,137000000.0,128000000.0,118545079.0,109426227.0,100307375.0,91000000.0,82069671.0,72950819.0,1186731967.0,55000000.0,45594263.0,36475411.0,27356559.0,18237707.0,9118855.0,0.0,0.0,0.0,0.0,0.0,0.0,0.0,0.0,0.0,0.0,0.0,0.0,0.0,0.0,0.0,0.0,0.0,0.0,0.0,0.0,0.0,0.0,0.0,0.0,0.0,0.0,0.0,0.0,0.0,0.0,0.0,0.0,0.0,0.0,0.0,0.0,0.0,0.0,0.0,0.0
1. Nguồn kinh phí ,0.0,0.0,218852455.0,0.0,0.0,0.0,0.0,173000000.0,164000000.0,0.0,0.0,0.0,0.0,0.0,0.0,0.0,91000000.0,0.0,0.0,0.0,0.0,0.0,0.0,0.0,0.0,0.0,0.0,0.0,0.0,0.0,0.0,0.0,0.0,0.0,0.0,0.0,0.0,0.0,0.0,0.0,0.0,0.0,0.0,0.0,0.0,0.0,0.0,0.0,0.0,0.0,0.0,0.0,0.0,0.0,0.0,0.0,0.0,0.0,0.0,0.0,0.0,0.0,0.0,0.0,0.0,0.0
2. Nguồn kinh phí đã hình thành tài sản cố định,255000000.0,255327865.0,0.0,218852455.0,218852455.0,218852455.0,182000000.0,0.0,0.0,155020487.0,146000000.0,137000000.0,128000000.0,118545079.0,109426227.0,100307375.0,0.0,82069671.0,72950819.0,1186731967.0,55000000.0,45594263.0,36475411.0,27356559.0,18237707.0,9118855.0,0.0,0.0,0.0,0.0,0.0,0.0,0.0,0.0,0.0,0.0,0.0,0.0,0.0,0.0,0.0,0.0,0.0,0.0,0.0,0.0,0.0,0.0,0.0,0.0,0.0,0.0,0.0,0.0,0.0,0.0,0.0,0.0,0.0,0.0,0.0,0.0,0.0,0.0,0.0,0.0
3. Quỹ dự phòng trợ cấp mất việc làm,0.0,0.0,0.0,0.0,0.0,0.0,0.0,0.0,0.0,0.0,0.0,0.0,0.0,0.0,0.0,0.0,0.0,0.0,0.0,0.0,0.0,0.0,0.0,0.0,0.0,0.0,0.0,0.0,0.0,0.0,0.0,0.0,0.0,0.0,0.0,0.0,0.0,0.0,0.0,0.0,0.0,0.0,0.0,0.0,0.0,0.0,0.0,0.0,0.0,0.0,0.0,0.0,0.0,0.0,0.0,0.0,0.0,0.0,0.0,0.0,0.0,0.0,0.0,0.0,0.0,0.0
TỔNG CỘNG NGUỒN VỐN,4669663000000.0,4821827725113.0,4821018207542.0,4591043552211.0,6040581329819.0,6896782810463.0,7985468000000.0,8405646000000.0,9250471000000.0,10334740863731.0,12299877000000.0,12616856000000.0,16145041000000.0,16384754117999.0,17159104973701.0,18121153538603.0,22570579000000.0,22774077678104.0,22630323212229.0,24830668719369.0,22918756000000.0,22443786125200.0,20655207094861.0,22012461849627.0,24186531626974.0,25626334812310.0,23821195001538.0,24158024234944.0,26227775379409.0,26948629014821.0,26226490613902.0,25881229982106.0,27350601198289.0,27808129396973.0,26513871521405.0,25938545758743.0,25782532551003.0,25842295251308.0,25522979053880.0,23995720257310.0,24764134240225.0,24220068462029.0,23135067928218.0,22795194236168.0,23852703768131.0,23820418780482.0,22542638334754.0,23978646024256.0,25866763705825.0,26031281903495.0,25075058016760.0,25428382917273.0,27188329223579.0,27066034399941.0,26370657421418.0,24600708837871.0,24567304169609.0,24882526870634.0,24692997203101.0,24645109050176.0,25043284910894.0,25176867800867.0,25776564813626.0,25634511609792.0,27057180912469.0,28564169137652.0
